{
"type": "FeatureCollection",
"name": "batas_kecamatan",
"crs": { "type": "name", "properties": { "name": "urn:ogc:def:crs:OGC:1.3:CRS84" } },
"features": [
{ "type": "Feature", "properties": { "Kecamatan": "Banjarsari" }, "geometry": { "type": "Polygon", "coordinates": [ [ [ 110.813799550512073, -7.523152801497356 ], [ 110.813777828366113, -7.523250035464219 ], [ 110.813892163603128, -7.52324325358906 ], [ 110.814022069779881, -7.523303551323576 ], [ 110.814191105714968, -7.523396963856025 ], [ 110.814554031716028, -7.523232012474615 ], [ 110.814625094885017, -7.523251830917742 ], [ 110.814744323801534, -7.52332430126215 ], [ 110.814806415452693, -7.52329444498559 ], [ 110.814852295530144, -7.523256556501032 ], [ 110.814914427675248, -7.523240189189289 ], [ 110.815055734539385, -7.523235147028957 ], [ 110.815193543710592, -7.52320609693744 ], [ 110.815291180022413, -7.523190513418785 ], [ 110.815381157152459, -7.523176876908876 ], [ 110.815444446762555, -7.523203420146776 ], [ 110.815498045937744, -7.523197527711576 ], [ 110.815592066300638, -7.523199646869455 ], [ 110.815604344565486, -7.523199923404063 ], [ 110.815707195564642, -7.523536453516125 ], [ 110.815818792430164, -7.523918963005591 ], [ 110.815980761000503, -7.524474130994893 ], [ 110.816211748654894, -7.525223427094521 ], [ 110.816231821623248, -7.525294071652032 ], [ 110.816352560049353, -7.52571900559137 ], [ 110.816446784148937, -7.526050620988832 ], [ 110.816779924685932, -7.527215697653788 ], [ 110.817049188223947, -7.528094695815648 ], [ 110.817058893701088, -7.528126378846773 ], [ 110.817093064739794, -7.528237928518119 ], [ 110.81716276700098, -7.528468524599306 ], [ 110.817212459459412, -7.528632922152983 ], [ 110.817261504897175, -7.528623822724497 ], [ 110.817414357763283, -7.528584255378212 ], [ 110.817489160736272, -7.528559124089748 ], [ 110.817508393402136, -7.528552662608196 ], [ 110.817580500191227, -7.528552445683558 ], [ 110.817657466370704, -7.528552214486888 ], [ 110.817810355073149, -7.528524372969393 ], [ 110.817835321998956, -7.528519664202254 ], [ 110.817849348859156, -7.528517925115671 ], [ 110.817916133716892, -7.528509647100585 ], [ 110.817986831571105, -7.52878841006802 ], [ 110.818260436072009, -7.528724233961947 ], [ 110.818206982301732, -7.528473077553788 ], [ 110.818206894550002, -7.528472664128418 ], [ 110.818257967521731, -7.528468203164087 ], [ 110.818262126208907, -7.528468260972246 ], [ 110.818294966060336, -7.528468716925888 ], [ 110.818311160285432, -7.528468942546781 ], [ 110.818492745720917, -7.528471466471455 ], [ 110.818493173581331, -7.528471407851558 ], [ 110.818696638456473, -7.528443451282948 ], [ 110.818802915801413, -7.528384561533889 ], [ 110.818810192499754, -7.528380529251318 ], [ 110.818888352231369, -7.528282474401197 ], [ 110.819009707306662, -7.528207782547612 ], [ 110.819119529424924, -7.528199634286892 ], [ 110.819120852707471, -7.528199894444978 ], [ 110.819335412140219, -7.528242021084033 ], [ 110.819437567532972, -7.528304293153901 ], [ 110.819516953067406, -7.528384856200243 ], [ 110.819556515827557, -7.528425004692691 ], [ 110.81967633137063, -7.528478373050242 ], [ 110.819811087425137, -7.528510381550622 ], [ 110.819831675925371, -7.528515271986167 ], [ 110.819850026663914, -7.528519630517537 ], [ 110.820014757687673, -7.52852935721898 ], [ 110.820456638233424, -7.528555448121376 ], [ 110.821292471231544, -7.528604798546933 ], [ 110.821525975695948, -7.52863990061641 ], [ 110.821801392116086, -7.528698753746447 ], [ 110.821851969346739, -7.528707423820981 ], [ 110.821855968249039, -7.528708109302516 ], [ 110.822040910244809, -7.528739811876445 ], [ 110.822492043986784, -7.528828431165877 ], [ 110.823066756871555, -7.528898309254246 ], [ 110.823426072979757, -7.52898675934222 ], [ 110.823755567822019, -7.529063359020859 ], [ 110.823984612130261, -7.529116607313071 ], [ 110.82416772453702, -7.529159176684842 ], [ 110.824402836959578, -7.529213834708377 ], [ 110.824403516263018, -7.529212879753364 ], [ 110.824485736428059, -7.529097334720126 ], [ 110.824565005526523, -7.528956179170819 ], [ 110.824722288206303, -7.528669233401997 ], [ 110.824726679576301, -7.528669975097863 ], [ 110.824727310411063, -7.52867008118502 ], [ 110.82484307400199, -7.528689627317197 ], [ 110.824909860928955, -7.528739246225745 ], [ 110.82500217535538, -7.528837319636194 ], [ 110.825026766388305, -7.528863444429975 ], [ 110.82524369970632, -7.529012250665616 ], [ 110.825398006192188, -7.529098990916998 ], [ 110.825633482899789, -7.529281277109486 ], [ 110.825681018837003, -7.529318075893646 ], [ 110.826179292419397, -7.529656503921886 ], [ 110.82662740813177, -7.529963286831701 ], [ 110.826835096512426, -7.530103942973058 ], [ 110.827122675927669, -7.530298704920869 ], [ 110.827123037878593, -7.530295703695983 ], [ 110.827124179205242, -7.530286242330066 ], [ 110.82712986036789, -7.530239161633245 ], [ 110.827163114599585, -7.529953635950558 ], [ 110.827186536785391, -7.529752527315209 ], [ 110.827186284192805, -7.529669370873947 ], [ 110.827185733161983, -7.529488357782896 ], [ 110.827192082704698, -7.52931677937785 ], [ 110.827194676572788, -7.529246700541545 ], [ 110.827218205070835, -7.528912005738504 ], [ 110.827218483098179, -7.528908052871079 ], [ 110.827222343588716, -7.528853133340281 ], [ 110.827227016463269, -7.528854892765042 ], [ 110.827374092405378, -7.528910254418269 ], [ 110.827499224170381, -7.528957356788585 ], [ 110.827570440233643, -7.528984164655694 ], [ 110.827980999913351, -7.529125555858048 ], [ 110.82810569382687, -7.529168498666187 ], [ 110.828200246567206, -7.529201061424485 ], [ 110.828843146658841, -7.529414192160945 ], [ 110.829606368376119, -7.529669456677595 ], [ 110.829689208468324, -7.529697162441999 ], [ 110.830248933394074, -7.529880780626635 ], [ 110.830249478092213, -7.529880959942868 ], [ 110.830705058179134, -7.530030412229298 ], [ 110.830850079483696, -7.530077986290191 ], [ 110.831236242900758, -7.530209649058531 ], [ 110.832023976955554, -7.53047822691433 ], [ 110.832039762298535, -7.530483608835342 ], [ 110.833108785278696, -7.530810518884279 ], [ 110.834158342782288, -7.53113147323593 ], [ 110.83406752799381, -7.531459330679483 ], [ 110.834064882468823, -7.531546524953105 ], [ 110.834111002802359, -7.531587598213564 ], [ 110.834156466232926, -7.531594615908596 ], [ 110.834351323896072, -7.531624696994954 ], [ 110.834920438227428, -7.531711222454019 ], [ 110.83515648130215, -7.531735716691857 ], [ 110.835308563468814, -7.531789360724217 ], [ 110.835316970486332, -7.531792326357255 ], [ 110.835333627728787, -7.531798201480497 ], [ 110.835242121204928, -7.532061113383594 ], [ 110.835220874746568, -7.532122156739998 ], [ 110.83514164117733, -7.532399774330504 ], [ 110.835112525051542, -7.532513336859573 ], [ 110.835125582504773, -7.532651984561659 ], [ 110.835124726526516, -7.532777461889911 ], [ 110.83512465940845, -7.532777571317808 ], [ 110.835129455392433, -7.532777573123274 ], [ 110.834813755734999, -7.533293214647362 ], [ 110.834747347916192, -7.533379300283778 ], [ 110.834684266441698, -7.533442202995929 ], [ 110.834604581198718, -7.533534906869547 ], [ 110.834528208478957, -7.533640859429479 ], [ 110.834362172606603, -7.533895815274 ], [ 110.834252565186972, -7.534127609148049 ], [ 110.834248298071572, -7.534126486768736 ], [ 110.834247768281884, -7.534127607332313 ], [ 110.834062979909476, -7.534079004370955 ], [ 110.833727877430235, -7.534965327447043 ], [ 110.833677956427223, -7.535329620112115 ], [ 110.833609685423895, -7.535529442041635 ], [ 110.833749691606343, -7.535636672470219 ], [ 110.833662778922474, -7.536001874639146 ], [ 110.833774197087138, -7.536521938775179 ], [ 110.833744194562996, -7.536837900497325 ], [ 110.83355830117641, -7.537211544465197 ], [ 110.83352662743296, -7.537265140936444 ], [ 110.83320562966361, -7.537375981594696 ], [ 110.832966247409828, -7.538015156277723 ], [ 110.832930097566347, -7.538099241377127 ], [ 110.832925685340186, -7.538098232000404 ], [ 110.832925301524341, -7.538099239546293 ], [ 110.832738407326318, -7.538056492296756 ], [ 110.83250746148903, -7.538721048561315 ], [ 110.832382183201901, -7.539081539169147 ], [ 110.832076562332588, -7.539833229209636 ], [ 110.831895902610384, -7.540197969772111 ], [ 110.8317622682126, -7.540467768263601 ], [ 110.831480053329543, -7.54103753855222 ], [ 110.831282741503358, -7.541435896216406 ], [ 110.831664590271444, -7.541546577379513 ], [ 110.832049307866356, -7.541658090615233 ], [ 110.832112365770698, -7.541658114820048 ], [ 110.832225203919364, -7.541664781380016 ], [ 110.832484056996464, -7.541707935450599 ], [ 110.832467358890625, -7.541979507536649 ], [ 110.83242751733647, -7.542019235512243 ], [ 110.832377663132235, -7.542204684241883 ], [ 110.832297976133773, -7.54229407507358 ], [ 110.83220168903469, -7.542400020409319 ], [ 110.832098752378485, -7.542535769691213 ], [ 110.832101736449943, -7.543403495089359 ], [ 110.83258954396662, -7.543572590824635 ], [ 110.833196886063604, -7.543596006134949 ], [ 110.833847284782308, -7.54385127220297 ], [ 110.834212326193224, -7.543937520479179 ], [ 110.834647051479777, -7.54405691477345 ], [ 110.834672286384404, -7.544064570653759 ], [ 110.835135671795953, -7.544205155834141 ], [ 110.835154268138666, -7.544501571807348 ], [ 110.835488977166335, -7.545163974173261 ], [ 110.835475527442441, -7.545484265076424 ], [ 110.835230762063389, -7.546123445949206 ], [ 110.835230477613962, -7.54612775521854 ], [ 110.835197024193803, -7.546633426771288 ], [ 110.835899694030928, -7.546756283085589 ], [ 110.835849206852885, -7.547076973466468 ], [ 110.835787423741891, -7.547355207168905 ], [ 110.835885932567749, -7.547629953339671 ], [ 110.836096085967952, -7.547592944777182 ], [ 110.836152400914671, -7.547611362150622 ], [ 110.836229123133023, -7.547680797733183 ], [ 110.83620658383704, -7.547750241347639 ], [ 110.835984163520124, -7.547903922356643 ], [ 110.83604681660276, -7.548078663753671 ], [ 110.836257746090226, -7.548099644744253 ], [ 110.836260606093234, -7.548268111313172 ], [ 110.836260981216697, -7.548290214646474 ], [ 110.8361817190236, -7.548307279529329 ], [ 110.83607074870072, -7.548426904526354 ], [ 110.836070688980456, -7.548585464040458 ], [ 110.836171212570051, -7.548607002479947 ], [ 110.836195175370051, -7.548664451719824 ], [ 110.836238336335342, -7.54869079452811 ], [ 110.836259891604868, -7.548769783411526 ], [ 110.836370212396986, -7.548784184793053 ], [ 110.836434882825188, -7.549013970033664 ], [ 110.836441303324264, -7.549100986738458 ], [ 110.836419669575832, -7.549139018565405 ], [ 110.836380631628572, -7.549128435849139 ], [ 110.836249984992406, -7.549602665236825 ], [ 110.836233106064256, -7.549841993008811 ], [ 110.836088107567022, -7.549820757212544 ], [ 110.836091644433836, -7.549903135101228 ], [ 110.836085633434536, -7.550002187887209 ], [ 110.836092207181366, -7.550086499077877 ], [ 110.836045478758649, -7.550746695296457 ], [ 110.836046013272835, -7.550778787863551 ], [ 110.836019878157117, -7.550775052128563 ], [ 110.83600292257789, -7.551181170054186 ], [ 110.83600474007028, -7.551313440709026 ], [ 110.836038291552725, -7.55145317512818 ], [ 110.836142316882899, -7.551750821589942 ], [ 110.836206294206548, -7.551963572606177 ], [ 110.836282877057357, -7.552166896376189 ], [ 110.83644169309558, -7.552575909633956 ], [ 110.836468603876682, -7.552802534605446 ], [ 110.836485007474138, -7.553408138250158 ], [ 110.836465330928959, -7.553978121750653 ], [ 110.838241747339907, -7.554124849756256 ], [ 110.838771069470539, -7.554131817095011 ], [ 110.839130742595131, -7.554121792294502 ], [ 110.839076255162638, -7.554656749916795 ], [ 110.839069339210255, -7.554694459832667 ], [ 110.838908780958548, -7.554712201688087 ], [ 110.83868225222227, -7.554741925489673 ], [ 110.838415885856605, -7.554798957901941 ], [ 110.837830868268682, -7.55494280933458 ], [ 110.837462427081761, -7.555044514367755 ], [ 110.837407660593627, -7.555054429786161 ], [ 110.837290572592693, -7.555307748309581 ], [ 110.837096289764048, -7.555640524445558 ], [ 110.837014104526375, -7.555749786728641 ], [ 110.836882071424171, -7.556030423010244 ], [ 110.836722624993499, -7.556393019382405 ], [ 110.836075476155017, -7.556268580251211 ], [ 110.835945893115976, -7.556648574283406 ], [ 110.835908520038558, -7.556740466426581 ], [ 110.835776519694278, -7.556931680117432 ], [ 110.835552378343067, -7.557224701054938 ], [ 110.835475198103282, -7.557264415190802 ], [ 110.835410470614846, -7.557284262400452 ], [ 110.835300946397922, -7.557279253194267 ], [ 110.835071935365647, -7.557286618592096 ], [ 110.8348230161549, -7.557279072632952 ], [ 110.834521825976026, -7.55726405487036 ], [ 110.834457103176604, -7.557271482185669 ], [ 110.834399848063285, -7.55727891232398 ], [ 110.834315204757644, -7.557306203667575 ], [ 110.834036376873087, -7.557398003936761 ], [ 110.833279672783135, -7.557345552654311 ], [ 110.83306795556723, -7.557332224316561 ], [ 110.832213901669064, -7.557265657936487 ], [ 110.832125225722706, -7.5577072134323 ], [ 110.832253516332557, -7.557817661047259 ], [ 110.832089303231712, -7.55905404887893 ], [ 110.831712685798891, -7.559004455494066 ], [ 110.830055757892865, -7.558763859955874 ], [ 110.829732961879571, -7.55990479437228 ], [ 110.829474731426885, -7.560798579885125 ], [ 110.829016040963126, -7.562359316685892 ], [ 110.828356847691865, -7.564681809155045 ], [ 110.828499337562548, -7.564742812418337 ], [ 110.828332933420739, -7.56509149757576 ], [ 110.828332895943817, -7.565186303729715 ], [ 110.828274226873603, -7.565332497129554 ], [ 110.828225216857433, -7.565274141208112 ], [ 110.828160902498794, -7.565217468988171 ], [ 110.828024681732686, -7.565156991831301 ], [ 110.827718168079002, -7.565066235665623 ], [ 110.827551656852833, -7.565043510382311 ], [ 110.827411627543299, -7.565043454992577 ], [ 110.827063442408416, -7.565058423387706 ], [ 110.826764465244437, -7.565050751576883 ], [ 110.826582806339403, -7.565050679383608 ], [ 110.826488192213745, -7.565050641752934 ], [ 110.826420059332378, -7.565077049791965 ], [ 110.826191674910618, -7.565200323170059 ], [ 110.826369435952699, -7.565483629273381 ], [ 110.826497996687621, -7.565770692313292 ], [ 110.82652824606599, -7.565838680057662 ], [ 110.826524440263086, -7.565891549746897 ], [ 110.826222343024583, -7.56747211635081 ], [ 110.826286192524151, -7.567510377958884 ], [ 110.826735309436586, -7.567676249429146 ], [ 110.826507690722266, -7.568543251439443 ], [ 110.826268131087872, -7.569297583457289 ], [ 110.825614958132192, -7.571295780168716 ], [ 110.824405904070304, -7.570974531605501 ], [ 110.824405443521769, -7.570974620067771 ], [ 110.824406072306715, -7.570973221856596 ], [ 110.821912111507842, -7.570217561046555 ], [ 110.819150773453089, -7.569380866080692 ], [ 110.817300261795168, -7.568780830813346 ], [ 110.817298313714744, -7.568778622847834 ], [ 110.816357469766572, -7.568452542785416 ], [ 110.81637658303336, -7.568389699555222 ], [ 110.81662698119564, -7.567536550068382 ], [ 110.816667127935574, -7.567384200391938 ], [ 110.816730267840029, -7.567020450763611 ], [ 110.816762801551008, -7.566816673105748 ], [ 110.816323901020965, -7.566591747291325 ], [ 110.816255200453199, -7.566563149334341 ], [ 110.816184586044116, -7.566547883007328 ], [ 110.816060525040854, -7.56654021240985 ], [ 110.815564276323371, -7.56652286211294 ], [ 110.81504129111012, -7.566543590419858 ], [ 110.814844699361416, -7.566537793728883 ], [ 110.814838991705514, -7.56649588984797 ], [ 110.814823773604985, -7.566375894986527 ], [ 110.814819983905309, -7.566311137072465 ], [ 110.814808548107436, -7.566271135781197 ], [ 110.814802840457531, -7.566229232804007 ], [ 110.814785681580361, -7.566183514917418 ], [ 110.814774242632808, -7.566153036929145 ], [ 110.814745625315723, -7.566122551643186 ], [ 110.814722727114244, -7.566109209468487 ], [ 110.814673110962019, -7.566088237656333 ], [ 110.814612038711488, -7.566074880155477 ], [ 110.814297128355506, -7.566027131449746 ], [ 110.814425414167246, -7.565078701750217 ], [ 110.813297491528658, -7.564843955925367 ], [ 110.813215432156397, -7.564813447661638 ], [ 110.812335624140388, -7.564609279593744 ], [ 110.811955833309341, -7.564531027273777 ], [ 110.811484429830386, -7.564445117663292 ], [ 110.810858437939785, -7.564330571532471 ], [ 110.810864230615579, -7.564176302488522 ], [ 110.810898718965262, -7.56387158346699 ], [ 110.810921763753882, -7.563549718795756 ], [ 110.810937903950546, -7.56337714122601 ], [ 110.810958525892332, -7.563156648756202 ], [ 110.810153169996028, -7.563014496949751 ], [ 110.810046843495186, -7.562995729702591 ], [ 110.809474059064655, -7.562894627703092 ], [ 110.809049601792594, -7.56281970662433 ], [ 110.80855739472922, -7.562737968429365 ], [ 110.807549733886631, -7.562488659142943 ], [ 110.806811792894365, -7.562323269056436 ], [ 110.806819436488041, -7.562302956725118 ], [ 110.807201462003022, -7.561036131988955 ], [ 110.807290945449893, -7.560739396863565 ], [ 110.80734700145203, -7.56055351004526 ], [ 110.807686077991633, -7.559177278003414 ], [ 110.805993597237318, -7.5595142761026 ], [ 110.805185068917581, -7.559689841067806 ], [ 110.803064176825927, -7.560150365902044 ], [ 110.801198619852656, -7.560530436707447 ], [ 110.80104083288812, -7.560540523105733 ], [ 110.800765989310975, -7.560537857683859 ], [ 110.800620930345119, -7.560540331462517 ], [ 110.800480752402422, -7.560563569086934 ], [ 110.800232599601628, -7.560626306806292 ], [ 110.800032173473667, -7.560664306399801 ], [ 110.799723467774697, -7.560735989395914 ], [ 110.799606499720468, -7.560763149647666 ], [ 110.799329722907899, -7.560812541263113 ], [ 110.79913487201344, -7.560845708084075 ], [ 110.799039585154731, -7.560861927453037 ], [ 110.798862076551799, -7.560871368969024 ], [ 110.798661667857104, -7.560871276548514 ], [ 110.798371545931701, -7.560888283263969 ], [ 110.798066146939064, -7.5609205201751 ], [ 110.797829464028482, -7.560943265414624 ], [ 110.797686303676585, -7.560967958916524 ], [ 110.797216731891467, -7.56106106529568 ], [ 110.797218739639632, -7.560849657697644 ], [ 110.797201559717195, -7.560853458852172 ], [ 110.797209329353137, -7.560563965237304 ], [ 110.797191375590927, -7.560541878183655 ], [ 110.797092670963551, -7.560397559942568 ], [ 110.796992545480165, -7.5602289569705 ], [ 110.796993319552058, -7.56022524045822 ], [ 110.797048498427912, -7.559960436477337 ], [ 110.797088578077464, -7.5599647409599 ], [ 110.797095026607735, -7.559949824907962 ], [ 110.797502561338248, -7.559183100989642 ], [ 110.797826004214841, -7.558655046132524 ], [ 110.798396543391576, -7.557593820291185 ], [ 110.799150436591901, -7.556253339860753 ], [ 110.799453522270994, -7.555712576820866 ], [ 110.799853406121258, -7.554963622519987 ], [ 110.800217601505707, -7.554344164041376 ], [ 110.800749936062246, -7.553328627733086 ], [ 110.800979154596092, -7.552924960627849 ], [ 110.801134523419847, -7.552630454834342 ], [ 110.801266935770727, -7.552450214563049 ], [ 110.801829661821699, -7.551744503697339 ], [ 110.801773373270862, -7.551710194988796 ], [ 110.801731395513116, -7.551685416976952 ], [ 110.80167605629147, -7.551662536109695 ], [ 110.80161880195017, -7.55165298771588 ], [ 110.801553902854607, -7.551668194805702 ], [ 110.801500456142051, -7.551679597948361 ], [ 110.801445102156492, -7.551689096099484 ], [ 110.801203759875222, -7.552209297245391 ], [ 110.800992699526418, -7.552213030191599 ], [ 110.800887169774725, -7.552212982106042 ], [ 110.800812338018531, -7.552214862965678 ], [ 110.800740736726823, -7.552207356763016 ], [ 110.800739273584554, -7.552549897425324 ], [ 110.800608772900716, -7.552609192990435 ], [ 110.8005195149983, -7.55234690770698 ], [ 110.80051732955107, -7.55234871313353 ], [ 110.800388782605495, -7.552454899674766 ], [ 110.800290865617043, -7.552345842586793 ], [ 110.800148183319095, -7.552468984168422 ], [ 110.800063014467739, -7.552509306164271 ], [ 110.799967220257841, -7.552509262310325 ], [ 110.799801180246476, -7.552504938392222 ], [ 110.799620232726284, -7.552513352046754 ], [ 110.799541472494795, -7.552504819295438 ], [ 110.79944569885572, -7.552460165609525 ], [ 110.79934568309973, -7.552383646509985 ], [ 110.799281862762854, -7.552292273809441 ], [ 110.799190397927205, -7.552137160599846 ], [ 110.799158486771447, -7.552094661036073 ], [ 110.79913508038203, -7.552073407375357 ], [ 110.799113797505598, -7.552062776139623 ], [ 110.799071222850912, -7.552062756560445 ], [ 110.799043544992188, -7.552071241351344 ], [ 110.79900095757786, -7.552098836443036 ], [ 110.798966883745422, -7.552128561185393 ], [ 110.798926419827268, -7.552166778696229 ], [ 110.79889234107462, -7.552207123975137 ], [ 110.798807162340566, -7.552268688619288 ], [ 110.798753931978993, -7.552294154856014 ], [ 110.79868580390719, -7.552311117604348 ], [ 110.798596405663105, -7.552291958332293 ], [ 110.798532570742438, -7.552232449867546 ], [ 110.798494279472436, -7.552175077104634 ], [ 110.798470896730166, -7.552102841006159 ], [ 110.798475191861698, -7.5520221210581 ], [ 110.798496505221593, -7.551966900618834 ], [ 110.798551901350919, -7.551860712576142 ], [ 110.798628612671578, -7.551697180150817 ], [ 110.798677645195909, -7.551542131572936 ], [ 110.798686192191013, -7.55147203502851 ], [ 110.798681966820709, -7.551404056526727 ], [ 110.798654331269915, -7.551321197930951 ], [ 110.798626677048446, -7.551278700291383 ], [ 110.798562840301784, -7.551223439687441 ], [ 110.798509645471768, -7.551172432743048 ], [ 110.798439414743669, -7.551134164216202 ], [ 110.798352147132178, -7.551110757121809 ], [ 110.798169091557085, -7.551074559490703 ], [ 110.798054158979681, -7.551032021490754 ], [ 110.797939229305044, -7.550985234701688 ], [ 110.797820031152099, -7.550959688806742 ], [ 110.797658267364753, -7.550915004199117 ], [ 110.797634885812485, -7.550840644129639 ], [ 110.797551937311695, -7.550685534534021 ], [ 110.797409405239662, -7.550483663648164 ], [ 110.797328565503122, -7.550371040786885 ], [ 110.797239206327092, -7.550269034502984 ], [ 110.797183886417827, -7.550209529799171 ], [ 110.797088124345336, -7.550143633622394 ], [ 110.797024282017617, -7.550101118175052 ], [ 110.79696256216053, -7.550071349986755 ], [ 110.796892325801295, -7.550045826592205 ], [ 110.796845507516991, -7.550016065313623 ], [ 110.796807210709275, -7.549971437782695 ], [ 110.79675190371016, -7.549886441372757 ], [ 110.796683809693064, -7.549831179426796 ], [ 110.796575280596642, -7.549752530918719 ], [ 110.796502924849648, -7.54970788750618 ], [ 110.796424179113018, -7.549669614698431 ], [ 110.796328411311535, -7.549616463734136 ], [ 110.796298628027927, -7.549576088888413 ], [ 110.796266724391344, -7.54951659408191 ], [ 110.796226320172536, -7.549427356699198 ], [ 110.796210405089553, -7.54936757535862 ], [ 110.796200864078344, -7.549285123063286 ], [ 110.796205667877018, -7.549255252816652 ], [ 110.796234425409338, -7.549213444382401 ], [ 110.796258414384454, -7.549126227976927 ], [ 110.796270413516595, -7.549073658210402 ], [ 110.796272829116177, -7.549029448525818 ], [ 110.796268054971335, -7.548995989006086 ], [ 110.79625369338271, -7.548979254116198 ], [ 110.796223770866661, -7.548951757549697 ], [ 110.796186670148032, -7.548912308277067 ], [ 110.796108867286875, -7.548848942206313 ], [ 110.796108082857302, -7.548845776753383 ], [ 110.796240073468795, -7.548377402712966 ], [ 110.796447635984435, -7.547700396010529 ], [ 110.796760843325572, -7.546640727763386 ], [ 110.797682686052255, -7.54360890894773 ], [ 110.798199689829872, -7.541900733752593 ], [ 110.799874992846526, -7.536199041305663 ], [ 110.800571242393033, -7.533951586248892 ], [ 110.800632828585961, -7.533698335630964 ], [ 110.800621728125051, -7.533514314829568 ], [ 110.800769332209924, -7.533476617117672 ], [ 110.800812453137198, -7.533465412829811 ], [ 110.800943430471136, -7.53343137914471 ], [ 110.801178091761244, -7.533352179386677 ], [ 110.801488448403788, -7.533250356150866 ], [ 110.801609586546832, -7.533159775848783 ], [ 110.801711796727062, -7.533084292355822 ], [ 110.801791310830069, -7.532986140897884 ], [ 110.801851902144179, -7.532891756538254 ], [ 110.801912505437656, -7.532770937021207 ], [ 110.802117096804835, -7.53224232371426 ], [ 110.802200434430205, -7.532057314371129 ], [ 110.802245889711187, -7.531959147436576 ], [ 110.802295106295503, -7.531913851599626 ], [ 110.802336756625266, -7.531861000087082 ], [ 110.802385971478174, -7.531819480818374 ], [ 110.802446531711922, -7.53179307298091 ], [ 110.802503310978949, -7.531759110270072 ], [ 110.802575229461596, -7.53172137869989 ], [ 110.802650926279298, -7.531694976750886 ], [ 110.802741757185913, -7.531676135668924 ], [ 110.80279852787919, -7.531661055815273 ], [ 110.802878001425569, -7.53165353842721 ], [ 110.802942338256031, -7.531642237635123 ], [ 110.803040731076578, -7.531638505308426 ], [ 110.803101279315598, -7.531638532529784 ], [ 110.803176961659929, -7.531646119703734 ], [ 110.803248850205961, -7.531672587157017 ], [ 110.803309384828111, -7.53170282608067 ], [ 110.803362353309382, -7.531729285019392 ], [ 110.803415317486866, -7.531763297110317 ], [ 110.803729315854355, -7.531974920083882 ], [ 110.803876856348936, -7.53207695112519 ], [ 110.804081139703229, -7.532228101237795 ], [ 110.804349746555516, -7.532398161992968 ], [ 110.804463240624187, -7.532473742474183 ], [ 110.804531344216755, -7.532503984611903 ], [ 110.80459566343265, -7.532534225050854 ], [ 110.804686465693592, -7.53257958270822 ], [ 110.804731876522069, -7.532579602956718 ], [ 110.804788642201331, -7.532575851681294 ], [ 110.804852988480633, -7.532545668618049 ], [ 110.804951410209014, -7.532477735821869 ], [ 110.805049821779377, -7.532432462480808 ], [ 110.805186087176281, -7.532360769892436 ], [ 110.805409410089666, -7.532247575369786 ], [ 110.80554945302103, -7.532190990665478 ], [ 110.805674355925944, -7.532141952359757 ], [ 110.805738693673391, -7.53213065115757 ], [ 110.805833297170096, -7.532138246267214 ], [ 110.805890057744591, -7.532145823682513 ], [ 110.805954382047403, -7.53216473508818 ], [ 110.806026272537792, -7.53218742551156 ], [ 110.806086807432905, -7.532217664057411 ], [ 110.806151128399165, -7.53224412769004 ], [ 110.806234364585009, -7.53228570600475 ], [ 110.806306245049086, -7.532331054958414 ], [ 110.806635382821668, -7.53254268258383 ], [ 110.806813186697212, -7.532671161176615 ], [ 110.806903977524954, -7.532742954441053 ], [ 110.806968285249567, -7.532799629692306 ], [ 110.807002332148471, -7.532826079858311 ], [ 110.807040156757949, -7.532867638009401 ], [ 110.807070415935783, -7.532901638758471 ], [ 110.807093102996376, -7.532943190236451 ], [ 110.807108225526477, -7.532977185220012 ], [ 110.807130914264519, -7.533014960116006 ], [ 110.807153601336978, -7.533056510686364 ], [ 110.807183857196961, -7.533098065492578 ], [ 110.807210320323833, -7.533158500626586 ], [ 110.807274576415807, -7.533332246197915 ], [ 110.80730482062593, -7.533400236151782 ], [ 110.807323713328515, -7.533464444528525 ], [ 110.80733503982006, -7.53352487299496 ], [ 110.807335011457837, -7.533589073046247 ], [ 110.807327412633882, -7.53365704544273 ], [ 110.807312239244112, -7.533740121733414 ], [ 110.807297076623328, -7.533796761962891 ], [ 110.807281904891639, -7.533876060767193 ], [ 110.807270521653692, -7.533944032400505 ], [ 110.807270496618514, -7.534000679290463 ], [ 110.807270468244965, -7.534064879340099 ], [ 110.807270446547577, -7.534113973069909 ], [ 110.807281779721933, -7.534159296121112 ], [ 110.807304465196879, -7.53420462326326 ], [ 110.807334719479798, -7.534249954639151 ], [ 110.807372545909985, -7.534287736182891 ], [ 110.80744065333127, -7.534310424718216 ], [ 110.807527686867374, -7.534321791820676 ], [ 110.807599587796318, -7.53432182341952 ], [ 110.807679058437117, -7.534321858331349 ], [ 110.807769881379656, -7.534321898212634 ], [ 110.807875842690166, -7.534318169041347 ], [ 110.808004520392032, -7.534291789416211 ], [ 110.808053722459164, -7.534276705568445 ], [ 110.808091570561402, -7.534265392415348 ], [ 110.808121851518948, -7.534250300266834 ], [ 110.808197562662741, -7.534193686533487 ], [ 110.808357836848941, -7.534200929950105 ], [ 110.808260621590719, -7.533850642306679 ], [ 110.808189628453462, -7.533555066395885 ], [ 110.80815668003271, -7.533236005498707 ], [ 110.808150815971032, -7.533080057723832 ], [ 110.808263137693984, -7.532762426341764 ], [ 110.808418945636234, -7.532579101031378 ], [ 110.808580159649139, -7.532385005495194 ], [ 110.808639182430724, -7.532288021543336 ], [ 110.808849148952376, -7.532185220157781 ], [ 110.808989101197952, -7.532098749105877 ], [ 110.809227109533964, -7.532106989446561 ], [ 110.809345590688963, -7.532058231320887 ], [ 110.809388361125485, -7.531939768398883 ], [ 110.809404161480998, -7.531810651465777 ], [ 110.809365872520232, -7.531638680489079 ], [ 110.809206726535081, -7.531331663316534 ], [ 110.809106140040015, -7.531008516886274 ], [ 110.809235724135092, -7.530832662425238 ], [ 110.809566778581541, -7.530624585193788 ], [ 110.809642360622306, -7.530542047944166 ], [ 110.809797119789692, -7.530380564299288 ], [ 110.810019621226786, -7.530242145769371 ], [ 110.810224422408567, -7.530177021328323 ], [ 110.810338066084554, -7.530143103012223 ], [ 110.810494350283378, -7.53010498600443 ], [ 110.810576957574739, -7.530064814471851 ], [ 110.810661254802781, -7.530023821398945 ], [ 110.810714978277645, -7.529959115352689 ], [ 110.810741586879075, -7.529835354457133 ], [ 110.81064938095146, -7.529663524002534 ], [ 110.810577155101697, -7.529609817374374 ], [ 110.810519714781677, -7.529567104947692 ], [ 110.810292921425045, -7.529470976694816 ], [ 110.810179546539729, -7.529422912082276 ], [ 110.810157768504354, -7.529358452899205 ], [ 110.810281435012755, -7.529239748107114 ], [ 110.810502121022594, -7.529099264290831 ], [ 110.81057738959673, -7.529069628729791 ], [ 110.810749874299717, -7.529001716639148 ], [ 110.811013084715768, -7.528914985129997 ], [ 110.81107786518551, -7.528853264360251 ], [ 110.811070718416474, -7.528741252820813 ], [ 110.810996964279028, -7.528683681277403 ], [ 110.810695190552167, -7.528618297097033 ], [ 110.810577617285517, -7.528545080999464 ], [ 110.810506104630974, -7.528500547920481 ], [ 110.810403252832558, -7.528377153470075 ], [ 110.810300055644845, -7.528124690188637 ], [ 110.810207322061871, -7.527762549512614 ], [ 110.810179884371337, -7.527595913005633 ], [ 110.810082616293556, -7.527393789786458 ], [ 110.810017946509717, -7.527203490751981 ], [ 110.809884920117042, -7.52702393188039 ], [ 110.809712331530591, -7.52682640549573 ], [ 110.809611665756933, -7.526686351432334 ], [ 110.809665674846499, -7.526575083753195 ], [ 110.809924742193246, -7.526449545881457 ], [ 110.810244965788456, -7.526320443185696 ], [ 110.810518360022385, -7.526338511755044 ], [ 110.810770214658618, -7.526252460194171 ], [ 110.810971716278985, -7.526141256895063 ], [ 110.81116679916839, -7.52597189045435 ], [ 110.811290125290341, -7.525740257663904 ], [ 110.81134443096613, -7.525555980171126 ], [ 110.811349600225327, -7.525480666023638 ], [ 110.811365223146765, -7.525292392669851 ], [ 110.811305183626374, -7.525050554254085 ], [ 110.811207560967119, -7.524857232583518 ], [ 110.811123583346159, -7.524658442307749 ], [ 110.811166359992924, -7.524577213993551 ], [ 110.811260314522769, -7.524398801624288 ], [ 110.811318997816713, -7.524303175754333 ], [ 110.811355852641455, -7.524282995260086 ], [ 110.81137588475093, -7.524251159367044 ], [ 110.811414346834923, -7.52422427035721 ], [ 110.811471625988091, -7.524149717647588 ], [ 110.811523897184117, -7.524108652703452 ], [ 110.811639528426667, -7.524092349561989 ], [ 110.811758247374797, -7.524079237232335 ], [ 110.81190555631332, -7.524083868534188 ], [ 110.811973527205083, -7.523858497622396 ], [ 110.812015184875833, -7.523826192452983 ], [ 110.812064482156245, -7.52379953417165 ], [ 110.812113735922509, -7.523772875865948 ], [ 110.812168657989901, -7.523736743698064 ], [ 110.812216058829563, -7.523706303480365 ], [ 110.812274814513529, -7.523677734248597 ], [ 110.812350635047849, -7.523641538638114 ], [ 110.812426730880503, -7.523597464319298 ], [ 110.812479796111035, -7.52357079493758 ], [ 110.812506350926967, -7.523557470204012 ], [ 110.812546124077514, -7.52352516960367 ], [ 110.812580229832989, -7.523502344671327 ], [ 110.812635179495842, -7.523475669743639 ], [ 110.812671663201442, -7.523460330239853 ], [ 110.812719078516636, -7.523448826259924 ], [ 110.812760135169441, -7.523439699485762 ], [ 110.812794949685141, -7.523429663662748 ], [ 110.812848048980783, -7.523414355660763 ], [ 110.812882183282696, -7.523401007906161 ], [ 110.812904903528178, -7.523380120202982 ], [ 110.812939003724736, -7.523355391117638 ], [ 110.812974993890791, -7.523332580526043 ], [ 110.812991751801491, -7.523294496190407 ], [ 110.813043093056905, -7.523278160726365 ], [ 110.813089054198983, -7.523267228679028 ], [ 110.813137702794563, -7.523267082971591 ], [ 110.813189165415025, -7.523291211714784 ], [ 110.813227087250027, -7.523312667105015 ], [ 110.813270398336186, -7.523317944726157 ], [ 110.81331897483382, -7.523293515760427 ], [ 110.813345885763823, -7.523242176531391 ], [ 110.813356547419588, -7.523198986900976 ], [ 110.813345642072562, -7.523161268886118 ], [ 110.813345471402485, -7.523104622769821 ], [ 110.813388554280408, -7.52304784761707 ], [ 110.813439821568579, -7.523007229770315 ], [ 110.813510131143076, -7.523004325248388 ], [ 110.813599353695238, -7.522995976905515 ], [ 110.813666997415694, -7.523003855520613 ], [ 110.81371848468865, -7.523036064745161 ], [ 110.8137537653149, -7.52307642359748 ], [ 110.813800451401264, -7.523148768397805 ], [ 110.813799550512073, -7.523152801497356 ] ] ] } },
{ "type": "Feature", "properties": { "Kecamatan": "Jebres" }, "geometry": { "type": "Polygon", "coordinates": [ [ [ 110.839017359406157, -7.532711729271143 ], [ 110.839025259484771, -7.53285790645079 ], [ 110.839033218481148, -7.532925504406217 ], [ 110.839050970794119, -7.533044391561386 ], [ 110.839066315517812, -7.533188075760879 ], [ 110.839225896497155, -7.533220395926451 ], [ 110.839356709386848, -7.533256065062131 ], [ 110.83952369238169, -7.533286054040024 ], [ 110.839632253355873, -7.533313467958735 ], [ 110.840093179183825, -7.533369508285344 ], [ 110.840121974702498, -7.533373009541432 ], [ 110.840132035826713, -7.533374095986842 ], [ 110.840548186632446, -7.53341903396175 ], [ 110.840871388299433, -7.533445972076776 ], [ 110.841096775627065, -7.533473027345143 ], [ 110.84119297196284, -7.53348797320213 ], [ 110.841516966523912, -7.533538309690085 ], [ 110.841745154660231, -7.533570905238085 ], [ 110.841749154138782, -7.533687627208285 ], [ 110.84183845255501, -7.53369993993702 ], [ 110.841951711632646, -7.533715557555928 ], [ 110.842776340042064, -7.533829263292122 ], [ 110.84277986865537, -7.533829749409545 ], [ 110.842938108789525, -7.53385156928903 ], [ 110.843048534000843, -7.533858237584053 ], [ 110.843737874333399, -7.533799826241115 ], [ 110.844059336491028, -7.533772587482507 ], [ 110.844237052532179, -7.533758912997665 ], [ 110.844258866717382, -7.533757233729682 ], [ 110.844464674231261, -7.53374139726464 ], [ 110.8448803619861, -7.533709410695119 ], [ 110.845396354737048, -7.53365260603768 ], [ 110.845426714552957, -7.533649264411165 ], [ 110.845440170996, -7.533277614892454 ], [ 110.846158003823405, -7.533122658460419 ], [ 110.846161298088688, -7.53312194771939 ], [ 110.846324517996649, -7.533092780109645 ], [ 110.84643681977181, -7.533072711769356 ], [ 110.846731866498786, -7.533019985402539 ], [ 110.846734726506071, -7.533019474415631 ], [ 110.846749202306739, -7.533073915725093 ], [ 110.846749154370713, -7.533210336938147 ], [ 110.846756320704756, -7.533292909689942 ], [ 110.846777896107511, -7.533318048060655 ], [ 110.846788689130506, -7.53331805183674 ], [ 110.846842651880564, -7.533314480465752 ], [ 110.846900207263161, -7.533325270425933 ], [ 110.846928967944933, -7.533379131464902 ], [ 110.846988956480715, -7.533438305111057 ], [ 110.846986091662089, -7.533447355258344 ], [ 110.847055082969106, -7.53347823431271 ], [ 110.847108143311971, -7.533501984289454 ], [ 110.847149397266023, -7.533520449247354 ], [ 110.847250867417088, -7.53355385703047 ], [ 110.847407713052391, -7.533546144150569 ], [ 110.847651277291803, -7.533468355244199 ], [ 110.847798783623801, -7.533320889818741 ], [ 110.847899028508735, -7.533176872440133 ], [ 110.847992350586892, -7.533142759052866 ], [ 110.848188053675528, -7.533137082903537 ], [ 110.84833002817372, -7.533152450120395 ], [ 110.848448968378563, -7.533198443561485 ], [ 110.848544916619673, -7.533150609509482 ], [ 110.848690769960101, -7.533045352348315 ], [ 110.848773265710847, -7.533062612942312 ], [ 110.848836527669746, -7.533215809606476 ], [ 110.848894074221093, -7.533252208644931 ], [ 110.848966987736972, -7.53323883075115 ], [ 110.849037976343169, -7.533242684281481 ], [ 110.849138946574669, -7.533235778293123 ], [ 110.849226483789536, -7.533240595435251 ], [ 110.849353574436023, -7.5332956860075 ], [ 110.84945668077539, -7.533355555295167 ], [ 110.849540612006422, -7.533381910808356 ], [ 110.849607756733278, -7.533405867947719 ], [ 110.849665305190854, -7.533437001372214 ], [ 110.84969647251188, -7.533468125735562 ], [ 110.849701864451561, -7.533503757780172 ], [ 110.849645144107868, -7.533552558070582 ], [ 110.849623783716368, -7.533652548477294 ], [ 110.849640349957212, -7.533747014115524 ], [ 110.849713560531043, -7.53378190598156 ], [ 110.849827437828921, -7.533824772923201 ], [ 110.84996564787717, -7.533856750792032 ], [ 110.849968971086085, -7.53385622185131 ], [ 110.850052241667711, -7.533842974871525 ], [ 110.850148962346665, -7.533789362326116 ], [ 110.850209013054325, -7.53375607561834 ], [ 110.850357464666232, -7.533596273990075 ], [ 110.850541547844159, -7.533409244182201 ], [ 110.850651646887329, -7.533394417812672 ], [ 110.850732534309941, -7.533555996563804 ], [ 110.85089734479152, -7.533768462551659 ], [ 110.851068162805817, -7.533948022184216 ], [ 110.85113715608837, -7.53391049775517 ], [ 110.851167442413015, -7.533894025839256 ], [ 110.851200094089577, -7.533876266614052 ], [ 110.851323019958613, -7.533838613032918 ], [ 110.851441712890377, -7.533906864394708 ], [ 110.851574764812838, -7.534068460688136 ], [ 110.851704243882423, -7.534154665062929 ], [ 110.851884078088204, -7.534269606604781 ], [ 110.851916402999606, -7.534423989123127 ], [ 110.851981111695778, -7.534556842008304 ], [ 110.852141478016605, -7.5345151519906 ], [ 110.852263549272635, -7.534514775282302 ], [ 110.852319016178257, -7.53452654076869 ], [ 110.852394825002676, -7.534542621583558 ], [ 110.852459554204742, -7.534618034069251 ], [ 110.852545831315638, -7.534801153984172 ], [ 110.852635729239708, -7.534916064925739 ], [ 110.852711541180184, -7.534998294342946 ], [ 110.852749843587063, -7.535039837947284 ], [ 110.852827944302163, -7.535084614300453 ], [ 110.852889717897042, -7.535003715645042 ], [ 110.853002372706058, -7.53484592371337 ], [ 110.853214428531302, -7.534771162304621 ], [ 110.853355748119355, -7.5347766063362 ], [ 110.853609176173165, -7.534965616490655 ], [ 110.853911627123011, -7.535183882255582 ], [ 110.853917536642513, -7.535188140239966 ], [ 110.853968880561681, -7.535250400082655 ], [ 110.854040962860381, -7.535337807611176 ], [ 110.854051787802533, -7.535350932945434 ], [ 110.854155823765964, -7.53542353149831 ], [ 110.854314067634192, -7.535456837165892 ], [ 110.854441884355481, -7.53539636107895 ], [ 110.85447580682812, -7.53533795236268 ], [ 110.854534004317344, -7.535237746900222 ], [ 110.854559161819296, -7.535194429862554 ], [ 110.854572918720677, -7.535170742778744 ], [ 110.854606267457214, -7.535125683538803 ], [ 110.854606775296517, -7.535124998041615 ], [ 110.854650277755297, -7.535108020999151 ], [ 110.854681939744111, -7.535095106979717 ], [ 110.85473518223165, -7.535093689091572 ], [ 110.854799939900374, -7.535085094520809 ], [ 110.854841680971148, -7.535054951729256 ], [ 110.854881977340312, -7.535040605001377 ], [ 110.854920835223979, -7.535023385775954 ], [ 110.854953934726296, -7.53501621715172 ], [ 110.854988470371822, -7.53501622859129 ], [ 110.85503451933171, -7.535011935362281 ], [ 110.855070494415457, -7.535011947271967 ], [ 110.855112224533698, -7.53501196108317 ], [ 110.855138131992817, -7.534994737552467 ], [ 110.855149649121842, -7.534978944816007 ], [ 110.855174118045696, -7.534961720807186 ], [ 110.855210096033829, -7.53495024463747 ], [ 110.855266225006275, -7.534925851501179 ], [ 110.855310839234804, -7.534910069699672 ], [ 110.855339627508343, -7.534884231057028 ], [ 110.855365536856326, -7.534861263478645 ], [ 110.855398640195375, -7.534839734735465 ], [ 110.855421667283309, -7.534829689827046 ], [ 110.855459737105605, -7.534794292910982 ], [ 110.855484207434984, -7.534772760406575 ], [ 110.855510113437703, -7.534759845330851 ], [ 110.855537462206982, -7.534736878216843 ], [ 110.855559054605692, -7.534712472741242 ], [ 110.855604629706335, -7.534682791566907 ], [ 110.855650687974943, -7.53465025752567 ], [ 110.855696749405041, -7.534608149486367 ], [ 110.855740886811432, -7.534581358836879 ], [ 110.855834927944699, -7.534499058344691 ], [ 110.855917455278146, -7.534422498077616 ], [ 110.85597119533216, -7.534368904465161 ], [ 110.855980811015954, -7.534299979210816 ], [ 110.855981751819712, -7.534253584906126 ], [ 110.855982215313347, -7.534230720181839 ], [ 110.855982506485631, -7.534216381900375 ], [ 110.856040067214252, -7.534212092349663 ], [ 110.856096272154716, -7.534209774313688 ], [ 110.856520431107427, -7.534060091883727 ], [ 110.856647193266454, -7.533984791561663 ], [ 110.856704634140442, -7.533950669988927 ], [ 110.856760692300199, -7.533826624408663 ], [ 110.856726289582099, -7.533654044248322 ], [ 110.856713700274668, -7.533584149242625 ], [ 110.856703315049813, -7.533526488395668 ], [ 110.856721656625709, -7.533395050067161 ], [ 110.856787033903657, -7.533375755211342 ], [ 110.856852172457621, -7.533418201861946 ], [ 110.856911972887488, -7.533441572039093 ], [ 110.856966645420869, -7.533468155383905 ], [ 110.85708875400266, -7.533554972696699 ], [ 110.857203817682432, -7.533641981257322 ], [ 110.85723211532023, -7.533663379100034 ], [ 110.857303053825632, -7.533674038184785 ], [ 110.857336197256799, -7.533679017800196 ], [ 110.857379034639649, -7.533685454218372 ], [ 110.857506838965563, -7.533621222329849 ], [ 110.857634630869015, -7.5335532798427 ], [ 110.857754901001002, -7.533496626652814 ], [ 110.857969376978673, -7.533462166019257 ], [ 110.858101180390037, -7.533484287552826 ], [ 110.858255784030064, -7.533577638849561 ], [ 110.858482416608894, -7.533668052709706 ], [ 110.858670666067368, -7.533659958783242 ], [ 110.858821128272069, -7.533621941094906 ], [ 110.859035826822435, -7.533658825456685 ], [ 110.859284531610626, -7.533740619101223 ], [ 110.859476886657887, -7.533852628055516 ], [ 110.859676832692642, -7.534005918623224 ], [ 110.859699738321012, -7.534110944122832 ], [ 110.859677582069253, -7.534246148909913 ], [ 110.859606294556286, -7.534302650988539 ], [ 110.859595143737195, -7.534377786635853 ], [ 110.859595565247417, -7.53451287653817 ], [ 110.859585048633079, -7.534760652768163 ], [ 110.859577840274596, -7.534770000118047 ], [ 110.859495102369877, -7.534877292963504 ], [ 110.859283167213036, -7.53489853572562 ], [ 110.859072292597645, -7.534891680895187 ], [ 110.858842819998287, -7.534933698542295 ], [ 110.858632284448646, -7.535035693529052 ], [ 110.858516579509256, -7.535216079465801 ], [ 110.858489951815116, -7.535257592545404 ], [ 110.85840025057631, -7.535453088688637 ], [ 110.858325123294989, -7.535505847090864 ], [ 110.858077002908232, -7.535611712965914 ], [ 110.857813684355719, -7.5356913863904 ], [ 110.857723240603548, -7.535752752145939 ], [ 110.857564583183205, -7.535860400755391 ], [ 110.857546949740609, -7.535872365224537 ], [ 110.857231142104609, -7.535993461480177 ], [ 110.857203040743002, -7.536014413066116 ], [ 110.857099711956096, -7.53609145524809 ], [ 110.857004126765858, -7.536210465760013 ], [ 110.856896875538439, -7.536392895622074 ], [ 110.856873265481411, -7.536491505285574 ], [ 110.856896606972256, -7.536559359461032 ], [ 110.85693070865382, -7.536658494550056 ], [ 110.856944365726378, -7.536712269507241 ], [ 110.856973131048875, -7.536825530459474 ], [ 110.856969572386944, -7.536913733240682 ], [ 110.856967536249201, -7.536964214043588 ], [ 110.856908057043682, -7.537095734798194 ], [ 110.856809408183651, -7.537152773815221 ], [ 110.856614856796583, -7.537165319866054 ], [ 110.85646827186423, -7.537189661806755 ], [ 110.856448670667021, -7.537275224300299 ], [ 110.856450724865326, -7.537335239727746 ], [ 110.856451639732612, -7.537361984612316 ], [ 110.856469586982868, -7.537484649596506 ], [ 110.8564905466569, -7.537562440640485 ], [ 110.856499489264323, -7.537718011009832 ], [ 110.85650498944085, -7.537845215576455 ], [ 110.856505440145057, -7.537855630969436 ], [ 110.856529389605782, -7.537957356164196 ], [ 110.856534158886646, -7.538041424151798 ], [ 110.856569641976236, -7.538165515055453 ], [ 110.856570091966503, -7.538167087349536 ], [ 110.856598825539535, -7.53831069761244 ], [ 110.85662758066303, -7.53838609770414 ], [ 110.856641952914586, -7.538439952503494 ], [ 110.856631132597343, -7.538522520123745 ], [ 110.856599247024036, -7.53858899483301 ], [ 110.856591533238827, -7.53860507740912 ], [ 110.856497962505955, -7.538712747822013 ], [ 110.856469162455355, -7.538773768961742 ], [ 110.856469150631924, -7.538809668716299 ], [ 110.856469072594408, -7.539046611436791 ], [ 110.856451024574355, -7.539229696362302 ], [ 110.85645100801807, -7.539279957103052 ], [ 110.85647257099653, -7.539348174348669 ], [ 110.856537303976907, -7.539416406653072 ], [ 110.85656246970423, -7.53946667474435 ], [ 110.856580445615478, -7.539502581298406 ], [ 110.856609213805314, -7.539538490483821 ], [ 110.856630786544429, -7.539574398214455 ], [ 110.856648758922688, -7.539621074601322 ], [ 110.856663128852759, -7.539682109891187 ], [ 110.856637653923784, -7.539888304206849 ], [ 110.856703606794198, -7.539891317230969 ], [ 110.856685243664145, -7.54025819665295 ], [ 110.856706829944201, -7.54025581022494 ], [ 110.856692327350075, -7.540598054882117 ], [ 110.856742582762536, -7.540933141153332 ], [ 110.856757138863443, -7.541166974203527 ], [ 110.856893828773593, -7.541257366699629 ], [ 110.857175550610691, -7.54136169261391 ], [ 110.857278417803386, -7.541399785154382 ], [ 110.857389980532929, -7.5412777612816 ], [ 110.857471592609471, -7.54120078436224 ], [ 110.857827604849746, -7.540864990935037 ], [ 110.857858746615477, -7.540850054807259 ], [ 110.858589993651591, -7.540946201755632 ], [ 110.858791356964531, -7.540972677590103 ], [ 110.859085741814241, -7.541011384174087 ], [ 110.859161314714285, -7.541021320811716 ], [ 110.859732692097012, -7.541085460349458 ], [ 110.860137421101101, -7.541130892714058 ], [ 110.860491111816316, -7.541188025358126 ], [ 110.860656212353987, -7.541214695015258 ], [ 110.860903611322229, -7.541255749965444 ], [ 110.86106244474324, -7.54128210811373 ], [ 110.861148166944147, -7.541313329505583 ], [ 110.861225092748413, -7.541407509037199 ], [ 110.861279521636604, -7.541497234544851 ], [ 110.861323162890386, -7.541498243410716 ], [ 110.861488288091067, -7.541502058744752 ], [ 110.862034416716057, -7.541455524631391 ], [ 110.862323718610767, -7.541454623457132 ], [ 110.862921676761317, -7.541523246653944 ], [ 110.862898303268238, -7.541648331737118 ], [ 110.862878662513026, -7.54175344231679 ], [ 110.862804616658394, -7.542149710436446 ], [ 110.862735797988421, -7.542518003561692 ], [ 110.862678030417541, -7.542827154677444 ], [ 110.862668846037977, -7.542876302634598 ], [ 110.862632038359095, -7.543036612042999 ], [ 110.862585977433923, -7.543237226280646 ], [ 110.862591646011182, -7.543557588666125 ], [ 110.862554586171925, -7.543554405590664 ], [ 110.861750371910887, -7.543314096730744 ], [ 110.861524176626773, -7.544000018377399 ], [ 110.861572464959565, -7.544040070031065 ], [ 110.86155443100823, -7.544184861909914 ], [ 110.861549606739757, -7.544273414383325 ], [ 110.861537586787492, -7.544359571984513 ], [ 110.861511144840406, -7.544548638196364 ], [ 110.861501525053384, -7.544632402152772 ], [ 110.861455873780002, -7.544890870096951 ], [ 110.861443851650634, -7.544986599874544 ], [ 110.861392231818044, -7.545157708668087 ], [ 110.861370630983117, -7.545207961658671 ], [ 110.861323835188813, -7.545294108222322 ], [ 110.861273441599806, -7.54538025273428 ], [ 110.861237442530708, -7.545455631972225 ], [ 110.861190655839081, -7.54551305745261 ], [ 110.86115105805996, -7.545588435540044 ], [ 110.861093406757433, -7.545872029536722 ], [ 110.861042968129127, -7.546101774826441 ], [ 110.861003340469267, -7.546270493873773 ], [ 110.860963722856354, -7.546410491850311 ], [ 110.860974491229129, -7.546485885931267 ], [ 110.861021229921761, -7.546579241776676 ], [ 110.861024815101615, -7.546618732915482 ], [ 110.861039191589938, -7.546661817731079 ], [ 110.861041217006914, -7.546700452648664 ], [ 110.861042767604474, -7.546730029934968 ], [ 110.861042745832322, -7.546798240090529 ], [ 110.861042714892278, -7.546895171311012 ], [ 110.861054561409503, -7.547012149814285 ], [ 110.861058380620378, -7.547096596449302 ], [ 110.861064103888836, -7.547171071686679 ], [ 110.861068596317224, -7.547225199088578 ], [ 110.861071380817421, -7.547254182462476 ], [ 110.861143336699826, -7.547239845243309 ], [ 110.861200902318231, -7.547225503443348 ], [ 110.861225368043733, -7.547219767178199 ], [ 110.861241199164255, -7.547212592615073 ], [ 110.861255212746286, -7.547052022855657 ], [ 110.861365784381945, -7.547009053673618 ], [ 110.861445556671015, -7.547049010394457 ], [ 110.861577285473686, -7.547122565794629 ], [ 110.861821867868585, -7.547286348107204 ], [ 110.861878637188596, -7.547373258338435 ], [ 110.861966685486166, -7.547556808448978 ], [ 110.861997977046158, -7.547545110452439 ], [ 110.862032037787927, -7.547542288988958 ], [ 110.862071773970328, -7.54754230152886 ], [ 110.862114346527775, -7.547547979390282 ], [ 110.862173949018626, -7.547556494832675 ], [ 110.862315842330901, -7.547624516332496 ], [ 110.862565560310443, -7.547794535972805 ], [ 110.862917454552701, -7.547975917294246 ], [ 110.86315868515014, -7.548058131647351 ], [ 110.863323293098105, -7.54810350040353 ], [ 110.863394248383685, -7.548112020135427 ], [ 110.863445336442268, -7.548117700529637 ], [ 110.863499263563696, -7.548120549589233 ], [ 110.863533322548506, -7.548120560224229 ], [ 110.863649709078416, -7.548072447076569 ], [ 110.863703644178131, -7.548049805270821 ], [ 110.863732033906132, -7.548027154590547 ], [ 110.863766106201325, -7.547987512387473 ], [ 110.863817232355402, -7.547871402062039 ], [ 110.86387120639624, -7.547724136438003 ], [ 110.863979166756835, -7.547389951438894 ], [ 110.864075818477858, -7.546911313565984 ], [ 110.864101393841437, -7.54681502076173 ], [ 110.864163866233227, -7.546718740325978 ], [ 110.864203619130407, -7.546664937866507 ], [ 110.864337045676152, -7.546582841420922 ], [ 110.86441368147473, -7.546577199859498 ], [ 110.864518700716317, -7.546571567986016 ], [ 110.864586819352937, -7.546571589090456 ], [ 110.864643581814278, -7.546582936435532 ], [ 110.864694670592939, -7.546585784465851 ], [ 110.864723046998392, -7.546608451876928 ], [ 110.864762771662058, -7.546645284779586 ], [ 110.864782625638881, -7.54669060908464 ], [ 110.864879059177497, -7.546911562574461 ], [ 110.86493012426925, -7.546990884010454 ], [ 110.864961334486367, -7.547027714264502 ], [ 110.864992549979164, -7.547047550319752 ], [ 110.865018089991764, -7.547061720189218 ], [ 110.865060654644083, -7.547092889510879 ], [ 110.865111735587533, -7.547121228336154 ], [ 110.865145791893113, -7.547132568610363 ], [ 110.865188363578994, -7.547141078387854 ], [ 110.865262159576687, -7.54714393425961 ], [ 110.865321767309027, -7.547132622860683 ], [ 110.865395570282359, -7.547109986962107 ], [ 110.865446672261257, -7.547070348961185 ], [ 110.865517651925956, -7.546999562697104 ], [ 110.865577291992125, -7.546883453864857 ], [ 110.865605709527699, -7.546770168546307 ], [ 110.865625616053379, -7.546645550841646 ], [ 110.865634182153215, -7.546481276820259 ], [ 110.865600187965072, -7.546268839333983 ], [ 110.865563353024442, -7.546064898522075 ], [ 110.865543519985508, -7.545951598363618 ], [ 110.865543534855263, -7.545903447985633 ], [ 110.865543547100728, -7.545863795158742 ], [ 110.865574801015015, -7.545759007355678 ], [ 110.865600363703933, -7.545699535967678 ], [ 110.865623078613169, -7.545671218981693 ], [ 110.865651470740232, -7.545642904643441 ], [ 110.865677020305057, -7.545625918293508 ], [ 110.865759336635364, -7.545608949374291 ], [ 110.865864360866894, -7.545586322974549 ], [ 110.8659665468968, -7.545560862558882 ], [ 110.866091438238854, -7.54554107440982 ], [ 110.866202135269688, -7.545529779433957 ], [ 110.866338377517494, -7.545518491335129 ], [ 110.866400819681346, -7.545518510418793 ], [ 110.866463262751807, -7.545518529493816 ], [ 110.866522864154703, -7.545527044340388 ], [ 110.866551244023171, -7.545535550555523 ], [ 110.866644899090829, -7.545566735314643 ], [ 110.866715843594889, -7.54560640977953 ], [ 110.866877599001612, -7.545697094492878 ], [ 110.867064891067372, -7.545816109976707 ], [ 110.867223808424228, -7.545903961484751 ], [ 110.867323135624545, -7.54594930980737 ], [ 110.867411113613272, -7.545980491776882 ], [ 110.867550177720943, -7.546020187665143 ], [ 110.867640995623191, -7.546045706017073 ], [ 110.867788572581375, -7.546093901055309 ], [ 110.867961693974593, -7.546144935070918 ], [ 110.868063865478589, -7.54617045766903 ], [ 110.868177387067078, -7.546204480313944 ], [ 110.868282391618735, -7.546246997012027 ], [ 110.86840157843892, -7.546317841924289 ], [ 110.868472522424426, -7.546363180539601 ], [ 110.868526435687102, -7.546411347143005 ], [ 110.868574674346036, -7.54645384669732 ], [ 110.868625736647587, -7.546544497481965 ], [ 110.868688136248934, -7.546686134269091 ], [ 110.868730687469437, -7.546762620499963 ], [ 110.868770401392808, -7.54683627456352 ], [ 110.868804442412326, -7.546898596247648 ], [ 110.86886402363146, -7.546977919792099 ], [ 110.869105170545879, -7.547340533809292 ], [ 110.869002964609152, -7.547428306412465 ], [ 110.86888087437903, -7.547572720060029 ], [ 110.868716184861583, -7.547796426543336 ], [ 110.868466316346584, -7.548116408102218 ], [ 110.868383966234816, -7.548243839357934 ], [ 110.868341363530504, -7.548337294172295 ], [ 110.868304438873139, -7.548425086261065 ], [ 110.868276027872355, -7.548515713127833 ], [ 110.868239077462164, -7.548688476197905 ], [ 110.868031542139036, -7.549804361733585 ], [ 110.867730230575987, -7.551279928163916 ], [ 110.867283478669663, -7.553444657101471 ], [ 110.867248115032609, -7.553580599912841 ], [ 110.867227898925066, -7.553686334619465 ], [ 110.867207667433249, -7.553842423225602 ], [ 110.867192471578136, -7.554033760008935 ], [ 110.867177270188407, -7.554240202235959 ], [ 110.867177204061264, -7.55445672056804 ], [ 110.867237540456131, -7.555161680900283 ], [ 110.86726267548984, -7.555473877128113 ], [ 110.867282813300406, -7.555624942241224 ], [ 110.867333194756839, -7.555881757383444 ], [ 110.867373518086566, -7.556027793775455 ], [ 110.867393683600582, -7.556088223495794 ], [ 110.867403758681874, -7.55614361439913 ], [ 110.867418880835217, -7.556193971987338 ], [ 110.867408750471384, -7.556319851853647 ], [ 110.867378429995938, -7.55646586588039 ], [ 110.867338012905208, -7.556626983186852 ], [ 110.867277402583042, -7.556818306146566 ], [ 110.867135991622561, -7.557221087086317 ], [ 110.866934016015776, -7.557664131905575 ], [ 110.86646440702583, -7.558741542491584 ], [ 110.866434106166921, -7.558822098001992 ], [ 110.866373538472757, -7.558872432452114 ], [ 110.866328110823147, -7.558917736683824 ], [ 110.866277641339167, -7.558947933017397 ], [ 110.86622717184828, -7.558978129344969 ], [ 110.866161566938572, -7.558998250428362 ], [ 110.866065688361303, -7.559013326462306 ], [ 110.865974860002638, -7.559013298582044 ], [ 110.865873942712312, -7.559003196985433 ], [ 110.865702381152246, -7.558993073635241 ], [ 110.86501615533318, -7.558887121139336 ], [ 110.864592319609358, -7.558791318739172 ], [ 110.864380399463357, -7.558750970558876 ], [ 110.864350128078485, -7.558735855709464 ], [ 110.86425425331467, -7.558735825903862 ], [ 110.864183605939203, -7.558745874524261 ], [ 110.864128095489633, -7.558760962691362 ], [ 110.864067538566061, -7.558776050184336 ], [ 110.864017070521811, -7.558801210504082 ], [ 110.863966602471507, -7.558826371722462 ], [ 110.863921181556421, -7.558846498757791 ], [ 110.863860616728346, -7.558886762258369 ], [ 110.863795001590191, -7.558942129616898 ], [ 110.863739479145863, -7.55899246526999 ], [ 110.863073193627329, -7.559661951850346 ], [ 110.862598688800844, -7.560225756076579 ], [ 110.862507833118258, -7.560311327070303 ], [ 110.862457339306474, -7.560417052862241 ], [ 110.862396750207651, -7.560532845154938 ], [ 110.862326046664549, -7.560719129317619 ], [ 110.862235149316703, -7.560935617971778 ], [ 110.862184621825236, -7.561147084509975 ], [ 110.862139140782418, -7.561358552633837 ], [ 110.862134035166079, -7.561544857474821 ], [ 110.862133958472057, -7.561786551720861 ], [ 110.862133701209217, -7.562597234032633 ], [ 110.862183787992649, -7.563775509345579 ], [ 110.86213307311283, -7.564576105045889 ], [ 110.862062311193, -7.564943659775063 ], [ 110.861703731514936, -7.565910323119108 ], [ 110.861601870794729, -7.566190578555783 ], [ 110.86145120483657, -7.566605113824646 ], [ 110.861116750461264, -7.567199699707706 ], [ 110.860827579409857, -7.567949338740363 ], [ 110.860458934504393, -7.568815291715146 ], [ 110.860413465420592, -7.568981442354446 ], [ 110.860398280504668, -7.569127460601368 ], [ 110.860367940511125, -7.569323827848587 ], [ 110.860347723553801, -7.569424527275046 ], [ 110.860332560376264, -7.569500051391434 ], [ 110.860287111525381, -7.56960577847572 ], [ 110.860231571081172, -7.569706466571171 ], [ 110.860155848563664, -7.569802112436596 ], [ 110.860105370892654, -7.569852449188501 ], [ 110.860044796048044, -7.569917889029378 ], [ 110.859964034976144, -7.569988357218882 ], [ 110.859903468218675, -7.570028620114758 ], [ 110.85978232816278, -7.570129287057802 ], [ 110.85963092418676, -7.570189661861459 ], [ 110.859499706396164, -7.570245007372251 ], [ 110.859116153301883, -7.570385871811707 ], [ 110.858798214234099, -7.570481439972148 ], [ 110.858359171560053, -7.570566897063293 ], [ 110.857733427194262, -7.570632152530699 ], [ 110.857491205229721, -7.570652214571824 ], [ 110.857360005243365, -7.570652171651385 ], [ 110.857228806914534, -7.5706470929455 ], [ 110.857122837243921, -7.570647058218128 ], [ 110.857021915839113, -7.570641990279295 ], [ 110.856910902131361, -7.570636918099214 ], [ 110.856638433157954, -7.570566334440382 ], [ 110.856502204153941, -7.570515936667179 ], [ 110.856411388421094, -7.570470589562296 ], [ 110.856260025573889, -7.5704050803936 ], [ 110.855831201051231, -7.570107856862299 ], [ 110.855614257405577, -7.569986937993371 ], [ 110.855447766027609, -7.569891211770758 ], [ 110.855311532343151, -7.569855919962995 ], [ 110.855129874536132, -7.569845789035214 ], [ 110.855028948303726, -7.569855826066429 ], [ 110.854968389533582, -7.569870911349637 ], [ 110.854857359216723, -7.569916192488129 ], [ 110.854751369513053, -7.569976580706792 ], [ 110.85466051023883, -7.570062149961212 ], [ 110.854504016022346, -7.57025343891083 ], [ 110.854387900099894, -7.570414529530367 ], [ 110.854307102534392, -7.570590738257202 ], [ 110.854226294753502, -7.570797157819578 ], [ 110.85415052504176, -7.571028755969269 ], [ 110.854135321797628, -7.57122009203121 ], [ 110.854190720018863, -7.571547405092111 ], [ 110.854347035678515, -7.571889857313991 ], [ 110.854614324379895, -7.572363264144817 ], [ 110.854911881400426, -7.572861856906388 ], [ 110.855022838430713, -7.573038129555238 ], [ 110.855058130182996, -7.57313381141531 ], [ 110.855083337088786, -7.573204313904582 ], [ 110.855083318585486, -7.573259702575332 ], [ 110.855088336626977, -7.573345303775401 ], [ 110.855068119926301, -7.573440968071848 ], [ 110.855002428176604, -7.573712852038194 ], [ 110.854881183203034, -7.574120669943851 ], [ 110.854765028483541, -7.574397572792968 ], [ 110.854588299742844, -7.574729843155571 ], [ 110.85452772000815, -7.574805351866291 ], [ 110.854457056297136, -7.574855681187736 ], [ 110.854290532099753, -7.574855625515186 ], [ 110.854174472397972, -7.574845516091181 ], [ 110.854043277940846, -7.574825330980156 ], [ 110.853932276779005, -7.57477997659136 ], [ 110.853791003533303, -7.574719505684884 ], [ 110.853700199112538, -7.574638910516397 ], [ 110.853125079089097, -7.574205681827517 ], [ 110.852963629909411, -7.574120026939157 ], [ 110.852691171418797, -7.574014194203161 ], [ 110.852353102762947, -7.573938549916995 ], [ 110.851964552525729, -7.573918276886991 ], [ 110.851757659186617, -7.573918206533214 ], [ 110.850874663780743, -7.573661105722739 ], [ 110.849628413213111, -7.57320750107567 ], [ 110.849027995207052, -7.572985740591341 ], [ 110.848659688716353, -7.572799306564548 ], [ 110.848483115206278, -7.572678398193172 ], [ 110.848296432695278, -7.572602804310415 ], [ 110.848160200551405, -7.57256247452276 ], [ 110.847988635948582, -7.572547308374152 ], [ 110.847917991288696, -7.572542248882757 ], [ 110.847796872534659, -7.572572418341014 ], [ 110.847742023905667, -7.57259110207759 ], [ 110.847398176560588, -7.572708231307585 ], [ 110.847155899848104, -7.57287934629623 ], [ 110.846974164658164, -7.573085729905097 ], [ 110.846817630429015, -7.573377721793729 ], [ 110.846671150074741, -7.573775457818814 ], [ 110.846554804992849, -7.574576028581626 ], [ 110.846423129579833, -7.575915368614675 ], [ 110.84636750840545, -7.576232572755035 ], [ 110.846175639675891, -7.576549727873557 ], [ 110.846089827590816, -7.576625227362481 ], [ 110.845943442026737, -7.576751057407924 ], [ 110.8456002397878, -7.576917100889876 ], [ 110.844979488150869, -7.577103185633836 ], [ 110.844156916759232, -7.577203597824596 ], [ 110.84409317915663, -7.577216294170181 ], [ 110.844093392203732, -7.577213741549471 ], [ 110.844055651223215, -7.576919163808733 ], [ 110.843957361090006, -7.576609458048351 ], [ 110.843896897545775, -7.57635641362756 ], [ 110.843798588601388, -7.576099578139879 ], [ 110.84368511164395, -7.575925820148737 ], [ 110.843571611618188, -7.575816262180463 ], [ 110.843465666651767, -7.575744470894873 ], [ 110.84329160131557, -7.575665102823048 ], [ 110.843102380573157, -7.575631046380322 ], [ 110.842985056352703, -7.575631004100399 ], [ 110.842466555641778, -7.575638369126952 ], [ 110.842212965028295, -7.575691148551099 ], [ 110.84151658414055, -7.575702224546638 ], [ 110.840971617187947, -7.575637825851497 ], [ 110.840290441322153, -7.575467635930643 ], [ 110.840255430979639, -7.575455621255949 ], [ 110.839794714999499, -7.575297513204143 ], [ 110.838939478713172, -7.575040397605941 ], [ 110.838553475569569, -7.5749571726633 ], [ 110.838315055454473, -7.574923095915361 ], [ 110.838140970792693, -7.574896596108274 ], [ 110.837107888774696, -7.574560105368101 ], [ 110.836699216284686, -7.574374905384671 ], [ 110.836502449426973, -7.574284196382133 ], [ 110.836381363645984, -7.574223727455833 ], [ 110.836260320667478, -7.574049964744789 ], [ 110.836120415373102, -7.573713806507257 ], [ 110.836078926203612, -7.573339920372658 ], [ 110.836101712260117, -7.573132223396252 ], [ 110.836138139649705, -7.572989437157354 ], [ 110.836172557898962, -7.572854527154029 ], [ 110.836332916453912, -7.57222595829733 ], [ 110.836370841265051, -7.572018266978346 ], [ 110.836340750884446, -7.57152353908195 ], [ 110.836299243690235, -7.571194970980502 ], [ 110.836179134047399, -7.570950039732169 ], [ 110.836117721898091, -7.570824808766797 ], [ 110.83599289612782, -7.570651044554136 ], [ 110.835886953697923, -7.570579251461361 ], [ 110.835735572136699, -7.57057164127152 ], [ 110.835603113293629, -7.57056403816738 ], [ 110.835421446269237, -7.570579075923713 ], [ 110.835315471898198, -7.570594141307787 ], [ 110.833945282293811, -7.57101280998959 ], [ 110.833506231311304, -7.571107053346802 ], [ 110.833294287087412, -7.571122078641426 ], [ 110.83287043496621, -7.571057716257826 ], [ 110.831334028709847, -7.570679478179646 ], [ 110.831125903732087, -7.570603867809829 ], [ 110.831035092211891, -7.570554738892612 ], [ 110.83097077229759, -7.570509395906489 ], [ 110.830928325898412, -7.570447580134073 ], [ 110.830876214359193, -7.570362077159071 ], [ 110.830823279226934, -7.57023365654103 ], [ 110.830820612855121, -7.570227442015633 ], [ 110.830755218845141, -7.57007501921904 ], [ 110.830755676136491, -7.569943804300062 ], [ 110.830774670807315, -7.569463916545693 ], [ 110.830782021651785, -7.56927819491674 ], [ 110.830820106318811, -7.568666421926943 ], [ 110.830816361354437, -7.568564456446182 ], [ 110.830793698757859, -7.568447377304793 ], [ 110.830755896228382, -7.568337844539006 ], [ 110.830706734285386, -7.568239637097375 ], [ 110.830623514809943, -7.56813386416546 ], [ 110.83054029242669, -7.568035643471339 ], [ 110.830445730731554, -7.567899654365881 ], [ 110.83036252023868, -7.567771221911627 ], [ 110.830336090246107, -7.567612599809455 ], [ 110.830309661747378, -7.567450202030541 ], [ 110.830324892607521, -7.567212290679933 ], [ 110.830359063136243, -7.566932845223122 ], [ 110.830355369931311, -7.566698703081858 ], [ 110.830325143504012, -7.56657029122903 ], [ 110.830269989987485, -7.566490172805197 ], [ 110.830200323322373, -7.566388972242557 ], [ 110.829992232552385, -7.566234055918697 ], [ 110.82924681191929, -7.565878777041949 ], [ 110.828811669608342, -7.565667124319167 ], [ 110.828501400570516, -7.5655008374383 ], [ 110.828323569434914, -7.565391250282757 ], [ 110.828274226873603, -7.565332497129554 ], [ 110.828332895943817, -7.565186303729715 ], [ 110.828332933420739, -7.56509149757576 ], [ 110.828499337562548, -7.564742812418337 ], [ 110.828356847691865, -7.564681809155045 ], [ 110.829016040963126, -7.562359316685892 ], [ 110.829474731426885, -7.560798579885125 ], [ 110.829732961879571, -7.55990479437228 ], [ 110.830055757892865, -7.558763859955874 ], [ 110.831712685798891, -7.559004455494066 ], [ 110.832089303231712, -7.55905404887893 ], [ 110.832253516332557, -7.557817661047259 ], [ 110.832125225722706, -7.5577072134323 ], [ 110.832213901669064, -7.557265657936487 ], [ 110.83306795556723, -7.557332224316561 ], [ 110.833279672783135, -7.557345552654311 ], [ 110.834036376873087, -7.557398003936761 ], [ 110.834315204757644, -7.557306203667575 ], [ 110.834399848063285, -7.55727891232398 ], [ 110.834457103176604, -7.557271482185669 ], [ 110.834521825976026, -7.55726405487036 ], [ 110.8348230161549, -7.557279072632952 ], [ 110.835071935365647, -7.557286618592096 ], [ 110.835300946397922, -7.557279253194267 ], [ 110.835410470614846, -7.557284262400452 ], [ 110.835475198103282, -7.557264415190802 ], [ 110.835552378343067, -7.557224701054938 ], [ 110.835776519694278, -7.556931680117432 ], [ 110.835908520038558, -7.556740466426581 ], [ 110.835945893115976, -7.556648574283406 ], [ 110.836075476155017, -7.556268580251211 ], [ 110.836722624993499, -7.556393019382405 ], [ 110.836882071424171, -7.556030423010244 ], [ 110.837014104526375, -7.555749786728641 ], [ 110.837096289764048, -7.555640524445558 ], [ 110.837290572592693, -7.555307748309581 ], [ 110.837407660593627, -7.555054429786161 ], [ 110.837462427081761, -7.555044514367755 ], [ 110.837830868268682, -7.55494280933458 ], [ 110.838415885856605, -7.554798957901941 ], [ 110.83868225222227, -7.554741925489673 ], [ 110.838908780958548, -7.554712201688087 ], [ 110.839069339210255, -7.554694459832667 ], [ 110.839076255162638, -7.554656749916795 ], [ 110.839130742595131, -7.554121792294502 ], [ 110.838771069470539, -7.554131817095011 ], [ 110.838241747339907, -7.554124849756256 ], [ 110.836465330928959, -7.553978121750653 ], [ 110.836485007474138, -7.553408138250158 ], [ 110.836468603876682, -7.552802534605446 ], [ 110.83644169309558, -7.552575909633956 ], [ 110.836282877057357, -7.552166896376189 ], [ 110.836206294206548, -7.551963572606177 ], [ 110.836142316882899, -7.551750821589942 ], [ 110.836038291552725, -7.55145317512818 ], [ 110.83600474007028, -7.551313440709026 ], [ 110.83600292257789, -7.551181170054186 ], [ 110.836019878157117, -7.550775052128563 ], [ 110.836046013272835, -7.550778787863551 ], [ 110.836045478758649, -7.550746695296457 ], [ 110.836092207181366, -7.550086499077877 ], [ 110.836085633434536, -7.550002187887209 ], [ 110.836091644433836, -7.549903135101228 ], [ 110.836088107567022, -7.549820757212544 ], [ 110.836233106064256, -7.549841993008811 ], [ 110.836249984992406, -7.549602665236825 ], [ 110.836380631628572, -7.549128435849139 ], [ 110.836419669575832, -7.549139018565405 ], [ 110.836441303324264, -7.549100986738458 ], [ 110.836434882825188, -7.549013970033664 ], [ 110.836370212396986, -7.548784184793053 ], [ 110.836259891604868, -7.548769783411526 ], [ 110.836238336335342, -7.54869079452811 ], [ 110.836195175370051, -7.548664451719824 ], [ 110.836171212570051, -7.548607002479947 ], [ 110.836070688980456, -7.548585464040458 ], [ 110.83607074870072, -7.548426904526354 ], [ 110.8361817190236, -7.548307279529329 ], [ 110.836260981216697, -7.548290214646474 ], [ 110.836260606093234, -7.548268111313172 ], [ 110.836257746090226, -7.548099644744253 ], [ 110.83604681660276, -7.548078663753671 ], [ 110.835984163520124, -7.547903922356643 ], [ 110.83620658383704, -7.547750241347639 ], [ 110.836229123133023, -7.547680797733183 ], [ 110.836152400914671, -7.547611362150622 ], [ 110.836096085967952, -7.547592944777182 ], [ 110.835885932567749, -7.547629953339671 ], [ 110.835787423741891, -7.547355207168905 ], [ 110.835849206852885, -7.547076973466468 ], [ 110.835899694030928, -7.546756283085589 ], [ 110.835197024193803, -7.546633426771288 ], [ 110.835230477613962, -7.54612775521854 ], [ 110.835230762063389, -7.546123445949206 ], [ 110.835475527442441, -7.545484265076424 ], [ 110.835488977166335, -7.545163974173261 ], [ 110.835154268138666, -7.544501571807348 ], [ 110.835135671795953, -7.544205155834141 ], [ 110.834672286384404, -7.544064570653759 ], [ 110.834647051479777, -7.54405691477345 ], [ 110.834212326193224, -7.543937520479179 ], [ 110.833847284782308, -7.54385127220297 ], [ 110.833196886063604, -7.543596006134949 ], [ 110.83258954396662, -7.543572590824635 ], [ 110.832101736449943, -7.543403495089359 ], [ 110.832098752378485, -7.542535769691213 ], [ 110.83220168903469, -7.542400020409319 ], [ 110.832297976133773, -7.54229407507358 ], [ 110.832377663132235, -7.542204684241883 ], [ 110.83242751733647, -7.542019235512243 ], [ 110.832467358890625, -7.541979507536649 ], [ 110.832484056996464, -7.541707935450599 ], [ 110.832225203919364, -7.541664781380016 ], [ 110.832112365770698, -7.541658114820048 ], [ 110.832049307866356, -7.541658090615233 ], [ 110.831664590271444, -7.541546577379513 ], [ 110.831282741503358, -7.541435896216406 ], [ 110.831480053329543, -7.54103753855222 ], [ 110.8317622682126, -7.540467768263601 ], [ 110.831895902610384, -7.540197969772111 ], [ 110.832076562332588, -7.539833229209636 ], [ 110.832382183201901, -7.539081539169147 ], [ 110.83250746148903, -7.538721048561315 ], [ 110.832738407326318, -7.538056492296756 ], [ 110.832925301524341, -7.538099239546293 ], [ 110.832925685340186, -7.538098232000404 ], [ 110.832930097566347, -7.538099241377127 ], [ 110.832966247409828, -7.538015156277723 ], [ 110.83320562966361, -7.537375981594696 ], [ 110.83352662743296, -7.537265140936444 ], [ 110.83355830117641, -7.537211544465197 ], [ 110.833744194562996, -7.536837900497325 ], [ 110.833774197087138, -7.536521938775179 ], [ 110.833662778922474, -7.536001874639146 ], [ 110.833749691606343, -7.535636672470219 ], [ 110.833609685423895, -7.535529442041635 ], [ 110.833677956427223, -7.535329620112115 ], [ 110.833727877430235, -7.534965327447043 ], [ 110.834062979909476, -7.534079004370955 ], [ 110.834247768281884, -7.534127607332313 ], [ 110.834248298071572, -7.534126486768736 ], [ 110.834252565186972, -7.534127609148049 ], [ 110.834362172606603, -7.533895815274 ], [ 110.834528208478957, -7.533640859429479 ], [ 110.834604581198718, -7.533534906869547 ], [ 110.834684266441698, -7.533442202995929 ], [ 110.834747347916192, -7.533379300283778 ], [ 110.834813755734999, -7.533293214647362 ], [ 110.835129455392433, -7.532777573123274 ], [ 110.835129523416967, -7.532777463695717 ], [ 110.835129522453755, -7.532777613854239 ], [ 110.835138113652079, -7.532772973922247 ], [ 110.835258598936051, -7.532707896435673 ], [ 110.835442941335302, -7.532575168290829 ], [ 110.83558325440066, -7.532482632652868 ], [ 110.83567598663592, -7.532449871305087 ], [ 110.835811951885347, -7.532401837076289 ], [ 110.835933826634403, -7.532343746830892 ], [ 110.836096928458787, -7.532253348921072 ], [ 110.836227299622067, -7.532196548072239 ], [ 110.836265777984067, -7.532179783558057 ], [ 110.836460337135335, -7.532069139384689 ], [ 110.836507652612951, -7.532013022947415 ], [ 110.836521331441148, -7.531996800036764 ], [ 110.836583825645278, -7.531922681946726 ], [ 110.836645214067048, -7.53185314870867 ], [ 110.836890162708031, -7.531575696581321 ], [ 110.836974095864349, -7.531462850843184 ], [ 110.837030479332427, -7.531387043383805 ], [ 110.837179379219009, -7.531246118533574 ], [ 110.837370443942277, -7.531085400972893 ], [ 110.837918605335148, -7.531449190433395 ], [ 110.837955344236846, -7.531473572285091 ], [ 110.837957622517209, -7.531474940840434 ], [ 110.838477988800435, -7.531787615548089 ], [ 110.838536828150609, -7.531822969815708 ], [ 110.838511630345451, -7.531907787650705 ], [ 110.838493168526668, -7.531969932162028 ], [ 110.83857532274331, -7.532016767704994 ], [ 110.838665002219912, -7.532073483024107 ], [ 110.838717345372856, -7.532132784317917 ], [ 110.838742584790594, -7.532249177626221 ], [ 110.83874523592003, -7.532303689002511 ], [ 110.838785151793957, -7.53236055603305 ], [ 110.83883247160756, -7.532387671704919 ], [ 110.838887215171212, -7.53241972544635 ], [ 110.838929628354663, -7.532466681989644 ], [ 110.838942306476255, -7.532550893239118 ], [ 110.83895489315185, -7.532605373893769 ], [ 110.838981899775789, -7.53263212206065 ], [ 110.838987324659698, -7.532637495402263 ], [ 110.839017359406157, -7.532711729271143 ] ] ] } },
{ "type": "Feature", "properties": { "Kecamatan": "Laweyan" }, "geometry": { "type": "Polygon", "coordinates": [ [ [ 110.771215857268814, -7.545343164725718 ], [ 110.77130206267185, -7.545357549030378 ], [ 110.771372315905182, -7.545346433354337 ], [ 110.7714585372036, -7.545330546277449 ], [ 110.771551148717762, -7.545306696898586 ], [ 110.771672490345253, -7.545297200806569 ], [ 110.771806594868053, -7.545305236437231 ], [ 110.771880027295154, -7.545319613962151 ], [ 110.771921527082142, -7.545340347499231 ], [ 110.771967813222972, -7.545365862360125 ], [ 110.772023682152181, -7.545383416588989 ], [ 110.772124252704103, -7.545405773845925 ], [ 110.772202476587097, -7.545416967022264 ], [ 110.7722982748937, -7.545405864504855 ], [ 110.772363737521971, -7.545396339118137 ], [ 110.772451549256118, -7.545391605088986 ], [ 110.772509013735842, -7.545412346879158 ], [ 110.772540928975644, -7.545441040995716 ], [ 110.772564859467778, -7.545476103636861 ], [ 110.772595170110222, -7.545520729067553 ], [ 110.772643042613637, -7.545565362723874 ], [ 110.772670095510591, -7.545595951181673 ], [ 110.772733804813498, -7.545611205463461 ], [ 110.772781926198817, -7.545594112432283 ], [ 110.772845800873398, -7.545568654900524 ], [ 110.772892112025218, -7.545546374124648 ], [ 110.772946398025795, -7.545538436694004 ], [ 110.77302782207893, -7.545536885120575 ], [ 110.773093279808378, -7.545538512943502 ], [ 110.773155538175871, -7.54554969766503 ], [ 110.773525883763966, -7.545647073703745 ], [ 110.773867500124041, -7.545728503326291 ], [ 110.774467735123835, -7.545849896098161 ], [ 110.77466409266151, -7.545881861650397 ], [ 110.774729539658551, -7.545902606362674 ], [ 110.774796576438177, -7.545937691094668 ], [ 110.774862019330953, -7.545966402314987 ], [ 110.774953012212265, -7.545983974259959 ], [ 110.775050411817247, -7.545963313396396 ], [ 110.775112670387401, -7.545976090786465 ], [ 110.775246763699755, -7.546006430200094 ], [ 110.775342546458745, -7.546025598375615 ], [ 110.775452697623734, -7.54604477300555 ], [ 110.77552771765022, -7.546078268783472 ], [ 110.775637864733085, -7.546105408990625 ], [ 110.775740560949288, -7.546132015271816 ], [ 110.775881042688582, -7.546159702863211 ], [ 110.776034291283864, -7.54619589355717 ], [ 110.776091756872958, -7.546215041035531 ], [ 110.776208824094027, -7.546238467774894 ], [ 110.776306742976587, -7.546242766641947 ], [ 110.776376993794557, -7.546236429898664 ], [ 110.776430210457804, -7.546238581040848 ], [ 110.776474897410694, -7.546270468202365 ], [ 110.776545120974319, -7.546317237700989 ], [ 110.776662170814987, -7.546374652549683 ], [ 110.776751556772851, -7.546415059123045 ], [ 110.776794112298745, -7.546451193015829 ], [ 110.776872853457959, -7.546493718055906 ], [ 110.776949489284178, -7.546489509310562 ], [ 110.77709637704784, -7.546476837959518 ], [ 110.777173041138781, -7.546417398074367 ], [ 110.777372151635035, -7.54623047644934 ], [ 110.777667019373865, -7.546192478151105 ], [ 110.777850119915087, -7.546130968330315 ], [ 110.778190772122883, -7.546018555122437 ], [ 110.778363212400876, -7.545991027011785 ], [ 110.778552691258227, -7.54594438941525 ], [ 110.778659152455162, -7.545895585789749 ], [ 110.778753785155288, -7.54584677253385 ], [ 110.779001383327298, -7.545797504715078 ], [ 110.779106935822412, -7.545776170444789 ], [ 110.779274407092615, -7.545785435484274 ], [ 110.779319111614285, -7.545781209293512 ], [ 110.779361698347785, -7.545757863980763 ], [ 110.779421345153352, -7.545672923462873 ], [ 110.77944902940537, -7.545651695453368 ], [ 110.779489477149312, -7.545647467097483 ], [ 110.779591664544483, -7.545628400572813 ], [ 110.779685336257046, -7.545613577585521 ], [ 110.779767716892209, -7.545611563004279 ], [ 110.779823107026758, -7.545592571448933 ], [ 110.77993644577198, -7.545553710364077 ], [ 110.780102652393055, -7.545437474649661 ], [ 110.780198467443171, -7.545392913138043 ], [ 110.780279373590673, -7.545363214310885 ], [ 110.780402839745634, -7.545361151505168 ], [ 110.780484289102688, -7.545363309997769 ], [ 110.780788123384212, -7.54538896039958 ], [ 110.780928621447458, -7.545382658131357 ], [ 110.780996752247887, -7.545359325452762 ], [ 110.781062765503918, -7.545312624894504 ], [ 110.781105353331725, -7.545285030650648 ], [ 110.781162841463825, -7.545259568690996 ], [ 110.781703438222081, -7.545453146074345 ], [ 110.781801338015015, -7.545493555875436 ], [ 110.781865181323909, -7.545529699908376 ], [ 110.781911994715585, -7.54556796026932 ], [ 110.781939640702461, -7.545621080361073 ], [ 110.782039599502824, -7.545803816825678 ], [ 110.782082147981626, -7.545854820411043 ], [ 110.782111927548797, -7.545899444040698 ], [ 110.782150225656039, -7.545937700133523 ], [ 110.782260915618551, -7.545944127956505 ], [ 110.782343942689636, -7.545929299097896 ], [ 110.782424868972285, -7.545859238947249 ], [ 110.782512157938697, -7.545835915566147 ], [ 110.782552600373563, -7.545842308365777 ], [ 110.782633485246762, -7.545855094858481 ], [ 110.782686688132969, -7.545884860799976 ], [ 110.782793088628736, -7.54595501410336 ], [ 110.782846276552561, -7.546016643439863 ], [ 110.782918615404881, -7.546091028552443 ], [ 110.782971816222002, -7.546125043216954 ], [ 110.783378283747368, -7.546361037739502 ], [ 110.783776253093407, -7.546565163363862 ], [ 110.783910346475793, -7.546597093991306 ], [ 110.784010392897869, -7.546603516115541 ], [ 110.784133846630638, -7.546629067829273 ], [ 110.784206207920192, -7.546658843049815 ], [ 110.784544618169505, -7.54677372009586 ], [ 110.784625499080448, -7.546795002835509 ], [ 110.784706384202124, -7.546807788046351 ], [ 110.784812843009902, -7.546761106836337 ], [ 110.784861803176511, -7.546761130933142 ], [ 110.784915019975585, -7.546763281045496 ], [ 110.784987394840599, -7.546767565405654 ], [ 110.785042734641934, -7.546782462821117 ], [ 110.785068631972692, -7.546788936886785 ], [ 110.785076789183407, -7.546790976176168 ], [ 110.78636329943852, -7.547492669998186 ], [ 110.786434538492315, -7.547556374673834 ], [ 110.786477100167716, -7.547581887111852 ], [ 110.786528172020454, -7.547618024240995 ], [ 110.786555816483528, -7.547677516739603 ], [ 110.786585594553642, -7.547726389739296 ], [ 110.786634541298469, -7.547754028302045 ], [ 110.78667923126342, -7.547781665686782 ], [ 110.786732445079508, -7.547790189169855 ], [ 110.786772891930909, -7.547788084070641 ], [ 110.786841013461881, -7.547783868537122 ], [ 110.786883582464625, -7.547794510737837 ], [ 110.786945298154961, -7.547830653913421 ], [ 110.787009145367804, -7.547860424529188 ], [ 110.78713062549194, -7.547902389653696 ], [ 110.787196453252392, -7.547900876703571 ], [ 110.78729651146196, -7.547883931275589 ], [ 110.787336958320594, -7.54788182612424 ], [ 110.787388045845901, -7.547886099735189 ], [ 110.787426357049199, -7.547898863739533 ], [ 110.787473176512023, -7.547924378153248 ], [ 110.787511477481644, -7.547956260202064 ], [ 110.787575320606734, -7.54799452825177 ], [ 110.787616232960261, -7.548023051088475 ], [ 110.787707724897999, -7.548036114085338 ], [ 110.787796691332602, -7.548030747965929 ], [ 110.787847792470146, -7.548005282028677 ], [ 110.787896768184822, -7.547975566295419 ], [ 110.787922324958771, -7.547950087048437 ], [ 110.78794362287222, -7.547928854492429 ], [ 110.78796927897686, -7.547699447535308 ], [ 110.787992711475809, -7.547665470640019 ], [ 110.788024654180703, -7.547642119314899 ], [ 110.788069359740646, -7.547637892233159 ], [ 110.788120449442332, -7.547635793073085 ], [ 110.788196808885218, -7.547657784864104 ], [ 110.788639813379078, -7.547729511778022 ], [ 110.788793081234388, -7.547729585861414 ], [ 110.788820832168057, -7.547570279400417 ], [ 110.788833637309509, -7.54750230996502 ], [ 110.788854938248448, -7.547474704677649 ], [ 110.788893266975705, -7.547451356371773 ], [ 110.788935842182141, -7.54744925209911 ], [ 110.788979428405327, -7.547444653509845 ], [ 110.789020524224156, -7.54737714638986 ], [ 110.789105988971073, -7.547236755150382 ], [ 110.789315055005957, -7.546829151464869 ], [ 110.789351250245119, -7.546814299606413 ], [ 110.789378922800381, -7.546816436866896 ], [ 110.789427877729423, -7.546829205823364 ], [ 110.789553455261071, -7.546863254558496 ], [ 110.790011068981158, -7.546990930156638 ], [ 110.790351614649111, -7.547095182333978 ], [ 110.790970996641903, -7.547254798831212 ], [ 110.791449901933134, -7.547373985604402 ], [ 110.791773425530579, -7.547463359265755 ], [ 110.791893057107572, -7.547489597171654 ], [ 110.791980251925878, -7.547492305343257 ], [ 110.792073608410746, -7.547395525614442 ], [ 110.792116184619246, -7.547391297104057 ], [ 110.792182167526178, -7.547408322613082 ], [ 110.7922353763541, -7.547427465968774 ], [ 110.792316260841829, -7.547442374612497 ], [ 110.792442037918207, -7.547486563744149 ], [ 110.792618667302435, -7.547494206153256 ], [ 110.792820729178089, -7.547525459843595 ], [ 110.792984630675235, -7.547546780391038 ], [ 110.793174093584256, -7.547534124700571 ], [ 110.793355042110107, -7.547519340070274 ], [ 110.79346146293193, -7.54755125471099 ], [ 110.793514655614061, -7.547606510105703 ], [ 110.793565694932241, -7.547710622958557 ], [ 110.793606115572018, -7.547763748382862 ], [ 110.793674209875434, -7.547816887771487 ], [ 110.793772120337877, -7.547840300801052 ], [ 110.793984987257176, -7.547853146556061 ], [ 110.794059489823226, -7.547859554351997 ], [ 110.794121824993368, -7.547879025616695 ], [ 110.79412179957103, -7.54787911244333 ], [ 110.794127598362962, -7.547880829332739 ], [ 110.794180801313473, -7.547912717828702 ], [ 110.794204192170383, -7.547965835180512 ], [ 110.794202550865762, -7.548061028529842 ], [ 110.794208510993471, -7.54811838552978 ], [ 110.794225259121959, -7.548150655770635 ], [ 110.794265961321841, -7.548172182866349 ], [ 110.794342586885776, -7.548190142960177 ], [ 110.79438689126178, -7.548188968868264 ], [ 110.794427618305036, -7.548157920604316 ], [ 110.794479123171016, -7.548123292597466 ], [ 110.794524627245764, -7.548117339313116 ], [ 110.794573737543459, -7.548083906009206 ], [ 110.794590510510034, -7.548063599986641 ], [ 110.7946060976452, -7.548020591438772 ], [ 110.794628877584032, -7.547958467300012 ], [ 110.794646863775839, -7.547904705456916 ], [ 110.794658849535139, -7.547880813279938 ], [ 110.79468519925851, -7.54786648733467 ], [ 110.794723520304089, -7.547856945847881 ], [ 110.794785786935876, -7.547854585214092 ], [ 110.794885166461256, -7.547865386280336 ], [ 110.794971371025682, -7.547884544789385 ], [ 110.79505038302969, -7.547920429008277 ], [ 110.795091068375726, -7.547977803184708 ], [ 110.795123360341222, -7.548059071231726 ], [ 110.795154450370617, -7.548149897293596 ], [ 110.795187945087704, -7.548218022512106 ], [ 110.795207090223471, -7.548247903969133 ], [ 110.795274131189217, -7.54827661292628 ], [ 110.795360339224672, -7.548288601748629 ], [ 110.795419014129948, -7.548285044408924 ], [ 110.795474102861661, -7.548268341995626 ], [ 110.795535173785566, -7.548262395890071 ], [ 110.795575878524289, -7.548276754157459 ], [ 110.795617770400554, -7.548315009880363 ], [ 110.795645287275534, -7.548365208235281 ], [ 110.795755387359648, -7.548496699003294 ], [ 110.795888238165873, -7.548628199465296 ], [ 110.795942091378834, -7.54869274932863 ], [ 110.79599715830166, -7.548722646617757 ], [ 110.796060587791459, -7.548794370550737 ], [ 110.796092903722382, -7.548823063180381 ], [ 110.796093183345036, -7.548822147887003 ], [ 110.796107994788258, -7.548846077933774 ], [ 110.796108082857302, -7.548845776753383 ], [ 110.796108867286875, -7.548848942206313 ], [ 110.796186670148032, -7.548912308277067 ], [ 110.796223770866661, -7.548951757549697 ], [ 110.79625369338271, -7.548979254116198 ], [ 110.796268054971335, -7.548995989006086 ], [ 110.796272829116177, -7.549029448525818 ], [ 110.796270413516595, -7.549073658210402 ], [ 110.796258414384454, -7.549126227976927 ], [ 110.796234425409338, -7.549213444382401 ], [ 110.796205667877018, -7.549255252816652 ], [ 110.796200864078344, -7.549285123063286 ], [ 110.796210405089553, -7.54936757535862 ], [ 110.796226320172536, -7.549427356699198 ], [ 110.796266724391344, -7.54951659408191 ], [ 110.796298628027927, -7.549576088888413 ], [ 110.796328411311535, -7.549616463734136 ], [ 110.796424179113018, -7.549669614698431 ], [ 110.796502924849648, -7.54970788750618 ], [ 110.796575280596642, -7.549752530918719 ], [ 110.796683809693064, -7.549831179426796 ], [ 110.79675190371016, -7.549886441372757 ], [ 110.796807210709275, -7.549971437782695 ], [ 110.796845507516991, -7.550016065313623 ], [ 110.796892325801295, -7.550045826592205 ], [ 110.79696256216053, -7.550071349986755 ], [ 110.797024282017617, -7.550101118175052 ], [ 110.797088124345336, -7.550143633622394 ], [ 110.797183886417827, -7.550209529799171 ], [ 110.797239206327092, -7.550269034502984 ], [ 110.797328565503122, -7.550371040786885 ], [ 110.797409405239662, -7.550483663648164 ], [ 110.797551937311695, -7.550685534534021 ], [ 110.797634885812485, -7.550840644129639 ], [ 110.797658267364753, -7.550915004199117 ], [ 110.797820031152099, -7.550959688806742 ], [ 110.797939229305044, -7.550985234701688 ], [ 110.798054158979681, -7.551032021490754 ], [ 110.798169091557085, -7.551074559490703 ], [ 110.798352147132178, -7.551110757121809 ], [ 110.798439414743669, -7.551134164216202 ], [ 110.798509645471768, -7.551172432743048 ], [ 110.798562840301784, -7.551223439687441 ], [ 110.798626677048446, -7.551278700291383 ], [ 110.798654331269915, -7.551321197930951 ], [ 110.798681966820709, -7.551404056526727 ], [ 110.798686192191013, -7.55147203502851 ], [ 110.798677645195909, -7.551542131572936 ], [ 110.798628612671578, -7.551697180150817 ], [ 110.798551901350919, -7.551860712576142 ], [ 110.798496505221593, -7.551966900618834 ], [ 110.798475191861698, -7.5520221210581 ], [ 110.798470896730166, -7.552102841006159 ], [ 110.798494279472436, -7.552175077104634 ], [ 110.798532570742438, -7.552232449867546 ], [ 110.798596405663105, -7.552291958332293 ], [ 110.79868580390719, -7.552311117604348 ], [ 110.798753931978993, -7.552294154856014 ], [ 110.798807162340566, -7.552268688619288 ], [ 110.79889234107462, -7.552207123975137 ], [ 110.798926419827268, -7.552166778696229 ], [ 110.798966883745422, -7.552128561185393 ], [ 110.79900095757786, -7.552098836443036 ], [ 110.799043544992188, -7.552071241351344 ], [ 110.799071222850912, -7.552062756560445 ], [ 110.799113797505598, -7.552062776139623 ], [ 110.79913508038203, -7.552073407375357 ], [ 110.799158486771447, -7.552094661036073 ], [ 110.799190397927205, -7.552137160599846 ], [ 110.799281862762854, -7.552292273809441 ], [ 110.79934568309973, -7.552383646509985 ], [ 110.79944569885572, -7.552460165609525 ], [ 110.799541472494795, -7.552504819295438 ], [ 110.799620232726284, -7.552513352046754 ], [ 110.799801180246476, -7.552504938392222 ], [ 110.799967220257841, -7.552509262310325 ], [ 110.800063014467739, -7.552509306164271 ], [ 110.800148183319095, -7.552468984168422 ], [ 110.800290865617043, -7.552345842586793 ], [ 110.800388782605495, -7.552454899674766 ], [ 110.80051732955107, -7.55234871313353 ], [ 110.8005195149983, -7.55234690770698 ], [ 110.800608772900716, -7.552609192990435 ], [ 110.800739273584554, -7.552549897425324 ], [ 110.800740736726823, -7.552207356763016 ], [ 110.800812338018531, -7.552214862965678 ], [ 110.800887169774725, -7.552212982106042 ], [ 110.800992699526418, -7.552213030191599 ], [ 110.801203759875222, -7.552209297245391 ], [ 110.801445102156492, -7.551689096099484 ], [ 110.801500456142051, -7.551679597948361 ], [ 110.801553902854607, -7.551668194805702 ], [ 110.80161880195017, -7.55165298771588 ], [ 110.80167605629147, -7.551662536109695 ], [ 110.801731395513116, -7.551685416976952 ], [ 110.801773373270862, -7.551710194988796 ], [ 110.801829661821699, -7.551744503697339 ], [ 110.801266935770727, -7.552450214563049 ], [ 110.801134523419847, -7.552630454834342 ], [ 110.800979154596092, -7.552924960627849 ], [ 110.800749936062246, -7.553328627733086 ], [ 110.800217601505707, -7.554344164041376 ], [ 110.799853406121258, -7.554963622519987 ], [ 110.799453522270994, -7.555712576820866 ], [ 110.799150436591901, -7.556253339860753 ], [ 110.798396543391576, -7.557593820291185 ], [ 110.797826004214841, -7.558655046132524 ], [ 110.797502561338248, -7.559183100989642 ], [ 110.797095026607735, -7.559949824907962 ], [ 110.797088578077464, -7.5599647409599 ], [ 110.797048498427912, -7.559960436477337 ], [ 110.796993319552058, -7.56022524045822 ], [ 110.796992545480165, -7.5602289569705 ], [ 110.797092670963551, -7.560397559942568 ], [ 110.797191375590927, -7.560541878183655 ], [ 110.797209329353137, -7.560563965237304 ], [ 110.797201559717195, -7.560853458852172 ], [ 110.797218739639632, -7.560849657697644 ], [ 110.797216731891467, -7.56106106529568 ], [ 110.797686303676585, -7.560967958916524 ], [ 110.797829464028482, -7.560943265414624 ], [ 110.798066146939064, -7.5609205201751 ], [ 110.798371545931701, -7.560888283263969 ], [ 110.798661667857104, -7.560871276548514 ], [ 110.798862076551799, -7.560871368969024 ], [ 110.799039585154731, -7.560861927453037 ], [ 110.79913487201344, -7.560845708084075 ], [ 110.799329722907899, -7.560812541263113 ], [ 110.799606499720468, -7.560763149647666 ], [ 110.799723467774697, -7.560735989395914 ], [ 110.800032173473667, -7.560664306399801 ], [ 110.800232599601628, -7.560626306806292 ], [ 110.800480752402422, -7.560563569086934 ], [ 110.800620930345119, -7.560540331462517 ], [ 110.800765989310975, -7.560537857683859 ], [ 110.80104083288812, -7.560540523105733 ], [ 110.801198619852656, -7.560530436707447 ], [ 110.803064176825927, -7.560150365902044 ], [ 110.805185068917581, -7.559689841067806 ], [ 110.805993597237318, -7.5595142761026 ], [ 110.807686077991633, -7.559177278003414 ], [ 110.80734700145203, -7.56055351004526 ], [ 110.807290945449893, -7.560739396863565 ], [ 110.807201462003022, -7.561036131988955 ], [ 110.806819436488041, -7.562302956725118 ], [ 110.806811792894365, -7.562323269056436 ], [ 110.807549733886631, -7.562488659142943 ], [ 110.80855739472922, -7.562737968429365 ], [ 110.809049601792594, -7.56281970662433 ], [ 110.809474059064655, -7.562894627703092 ], [ 110.810046843495186, -7.562995729702591 ], [ 110.810153169996028, -7.563014496949751 ], [ 110.810958525892332, -7.563156648756202 ], [ 110.810937903950546, -7.56337714122601 ], [ 110.810921763753882, -7.563549718795756 ], [ 110.810898718965262, -7.56387158346699 ], [ 110.810864230615579, -7.564176302488522 ], [ 110.810858437939785, -7.564330571532471 ], [ 110.811484429830386, -7.564445117663292 ], [ 110.811955833309341, -7.564531027273777 ], [ 110.812335624140388, -7.564609279593744 ], [ 110.813215432156397, -7.564813447661638 ], [ 110.813297491528658, -7.564843955925367 ], [ 110.814425414167246, -7.565078701750217 ], [ 110.814297128355506, -7.566027131449746 ], [ 110.814612038711488, -7.566074880155477 ], [ 110.814673110962019, -7.566088237656333 ], [ 110.814722727114244, -7.566109209468487 ], [ 110.814745625315723, -7.566122551643186 ], [ 110.814774242632808, -7.566153036929145 ], [ 110.814785681580361, -7.566183514917418 ], [ 110.814802840457531, -7.566229232804007 ], [ 110.814808548107436, -7.566271135781197 ], [ 110.814819983905309, -7.566311137072465 ], [ 110.814823773604985, -7.566375894986527 ], [ 110.814838991705514, -7.56649588984797 ], [ 110.814844699361416, -7.566537793728883 ], [ 110.81504129111012, -7.566543590419858 ], [ 110.815564276323371, -7.56652286211294 ], [ 110.816060525040854, -7.56654021240985 ], [ 110.816184586044116, -7.566547883007328 ], [ 110.816255200453199, -7.566563149334341 ], [ 110.816323901020965, -7.566591747291325 ], [ 110.816762801551008, -7.566816673105748 ], [ 110.816730267840029, -7.567020450763611 ], [ 110.816667127935574, -7.567384200391938 ], [ 110.81662698119564, -7.567536550068382 ], [ 110.81637658303336, -7.568389699555222 ], [ 110.816357469766572, -7.568452542785416 ], [ 110.817298313714744, -7.568778622847834 ], [ 110.817300261795168, -7.568780830813346 ], [ 110.817296573684047, -7.56877963523617 ], [ 110.816712389996766, -7.571993160624436 ], [ 110.816564480207205, -7.572725731516734 ], [ 110.815889800429034, -7.575119724421934 ], [ 110.815598010473053, -7.575995740217012 ], [ 110.815423182735358, -7.575964923480692 ], [ 110.814738958304972, -7.575844317166241 ], [ 110.811809859240824, -7.575333239197738 ], [ 110.809588413806622, -7.575007498305619 ], [ 110.809486036552386, -7.575445522559654 ], [ 110.80865353362897, -7.575173252446426 ], [ 110.808008756923371, -7.576636642007256 ], [ 110.807810794048564, -7.576587166152344 ], [ 110.80756811904638, -7.576550414919039 ], [ 110.807138661525912, -7.576456226710486 ], [ 110.806900793092964, -7.576382834978077 ], [ 110.806525652271077, -7.576220161856946 ], [ 110.806096225962165, -7.576057465157179 ], [ 110.806014789719939, -7.576073361055751 ], [ 110.80561089069306, -7.575955284949247 ], [ 110.805327140079967, -7.575834560247428 ], [ 110.805353583974338, -7.575773068652127 ], [ 110.805376339101073, -7.575667337488888 ], [ 110.805387741627555, -7.575557825582687 ], [ 110.805384010310377, -7.575440753767366 ], [ 110.805372683147922, -7.575380325345173 ], [ 110.805331077129011, -7.575323659963987 ], [ 110.805206222726582, -7.575236745676089 ], [ 110.805088944678431, -7.575134728451273 ], [ 110.804952740414066, -7.575040255867356 ], [ 110.804903559874305, -7.574994916774083 ], [ 110.804858168405403, -7.57494202622678 ], [ 110.804790100713674, -7.574817372433438 ], [ 110.804759877986115, -7.574696512167099 ], [ 110.804748551834351, -7.57463608372972 ], [ 110.804744799383897, -7.574564328967503 ], [ 110.804729696080059, -7.574485016875214 ], [ 110.804763839531489, -7.574303762094936 ], [ 110.804786603213074, -7.574179148999476 ], [ 110.804813139732616, -7.574080972700232 ], [ 110.804813175419639, -7.574001667391993 ], [ 110.804798084923533, -7.57389591929317 ], [ 110.804756497816854, -7.573797712465865 ], [ 110.804703538698249, -7.573741041938238 ], [ 110.804631647366705, -7.573703245780914 ], [ 110.804514344334663, -7.573657875186253 ], [ 110.804419735261519, -7.573642727334965 ], [ 110.804351622809534, -7.573620037312445 ], [ 110.80424565611176, -7.573612437469302 ], [ 110.804169970777465, -7.573597297162245 ], [ 110.804105643888505, -7.573570833134752 ], [ 110.804037533970615, -7.573540590823128 ], [ 110.804034891933142, -7.573537512292957 ], [ 110.803992142757281, -7.57348770018865 ], [ 110.803912707654447, -7.573393252828211 ], [ 110.803795437238904, -7.573276129882097 ], [ 110.803647881329894, -7.573177875218536 ], [ 110.803549509889166, -7.573113630939769 ], [ 110.803390623033749, -7.572966277440694 ], [ 110.803193852943778, -7.572898212096319 ], [ 110.803016006600487, -7.572830155220404 ], [ 110.802781403105485, -7.572735638384114 ], [ 110.80264897018715, -7.572671378487664 ], [ 110.802490055389313, -7.572584448014974 ], [ 110.802448454358739, -7.572520229223768 ], [ 110.802410635447004, -7.572459788716838 ], [ 110.802384169023497, -7.572403129928559 ], [ 110.802353916154487, -7.572350245089613 ], [ 110.802327453185754, -7.572286034058139 ], [ 110.80230100571265, -7.572187833875068 ], [ 110.80226320578231, -7.572085851965739 ], [ 110.802198960157327, -7.571881894195893 ], [ 110.802172512735766, -7.571783694004595 ], [ 110.802134705979796, -7.571696818372993 ], [ 110.802096887181264, -7.57163637783954 ], [ 110.802051494680057, -7.571587263581763 ], [ 110.802013667286687, -7.5715457049981 ], [ 110.801881231398013, -7.571488998021608 ], [ 110.801707160215557, -7.571443600876732 ], [ 110.801487668108976, -7.571409513598262 ], [ 110.801211413097917, -7.57136406969725 ], [ 110.801075170145552, -7.571356454381077 ], [ 110.800980556515469, -7.571352634609077 ], [ 110.800897295324233, -7.571352596576312 ], [ 110.80082537699522, -7.571375223148937 ], [ 110.80068533288528, -7.571405370796898 ], [ 110.800560419802849, -7.571450630710894 ], [ 110.800446860867837, -7.571495896692396 ], [ 110.800356019777595, -7.571518513615985 ], [ 110.800265176939888, -7.571544907092225 ], [ 110.800181910497827, -7.571556198637345 ], [ 110.799943476606018, -7.571563641481778 ], [ 110.799723970655833, -7.571559764986539 ], [ 110.799534734624828, -7.571571006787587 ], [ 110.799428750245596, -7.57160494626701 ], [ 110.799284911609377, -7.571653973671242 ], [ 110.799171352496245, -7.571699239315056 ], [ 110.79909185324108, -7.571748296300989 ], [ 110.79900098404255, -7.571831337178496 ], [ 110.798910121811033, -7.571899270845308 ], [ 110.798826817594502, -7.5719898674152 ], [ 110.79875486668503, -7.57208424578373 ], [ 110.7986602178797, -7.572155955123192 ], [ 110.798576932000756, -7.572208786833013 ], [ 110.798489870141168, -7.57224273482386 ], [ 110.798417956812401, -7.572254031277161 ], [ 110.798221180856274, -7.57220106909416 ], [ 110.797736845905305, -7.571996915985214 ], [ 110.797574144130991, -7.571917535134687 ], [ 110.79744927819948, -7.57186083034071 ], [ 110.797335757660647, -7.571823012743557 ], [ 110.797195745824666, -7.571781406217005 ], [ 110.797025459790476, -7.57173600987831 ], [ 110.796858956751024, -7.571694390904737 ], [ 110.796684872771038, -7.571675427762393 ], [ 110.796537278340509, -7.571664029158853 ], [ 110.796366969387321, -7.571667726178726 ], [ 110.796109604700902, -7.571690264362092 ], [ 110.795659216461942, -7.571731594779692 ], [ 110.795504040139107, -7.571746627367312 ], [ 110.795382907619725, -7.571799441601646 ], [ 110.79526933383282, -7.571874916972491 ], [ 110.795167114187677, -7.571950398554375 ], [ 110.79509517586709, -7.572014563732837 ], [ 110.795011896736597, -7.572052289373137 ], [ 110.794905919933512, -7.572067345790812 ], [ 110.794860505010135, -7.572067324412723 ], [ 110.794796168233034, -7.572063517548144 ], [ 110.794728050302908, -7.572052155750232 ], [ 110.794618320060877, -7.572003010426521 ], [ 110.794569124875594, -7.571991657522604 ], [ 110.794474509412993, -7.571991612906396 ], [ 110.794395032859967, -7.571991575413105 ], [ 110.794251198057893, -7.572033048900617 ], [ 110.794171702676138, -7.572070776164864 ], [ 110.794077070181544, -7.572108495356386 ], [ 110.794008945094092, -7.572112239727616 ], [ 110.793955955331654, -7.572123544387512 ], [ 110.793887826653517, -7.57213484097567 ], [ 110.793831050362485, -7.572149920400251 ], [ 110.793770485749221, -7.572172550261939 ], [ 110.793691001076738, -7.572187618919762 ], [ 110.79362287508566, -7.57219513889622 ], [ 110.79353582274392, -7.572206427370132 ], [ 110.7934412117432, -7.572198829388436 ], [ 110.793304965131796, -7.572198764780026 ], [ 110.793244422081997, -7.572176077535545 ], [ 110.793157385046158, -7.572157154278004 ], [ 110.793104415068626, -7.572126917467336 ], [ 110.793051455000338, -7.572074021229512 ], [ 110.79303273359298, -7.572045346581357 ], [ 110.792986684869092, -7.572020939365932 ], [ 110.792953801394816, -7.572029180638138 ], [ 110.7929401075274, -7.572084162812781 ], [ 110.792920150630692, -7.572178748514887 ], [ 110.792910543437188, -7.572205071397088 ], [ 110.792903336949195, -7.572229001028867 ], [ 110.792893217203769, -7.572261784995072 ], [ 110.792858695720355, -7.57234956956092 ], [ 110.792842625042937, -7.572389122291779 ], [ 110.792804351407696, -7.572478875217142 ], [ 110.792777698477693, -7.572542046606764 ], [ 110.792758246220245, -7.572591579631766 ], [ 110.792737352905448, -7.57264613774909 ], [ 110.792715736939158, -7.572708593303107 ], [ 110.792689091309313, -7.572754532672151 ], [ 110.792651647461994, -7.572811237589853 ], [ 110.792607789711866, -7.572877924975297 ], [ 110.792554983437654, -7.572960229981454 ], [ 110.792539834399363, -7.573040100629787 ], [ 110.792529704917413, -7.573155694145831 ], [ 110.792520919863435, -7.573470174719894 ], [ 110.792507223153009, -7.573523300700112 ], [ 110.792427346369777, -7.573536904436819 ], [ 110.792166860521959, -7.573551140262683 ], [ 110.792118649040745, -7.573552553714195 ], [ 110.791949562705469, -7.573534522756745 ], [ 110.791749537303332, -7.573511451167465 ], [ 110.791589811766912, -7.573478346305768 ], [ 110.791466062669173, -7.573448849741873 ], [ 110.791369971124325, -7.57340914115489 ], [ 110.791242329503135, -7.5733475042772 ], [ 110.791108533581578, -7.57326127916587 ], [ 110.791007828275966, -7.573194457489138 ], [ 110.790857477069295, -7.573120430597779 ], [ 110.790781219564991, -7.573088083730791 ], [ 110.7907107122615, -7.573068664076412 ], [ 110.790657949497202, -7.573060022720322 ], [ 110.790612381119544, -7.573052820364339 ], [ 110.79055721727164, -7.573049204524912 ], [ 110.7905056493546, -7.573047982989353 ], [ 110.790425296755714, -7.573053927156261 ], [ 110.790365328648264, -7.573064668993822 ], [ 110.79022117586257, -7.573108000767369 ], [ 110.790082075592366, -7.573139088889499 ], [ 110.789995708618363, -7.573166613063455 ], [ 110.789884993386721, -7.573197715707296 ], [ 110.789824388980037, -7.573217581536539 ], [ 110.789764855866707, -7.573264073823119 ], [ 110.789732115233406, -7.573289642814352 ], [ 110.789744657687905, -7.573376118298365 ], [ 110.789740661691525, -7.573467837720207 ], [ 110.789689559769187, -7.573531881771426 ], [ 110.78960715962701, -7.573660372000746 ], [ 110.789509072395873, -7.573776872730598 ], [ 110.789431314536699, -7.573871611225166 ], [ 110.789356436255346, -7.573963479999357 ], [ 110.789216307786347, -7.574076377335184 ], [ 110.789192313651668, -7.57409359773726 ], [ 110.789167591864, -7.574117683453894 ], [ 110.789150080369922, -7.574134743264153 ], [ 110.788992699240225, -7.574213168148792 ], [ 110.788837233000891, -7.574298295843899 ], [ 110.788730405069515, -7.574365630711107 ], [ 110.788706713887692, -7.574380563580993 ], [ 110.788668503217522, -7.574409669406585 ], [ 110.788604978363153, -7.574458058275012 ], [ 110.788493645298075, -7.574543207257343 ], [ 110.788442768369094, -7.574602537558578 ], [ 110.788440020207972, -7.574705733809759 ], [ 110.788439836445406, -7.574712629238714 ], [ 110.788430231024421, -7.574734643555922 ], [ 110.788426518092422, -7.574739802310323 ], [ 110.788398549087844, -7.574778665227149 ], [ 110.788378252454692, -7.574798055626441 ], [ 110.788375512558744, -7.574800673018265 ], [ 110.788344797659505, -7.5748284210809 ], [ 110.788289131746026, -7.574870517023947 ], [ 110.7882392288425, -7.574897297815157 ], [ 110.788222769150607, -7.574906321014911 ], [ 110.788200842540746, -7.574918340196922 ], [ 110.78816202068711, -7.574938376484362 ], [ 110.788147101828457, -7.574946077048138 ], [ 110.788128193904328, -7.574958192674152 ], [ 110.788120230286111, -7.574963295988625 ], [ 110.788116619116266, -7.574964259405536 ], [ 110.788090520412425, -7.574971220924626 ], [ 110.788066496112918, -7.574977629856165 ], [ 110.788038652388039, -7.575019739301986 ], [ 110.788037846567192, -7.575021425928177 ], [ 110.788019445175038, -7.575059937979519 ], [ 110.787971468726951, -7.575080906925733 ], [ 110.787910048312568, -7.575107751722763 ], [ 110.787871657762437, -7.575137410077533 ], [ 110.787798711964982, -7.575395377086296 ], [ 110.787785703564225, -7.575409620399563 ], [ 110.787769490680063, -7.57542737277731 ], [ 110.787662003809785, -7.575378795773249 ], [ 110.787652312735162, -7.57537382587793 ], [ 110.787482639666862, -7.57528680424287 ], [ 110.787397280141917, -7.575229322554051 ], [ 110.787359873061817, -7.575209200282477 ], [ 110.787257697228824, -7.575205815248986 ], [ 110.787161277394802, -7.575203359281262 ], [ 110.787000809132124, -7.575218359073631 ], [ 110.786926364067781, -7.575174231332935 ], [ 110.78685839271904, -7.575103903238868 ], [ 110.786820030804861, -7.575075164449961 ], [ 110.786764639467464, -7.575045205201031 ], [ 110.786680916258348, -7.575021126232167 ], [ 110.786621954927753, -7.574987694391946 ], [ 110.785948994529761, -7.575341579217373 ], [ 110.785416357411876, -7.575671597273641 ], [ 110.784829738959075, -7.576031505642787 ], [ 110.784763768283156, -7.576053013504858 ], [ 110.784547908101032, -7.57603854586241 ], [ 110.7840778104664, -7.576008396299644 ], [ 110.783732433553581, -7.575986685378319 ], [ 110.783419435494451, -7.575966186124706 ], [ 110.783289917822486, -7.575958942148294 ], [ 110.782985279648955, -7.575933363075929 ], [ 110.782780260356006, -7.575916149173733 ], [ 110.782644740844688, -7.575904769949993 ], [ 110.78237481874632, -7.575849386007853 ], [ 110.782498754750705, -7.575656228759719 ], [ 110.782798291778093, -7.575256212198786 ], [ 110.782930788848432, -7.5750590672265 ], [ 110.783032571949676, -7.574888711951123 ], [ 110.783095960839063, -7.574752802446929 ], [ 110.783268888563967, -7.574283793524383 ], [ 110.783361134057515, -7.573998553370594 ], [ 110.783484110315186, -7.57365397437769 ], [ 110.783620544117724, -7.573257705097266 ], [ 110.783787725671985, -7.572765717040398 ], [ 110.783851164557817, -7.572528329439709 ], [ 110.783901212402242, -7.572210519145647 ], [ 110.783918527406243, -7.572118622783485 ], [ 110.783924301932899, -7.572082247565623 ], [ 110.783922399038502, -7.572049696669747 ], [ 110.783928187866451, -7.571984601444736 ], [ 110.783930168949112, -7.571860148429029 ], [ 110.783916805688563, -7.571722285733524 ], [ 110.783895752579241, -7.571615053302875 ], [ 110.783849814861441, -7.571387184466636 ], [ 110.783824950287922, -7.571226340049817 ], [ 110.783786695769635, -7.570983157976398 ], [ 110.783608702058828, -7.570069771331582 ], [ 110.783551264289258, -7.569817005764894 ], [ 110.783547478571009, -7.569713611826001 ], [ 110.783557118064522, -7.569621712559928 ], [ 110.783632292658723, -7.568936296695673 ], [ 110.783676583810944, -7.568618483510952 ], [ 110.783776711274243, -7.567677042118871 ], [ 110.78323768218975, -7.567613063057866 ], [ 110.783311437383034, -7.567368739849194 ], [ 110.783572339376036, -7.56651253251033 ], [ 110.783708792604628, -7.566072225048517 ], [ 110.783853941261796, -7.565508905161724 ], [ 110.783991911827826, -7.564947362740321 ], [ 110.784126378441456, -7.564458637121112 ], [ 110.784076637843, -7.564250252567371 ], [ 110.784056641203478, -7.56416647788948 ], [ 110.783883615864696, -7.563714393281991 ], [ 110.783843358464026, -7.56364065830298 ], [ 110.783748262873672, -7.56356728510258 ], [ 110.782954414808515, -7.563176027147112 ], [ 110.782201027112947, -7.562761421189459 ], [ 110.780856078839705, -7.561864312140301 ], [ 110.780749672707785, -7.561798406161901 ], [ 110.780651766341194, -7.56176224480527 ], [ 110.780500662864611, -7.56168144701308 ], [ 110.780390003302088, -7.561607042206048 ], [ 110.780247421119739, -7.561513503259794 ], [ 110.779755837992099, -7.561181871600008 ], [ 110.779387702273553, -7.560897035408686 ], [ 110.779332372771165, -7.560858770457282 ], [ 110.779291938713484, -7.560833258390002 ], [ 110.779257886443986, -7.560818371884166 ], [ 110.778753444730924, -7.560658796748327 ], [ 110.778608716368495, -7.560601368338383 ], [ 110.778268173047096, -7.560477988820416 ], [ 110.77827029436159, -7.560470662901373 ], [ 110.778332149327895, -7.560257098794858 ], [ 110.778359863833799, -7.56017851499814 ], [ 110.77857787847411, -7.559458739138956 ], [ 110.779035607912775, -7.557983320983517 ], [ 110.779103890658646, -7.557663300501013 ], [ 110.779078658591132, -7.557484718835024 ], [ 110.779061468099243, -7.557363050303816 ], [ 110.778999856541887, -7.557268803871266 ], [ 110.778999110174581, -7.557267661929016 ], [ 110.778879976759413, -7.557085423481956 ], [ 110.778880113920891, -7.557084869955992 ], [ 110.778913275576201, -7.556950298835926 ], [ 110.778926050326959, -7.556851266900377 ], [ 110.778923580709517, -7.556703977603334 ], [ 110.778915505189275, -7.556592689975639 ], [ 110.778909906970114, -7.556515537464723 ], [ 110.778905890368137, -7.556460182218276 ], [ 110.778890662808394, -7.556378911761199 ], [ 110.778852579723178, -7.556203671373588 ], [ 110.778799201050802, -7.556079211093744 ], [ 110.778771242700728, -7.556010632504414 ], [ 110.778756002257808, -7.555954756870193 ], [ 110.778757552888763, -7.555918070197689 ], [ 110.77876115420473, -7.555832866264308 ], [ 110.778784164734276, -7.555622103687418 ], [ 110.778802079767203, -7.555424035943244 ], [ 110.778791927058265, -7.555370702912636 ], [ 110.778758870696691, -7.555319897400239 ], [ 110.778679274240915, -7.555223195860497 ], [ 110.778652061546836, -7.555175094341258 ], [ 110.778641904983274, -7.555129379574983 ], [ 110.778639386332713, -7.555078589532145 ], [ 110.778657241037592, -7.554997335832379 ], [ 110.778675096641393, -7.554916083036412 ], [ 110.778672584835675, -7.554850056457055 ], [ 110.778657349612288, -7.554784022524468 ], [ 110.778634486443593, -7.554705288211551 ], [ 110.778611933441098, -7.55464586476759 ], [ 110.778606530787584, -7.554631630463919 ], [ 110.778576009952332, -7.554598601884966 ], [ 110.77856585858089, -7.554542728822785 ], [ 110.778565230579119, -7.554513867364719 ], [ 110.778563372266433, -7.554428452609501 ], [ 110.778557107047732, -7.554381381152642 ], [ 110.778553232150628, -7.55435226476908 ], [ 110.778512550926166, -7.554281139684522 ], [ 110.778386117463256, -7.554261214857536 ], [ 110.778361903537046, -7.554252186743117 ], [ 110.769335781387497, -7.551444433481215 ], [ 110.769138585645052, -7.551377342497357 ], [ 110.769145875953811, -7.551354344106546 ], [ 110.769180477734551, -7.551231823363241 ], [ 110.769828738741055, -7.549011863877818 ], [ 110.770023342879043, -7.548377253014636 ], [ 110.770284267155418, -7.547504299815265 ], [ 110.770543753137503, -7.546627038088531 ], [ 110.770938761566015, -7.545264476942953 ], [ 110.770969887744911, -7.545159356247558 ], [ 110.770995625285835, -7.54517257822546 ], [ 110.771051474949502, -7.545228368643953 ], [ 110.771132858744792, -7.545303291364617 ], [ 110.771215857268814, -7.545343164725718 ] ] ] } },
{ "type": "Feature", "properties": { "Kecamatan": "Pasar Kliwon" }, "geometry": { "type": "Polygon", "coordinates": [ [ [ 110.827551656852833, -7.565043510382311 ], [ 110.827718168079002, -7.565066235665623 ], [ 110.828024681732686, -7.565156991831301 ], [ 110.828160902498794, -7.565217468988171 ], [ 110.828225216857433, -7.565274141208112 ], [ 110.828274226873603, -7.565332497129554 ], [ 110.828323569434914, -7.565391250282757 ], [ 110.828501400570516, -7.5655008374383 ], [ 110.828811669608342, -7.565667124319167 ], [ 110.82924681191929, -7.565878777041949 ], [ 110.829992232552385, -7.566234055918697 ], [ 110.830200323322373, -7.566388972242557 ], [ 110.830269989987485, -7.566490172805197 ], [ 110.830325143504012, -7.56657029122903 ], [ 110.830355369931311, -7.566698703081858 ], [ 110.830359063136243, -7.566932845223122 ], [ 110.830324892607521, -7.567212290679933 ], [ 110.830309661747378, -7.567450202030541 ], [ 110.830336090246107, -7.567612599809455 ], [ 110.83036252023868, -7.567771221911627 ], [ 110.830445730731554, -7.567899654365881 ], [ 110.83054029242669, -7.568035643471339 ], [ 110.830623514809943, -7.56813386416546 ], [ 110.830706734285386, -7.568239637097375 ], [ 110.830755896228382, -7.568337844539006 ], [ 110.830793698757859, -7.568447377304793 ], [ 110.830816361354437, -7.568564456446182 ], [ 110.830820106318811, -7.568666421926943 ], [ 110.830782021651785, -7.56927819491674 ], [ 110.830774670807315, -7.569463916545693 ], [ 110.830755676136491, -7.569943804300062 ], [ 110.830755218845141, -7.57007501921904 ], [ 110.830820612855121, -7.570227442015633 ], [ 110.830823279226934, -7.57023365654103 ], [ 110.830876214359193, -7.570362077159071 ], [ 110.830928325898412, -7.570447580134073 ], [ 110.83097077229759, -7.570509395906489 ], [ 110.831035092211891, -7.570554738892612 ], [ 110.831125903732087, -7.570603867809829 ], [ 110.831334028709847, -7.570679478179646 ], [ 110.83287043496621, -7.571057716257826 ], [ 110.833294287087412, -7.571122078641426 ], [ 110.833506231311304, -7.571107053346802 ], [ 110.833945282293811, -7.57101280998959 ], [ 110.835315471898198, -7.570594141307787 ], [ 110.835421446269237, -7.570579075923713 ], [ 110.835603113293629, -7.57056403816738 ], [ 110.835735572136699, -7.57057164127152 ], [ 110.835886953697923, -7.570579251461361 ], [ 110.83599289612782, -7.570651044554136 ], [ 110.836117721898091, -7.570824808766797 ], [ 110.836179134047399, -7.570950039732169 ], [ 110.836299243690235, -7.571194970980502 ], [ 110.836340750884446, -7.57152353908195 ], [ 110.836370841265051, -7.572018266978346 ], [ 110.836332916453912, -7.57222595829733 ], [ 110.836172557898962, -7.572854527154029 ], [ 110.836138139649705, -7.572989437157354 ], [ 110.836101712260117, -7.573132223396252 ], [ 110.836078926203612, -7.573339920372658 ], [ 110.836120415373102, -7.573713806507257 ], [ 110.836260320667478, -7.574049964744789 ], [ 110.836381363645984, -7.574223727455833 ], [ 110.836502449426973, -7.574284196382133 ], [ 110.836699216284686, -7.574374905384671 ], [ 110.837107888774696, -7.574560105368101 ], [ 110.838140970792693, -7.574896596108274 ], [ 110.838315055454473, -7.574923095915361 ], [ 110.838553475569569, -7.5749571726633 ], [ 110.838939478713172, -7.575040397605941 ], [ 110.839794714999499, -7.575297513204143 ], [ 110.840255430979639, -7.575455621255949 ], [ 110.840290441322153, -7.575467635930643 ], [ 110.840971617187947, -7.575637825851497 ], [ 110.84151658414055, -7.575702224546638 ], [ 110.842212965028295, -7.575691148551099 ], [ 110.842466555641778, -7.575638369126952 ], [ 110.842985056352703, -7.575631004100399 ], [ 110.843102380573157, -7.575631046380322 ], [ 110.84329160131557, -7.575665102823048 ], [ 110.843465666651767, -7.575744470894873 ], [ 110.843571611618188, -7.575816262180463 ], [ 110.84368511164395, -7.575925820148737 ], [ 110.843798588601388, -7.576099578139879 ], [ 110.843896897545775, -7.57635641362756 ], [ 110.843957361090006, -7.576609458048351 ], [ 110.844055651223215, -7.576919163808733 ], [ 110.844093392203732, -7.577213741549471 ], [ 110.84409317915663, -7.577216294170181 ], [ 110.844005519095631, -7.577233755353808 ], [ 110.843833914739605, -7.577324329059923 ], [ 110.843702689219384, -7.577389741196089 ], [ 110.84364210542229, -7.57747028407992 ], [ 110.843591612246925, -7.577555865416506 ], [ 110.843531015684661, -7.577671655757804 ], [ 110.843505748627521, -7.577772352467761 ], [ 110.843429976485098, -7.577988842222551 ], [ 110.84337932129813, -7.578522564676584 ], [ 110.843308464599716, -7.579101597893393 ], [ 110.843202184175425, -7.579957558761948 ], [ 110.843141481461487, -7.580365394838018 ], [ 110.84306065372887, -7.58060705956414 ], [ 110.842949566539858, -7.580798360466712 ], [ 110.84282335642412, -7.580944338731147 ], [ 110.842819851819144, -7.580946591653866 ], [ 110.842439750222596, -7.581190928717509 ], [ 110.84196532899756, -7.581387133408831 ], [ 110.841712967444522, -7.581517959193814 ], [ 110.841495919086285, -7.581679009420016 ], [ 110.841369711914069, -7.58181491576229 ], [ 110.84130911045736, -7.581940776321949 ], [ 110.841278797726559, -7.582036435287271 ], [ 110.841273705783124, -7.58216231608181 ], [ 110.841278670452525, -7.58238387056193 ], [ 110.84125834694278, -7.582761509286282 ], [ 110.841268363885547, -7.582967960192511 ], [ 110.841338816511325, -7.583501726386675 ], [ 110.841454669912395, -7.584080826242667 ], [ 110.841510051700894, -7.584428281713313 ], [ 110.841535202649823, -7.584649843524149 ], [ 110.841520007988038, -7.584800896612053 ], [ 110.841454255213421, -7.585213766216248 ], [ 110.840962954884745, -7.587845362581857 ], [ 110.840828027644221, -7.588818801925868 ], [ 110.840701397508951, -7.589587779846774 ], [ 110.840693156583853, -7.589637825752901 ], [ 110.840659479513675, -7.589731805418337 ], [ 110.840612355323742, -7.58979892529177 ], [ 110.840545043153355, -7.58987275147028 ], [ 110.840484464407169, -7.589933152679039 ], [ 110.840403702621416, -7.589986832755357 ], [ 110.840322933385409, -7.59006065395707 ], [ 110.840195067090022, -7.590127744118401 ], [ 110.840140187269284, -7.590147895840214 ], [ 110.840067208197979, -7.590174693100522 ], [ 110.839932633190614, -7.590188070999628 ], [ 110.839515456097047, -7.590214772051548 ], [ 110.839253029538881, -7.590254957379493 ], [ 110.83901080342946, -7.590254867744746 ], [ 110.838694566293213, -7.590248036805424 ], [ 110.838331212099447, -7.590288184113575 ], [ 110.838149542511431, -7.59028811651465 ], [ 110.837994774372831, -7.590321627434498 ], [ 110.837813087163042, -7.590368555683749 ], [ 110.837557381320465, -7.5904288836306 ], [ 110.837402603000967, -7.590489249187573 ], [ 110.837241106231346, -7.590522757319262 ], [ 110.837119983006858, -7.59054956680638 ], [ 110.836958445728058, -7.590690494229631 ], [ 110.836756509420781, -7.590905257265031 ], [ 110.836473843409721, -7.591086421272136 ], [ 110.835679559982566, -7.591925335813379 ], [ 110.834959233639083, -7.592905264850065 ], [ 110.834151409594142, -7.593945582594686 ], [ 110.833909078373992, -7.594214038482865 ], [ 110.833660041520417, -7.594422068259632 ], [ 110.833485036779962, -7.594583130289195 ], [ 110.833310050019691, -7.594697196275311 ], [ 110.833161985224038, -7.594791131395012 ], [ 110.83302067485495, -7.594817931951384 ], [ 110.832832259273971, -7.594858141760866 ], [ 110.832758234593513, -7.594884968114926 ], [ 110.832677483927895, -7.594905078155302 ], [ 110.83256309818438, -7.594905034087636 ], [ 110.832482360507214, -7.594891575543892 ], [ 110.83199128682206, -7.594602696375166 ], [ 110.830699801143552, -7.593581711108875 ], [ 110.82980513089565, -7.593003982546767 ], [ 110.829657129391705, -7.592936787456833 ], [ 110.829562943034446, -7.592903181977126 ], [ 110.829421654262688, -7.592876271701541 ], [ 110.829219805999472, -7.592856051296121 ], [ 110.828964132093603, -7.592829095906767 ], [ 110.828472977987829, -7.592755051520118 ], [ 110.828257667429725, -7.592748252775753 ], [ 110.828182069515464, -7.592741937045221 ], [ 110.82818039861472, -7.592739901104785 ], [ 110.828177847341038, -7.59274039127695 ], [ 110.828059039032851, -7.592763219928022 ], [ 110.827986649145728, -7.59277593665576 ], [ 110.827914265230362, -7.592775907999328 ], [ 110.827805693523686, -7.592763119619412 ], [ 110.827624742992143, -7.592737556231185 ], [ 110.827564643247001, -7.592725696106368 ], [ 110.827561923760541, -7.5927251595226 ], [ 110.827462955309386, -7.592705628593902 ], [ 110.827211768209764, -7.592633303503178 ], [ 110.827054242138374, -7.592592879890457 ], [ 110.826947810170338, -7.592552476569401 ], [ 110.826835000022001, -7.592492952620585 ], [ 110.826558286510505, -7.592367511562607 ], [ 110.826387995613928, -7.592305839724629 ], [ 110.826032504910387, -7.592195236161792 ], [ 110.825781319218109, -7.592120786327688 ], [ 110.825066050537586, -7.591978173278457 ], [ 110.82450831558495, -7.591854741660768 ], [ 110.824135778643139, -7.591784490629606 ], [ 110.823793048674645, -7.591710002607621 ], [ 110.822856428672509, -7.591427095258602 ], [ 110.823094232839438, -7.59076896012199 ], [ 110.823267779122503, -7.590288660424013 ], [ 110.823674852883741, -7.58919483126079 ], [ 110.823975328079896, -7.588466332812264 ], [ 110.824344020372621, -7.587512689155513 ], [ 110.824734007335493, -7.586539935625757 ], [ 110.825537471725639, -7.584401128478678 ], [ 110.825808143481908, -7.583655621463377 ], [ 110.824954551779271, -7.583408864328608 ], [ 110.820471604635003, -7.58213673086818 ], [ 110.820966116250872, -7.580666946738607 ], [ 110.821797414242212, -7.578160660962352 ], [ 110.821805559358978, -7.578136666981766 ], [ 110.822334540709704, -7.576578305938115 ], [ 110.822837558647464, -7.575097901036075 ], [ 110.82304216512739, -7.574520186034804 ], [ 110.823106115856717, -7.574312034422199 ], [ 110.823112681437507, -7.574295236521912 ], [ 110.823707079929548, -7.572774312868567 ], [ 110.824303796325694, -7.571200476344329 ], [ 110.824405443521769, -7.570974620067771 ], [ 110.824405904070304, -7.570974531605501 ], [ 110.825614958132192, -7.571295780168716 ], [ 110.826268131087872, -7.569297583457289 ], [ 110.826507690722266, -7.568543251439443 ], [ 110.826735309436586, -7.567676249429146 ], [ 110.826286192524151, -7.567510377958884 ], [ 110.826222343024583, -7.56747211635081 ], [ 110.826524440263086, -7.565891549746897 ], [ 110.82652824606599, -7.565838680057662 ], [ 110.826497996687621, -7.565770692313292 ], [ 110.826369435952699, -7.565483629273381 ], [ 110.826191674910618, -7.565200323170059 ], [ 110.826420059332378, -7.565077049791965 ], [ 110.826488192213745, -7.565050641752934 ], [ 110.826582806339403, -7.565050679383608 ], [ 110.826764465244437, -7.565050751576883 ], [ 110.827063442408416, -7.565058423387706 ], [ 110.827411627543299, -7.565043454992577 ], [ 110.827551656852833, -7.565043510382311 ] ] ] } },
{ "type": "Feature", "properties": { "Kecamatan": "Serengan" }, "geometry": { "type": "Polygon", "coordinates": [ [ [ 110.822837558647464, -7.575097901036075 ], [ 110.822334540709704, -7.576578305938115 ], [ 110.821805559358978, -7.578136666981766 ], [ 110.821797414242212, -7.578160660962352 ], [ 110.820966116250872, -7.580666946738607 ], [ 110.820471604635003, -7.58213673086818 ], [ 110.824954551779271, -7.583408864328608 ], [ 110.825808143481908, -7.583655621463377 ], [ 110.825537471725639, -7.584401128478678 ], [ 110.824734007335493, -7.586539935625757 ], [ 110.824344020372621, -7.587512689155513 ], [ 110.823975328079896, -7.588466332812264 ], [ 110.823674852883741, -7.58919483126079 ], [ 110.823267779122503, -7.590288660424013 ], [ 110.823094232839438, -7.59076896012199 ], [ 110.822856428672509, -7.591427095258602 ], [ 110.823793048674645, -7.591710002607621 ], [ 110.824135778643139, -7.591784490629606 ], [ 110.82450831558495, -7.591854741660768 ], [ 110.825066050537586, -7.591978173278457 ], [ 110.825781319218109, -7.592120786327688 ], [ 110.826032504910387, -7.592195236161792 ], [ 110.826387995613928, -7.592305839724629 ], [ 110.826558286510505, -7.592367511562607 ], [ 110.826835000022001, -7.592492952620585 ], [ 110.826947810170338, -7.592552476569401 ], [ 110.827054242138374, -7.592592879890457 ], [ 110.827211768209764, -7.592633303503178 ], [ 110.827462955309386, -7.592705628593902 ], [ 110.827561923760541, -7.5927251595226 ], [ 110.827564643247001, -7.592725696106368 ], [ 110.827624742992143, -7.592737556231185 ], [ 110.827805693523686, -7.592763119619412 ], [ 110.827914265230362, -7.592775907999328 ], [ 110.827986649145728, -7.59277593665576 ], [ 110.828059039032851, -7.592763219928022 ], [ 110.828177847341038, -7.59274039127695 ], [ 110.82818039861472, -7.592739901104785 ], [ 110.828182069515464, -7.592741937045221 ], [ 110.828176927639149, -7.592741507151251 ], [ 110.828153247083563, -7.593129839125589 ], [ 110.828008449971932, -7.593406097754412 ], [ 110.827914170182069, -7.593607471710891 ], [ 110.827880487359337, -7.59370816401064 ], [ 110.827806425177101, -7.593828981435162 ], [ 110.827705472791735, -7.59388936480101 ], [ 110.827597813226447, -7.59389603580816 ], [ 110.827523804467361, -7.593882579019568 ], [ 110.827443080547638, -7.593835551006143 ], [ 110.827321977282708, -7.593808648060747 ], [ 110.827241239994166, -7.593795188550568 ], [ 110.827140311684488, -7.593795148411863 ], [ 110.827012469159669, -7.593795097535849 ], [ 110.826904812297371, -7.593795054663715 ], [ 110.826790421505748, -7.593808436498563 ], [ 110.826601978937674, -7.593915780682712 ], [ 110.826494289735294, -7.593996302200603 ], [ 110.826332766638117, -7.594090229594767 ], [ 110.826231819386678, -7.594137185196395 ], [ 110.826184719474057, -7.594137166357656 ], [ 110.826103992959858, -7.59409685180574 ], [ 110.82603316736612, -7.59401080440268 ], [ 110.825976437817275, -7.593905040323445 ], [ 110.825919696138371, -7.593829488825429 ], [ 110.825878075936728, -7.593799260460729 ], [ 110.825809955187808, -7.593784126861671 ], [ 110.825711548347741, -7.593787863976096 ], [ 110.825465518745077, -7.59382930663452 ], [ 110.825261125419871, -7.593863212750072 ], [ 110.825136209725883, -7.593904703003494 ], [ 110.825007504499467, -7.593957522320762 ], [ 110.824946936801041, -7.593983933037312 ], [ 110.824905290670017, -7.594017904518284 ], [ 110.824874996877568, -7.594055656239982 ], [ 110.824871195133497, -7.594097196116288 ], [ 110.824878732883406, -7.594176504492731 ], [ 110.824901401799934, -7.594274701836225 ], [ 110.82495432786159, -7.594425781594326 ], [ 110.824954304938828, -7.594482428384071 ], [ 110.82493157639307, -7.594531513782202 ], [ 110.824908847842408, -7.594580598274384 ], [ 110.82487476602013, -7.594625901615326 ], [ 110.824852053371416, -7.594633445607635 ], [ 110.824795273559388, -7.594652305583818 ], [ 110.824708224374888, -7.594648493898514 ], [ 110.824640115785741, -7.594603148433802 ], [ 110.824553100310752, -7.594516254821887 ], [ 110.824507702872495, -7.594467142837936 ], [ 110.824469878995004, -7.594406704187694 ], [ 110.824435847720835, -7.594327384197776 ], [ 110.824416942376232, -7.594282059482047 ], [ 110.824405605985788, -7.594236736919815 ], [ 110.824398048393292, -7.59420652217966 ], [ 110.824394268970735, -7.594195191835371 ], [ 110.82437913232566, -7.594187632569989 ], [ 110.824337502093627, -7.59418006259404 ], [ 110.824261797053992, -7.594202690519396 ], [ 110.824212584061783, -7.59422910662845 ], [ 110.824167145875776, -7.594278181892695 ], [ 110.824129245294344, -7.59440656644198 ], [ 110.824064814217607, -7.594625574394521 ], [ 110.82395114078804, -7.594942751487766 ], [ 110.823901901555487, -7.595033366584766 ], [ 110.823875394076751, -7.595067344097127 ], [ 110.823837539477353, -7.595082434139173 ], [ 110.823811041220296, -7.595093753114477 ], [ 110.823784546039022, -7.595097518942322 ], [ 110.823723988882037, -7.595097494375991 ], [ 110.823530998042386, -7.595010557552208 ], [ 110.823421260142823, -7.594957641840761 ], [ 110.823247185473917, -7.59488959544808 ], [ 110.8230958229111, -7.594817780756999 ], [ 110.823001216212631, -7.594783753969168 ], [ 110.822883900841532, -7.594749717904247 ], [ 110.822777939379279, -7.594715686439412 ], [ 110.822690897949002, -7.594692992390858 ], [ 110.822645479673113, -7.594692973853367 ], [ 110.822615199576077, -7.594696738065251 ], [ 110.822584913283038, -7.594715607661373 ], [ 110.822550841412124, -7.594738253187145 ], [ 110.822524337589769, -7.594760900897023 ], [ 110.822482691197621, -7.594794872138487 ], [ 110.822456144872334, -7.594923261165509 ], [ 110.822429610933597, -7.595021437608728 ], [ 110.822414443286007, -7.595089407918846 ], [ 110.822361431189847, -7.595149809609415 ], [ 110.822247871222615, -7.59518752798968 ], [ 110.822073754713728, -7.595221444970079 ], [ 110.822013192883162, -7.595232748977893 ], [ 110.821971554177551, -7.595247838209668 ], [ 110.821880713754211, -7.595259129790112 ], [ 110.821755817583337, -7.595251526323985 ], [ 110.821305514226566, -7.595032306436427 ], [ 110.820961170188525, -7.594850894593165 ], [ 110.820889275478152, -7.594809323561822 ], [ 110.820836296056996, -7.594790419757371 ], [ 110.820787098443787, -7.594779069747904 ], [ 110.820703834219927, -7.594775258821722 ], [ 110.820643273986349, -7.594782786971691 ], [ 110.820510792448403, -7.594812943939878 ], [ 110.820427520382566, -7.594828015822004 ], [ 110.820306393615667, -7.594858177420139 ], [ 110.820219341310903, -7.594861917979832 ], [ 110.820124733273289, -7.594831667142928 ], [ 110.820071757027264, -7.59480520919703 ], [ 110.820030144104464, -7.59475609832401 ], [ 110.820018805022286, -7.59471832880307 ], [ 110.819984761975945, -7.594669221061578 ], [ 110.819954502296383, -7.594623890553585 ], [ 110.819928021264872, -7.594593667901022 ], [ 110.819878833134794, -7.594559660165683 ], [ 110.819825847499303, -7.594555861623705 ], [ 110.819776644314885, -7.594555841217086 ], [ 110.81970472391923, -7.594578469910946 ], [ 110.819666866077171, -7.594601112731855 ], [ 110.819629005081637, -7.594631308693565 ], [ 110.819606280654739, -7.594669064082273 ], [ 110.819583554648659, -7.594710596041747 ], [ 110.819572177801334, -7.594763461526767 ], [ 110.819557023226679, -7.594801220055936 ], [ 110.819522945562966, -7.594835193247016 ], [ 110.819488877349301, -7.594846508811988 ], [ 110.819439674132738, -7.594846488366433 ], [ 110.819413182088212, -7.594842700783103 ], [ 110.81936019800068, -7.594835125611643 ], [ 110.819322357470043, -7.594816227918094 ], [ 110.81925045752341, -7.594789762907816 ], [ 110.819174784377154, -7.594733084638642 ], [ 110.819102895509033, -7.59468018450486 ], [ 110.81902720976214, -7.59465371697752 ], [ 110.818966654263249, -7.594649916082106 ], [ 110.818906097184893, -7.594649890845705 ], [ 110.818841755176038, -7.594649864022735 ], [ 110.818781209173309, -7.594623402765273 ], [ 110.818720661595066, -7.594600718976053 ], [ 110.818686609209962, -7.594574269663336 ], [ 110.818618505358927, -7.594521371030539 ], [ 110.818588237915691, -7.594494923290389 ], [ 110.81857311086975, -7.594464705297926 ], [ 110.818569357619396, -7.594389174087746 ], [ 110.81857316947368, -7.594324975754082 ], [ 110.818576981326601, -7.594260777420169 ], [ 110.818569428894605, -7.594219233776771 ], [ 110.818542946401791, -7.594192787614074 ], [ 110.818520237748572, -7.594192778129931 ], [ 110.818459679150848, -7.594196529404769 ], [ 110.818376421412452, -7.594177611747836 ], [ 110.818312093750848, -7.59414359660524 ], [ 110.818274259673871, -7.594109592534579 ], [ 110.818262916001956, -7.594083152686521 ], [ 110.818251581170927, -7.594037830883399 ], [ 110.818270566761356, -7.593890557014811 ], [ 110.818270611180935, -7.593784815713037 ], [ 110.818270655599505, -7.593679075315279 ], [ 110.818266910337371, -7.593584662145618 ], [ 110.818251804875842, -7.593505349610527 ], [ 110.818232918352805, -7.593414706679624 ], [ 110.818202665291764, -7.59335427066982 ], [ 110.818153485377422, -7.593301379883473 ], [ 110.81809673405067, -7.593252262495156 ], [ 110.818028623218325, -7.593214469156546 ], [ 110.817964289370693, -7.593195560253122 ], [ 110.817881030258121, -7.593180419077483 ], [ 110.817797764789958, -7.593180384174008 ], [ 110.817740988066078, -7.593191690082982 ], [ 110.817680431195981, -7.593191664680599 ], [ 110.817619883877697, -7.593168980742584 ], [ 110.817540415164942, -7.593138735706944 ], [ 110.817487437696187, -7.593116054024445 ], [ 110.81744202847274, -7.593097152992238 ], [ 110.817426906335328, -7.593055605245152 ], [ 110.817415577085171, -7.592995177132652 ], [ 110.817400468610344, -7.592923418618505 ], [ 110.817385383142806, -7.59279501242836 ], [ 110.817385419802534, -7.592708153986442 ], [ 110.817385462837535, -7.592606189256117 ], [ 110.817385478776302, -7.592568424440576 ], [ 110.817366575844133, -7.592519322861471 ], [ 110.817355246614682, -7.59245889474643 ], [ 110.817328770680547, -7.592417342223828 ], [ 110.817321214520518, -7.592387127370724 ], [ 110.817309875733315, -7.592349358686599 ], [ 110.817306105173671, -7.592315368851794 ], [ 110.81729855289413, -7.592273824281701 ], [ 110.817298572028605, -7.592228507226229 ], [ 110.817306157791876, -7.592190745592301 ], [ 110.817309958645225, -7.592152982367192 ], [ 110.817302401584143, -7.592122767513155 ], [ 110.81728727561466, -7.592092549477125 ], [ 110.817260788544473, -7.5920774329549 ], [ 110.817211595220485, -7.592054753736678 ], [ 110.816840734707213, -7.591937526567651 ], [ 110.817136338638193, -7.591016195311427 ], [ 110.817166695095892, -7.590831161434899 ], [ 110.817223729885626, -7.590208069870025 ], [ 110.817269232866053, -7.590004159479532 ], [ 110.817481368253624, -7.589558626525645 ], [ 110.817769262614192, -7.588962066795904 ], [ 110.817788198827913, -7.58893186304938 ], [ 110.817674082890193, -7.588856968502358 ], [ 110.817258478552063, -7.588584206845301 ], [ 110.815745071254824, -7.587412864869934 ], [ 110.815162426971767, -7.586925454155173 ], [ 110.814311187081771, -7.586158470724465 ], [ 110.8138344981204, -7.585720197141147 ], [ 110.813446011800565, -7.585330907986431 ], [ 110.812066785678667, -7.583891535891221 ], [ 110.81197324429364, -7.583789625696281 ], [ 110.811814339192111, -7.583668710275197 ], [ 110.811721729022437, -7.583591636260467 ], [ 110.811700838861015, -7.58357425046132 ], [ 110.811545712911922, -7.583464665394733 ], [ 110.811451121146916, -7.583404201055032 ], [ 110.81133003321402, -7.583351278352993 ], [ 110.811197585884671, -7.583309679503439 ], [ 110.811046218634672, -7.583260520156925 ], [ 110.810838072554048, -7.5832302180385 ], [ 110.810701836439634, -7.583199947111463 ], [ 110.810569379313279, -7.583181007506107 ], [ 110.810459632822884, -7.583158300276623 ], [ 110.810372583582492, -7.583158262348983 ], [ 110.810270396842128, -7.583158217803661 ], [ 110.810141712993783, -7.583165714819164 ], [ 110.810081149274765, -7.58318457034829 ], [ 110.810035724865131, -7.583203433383227 ], [ 110.809941103553342, -7.583210945208683 ], [ 110.809880549763591, -7.583207142181954 ], [ 110.80982378577734, -7.583192011085045 ], [ 110.809774600494691, -7.583154224762332 ], [ 110.809740561166052, -7.583101339670751 ], [ 110.809717873010072, -7.583056012686082 ], [ 110.809672573028493, -7.582791640018185 ], [ 110.809612362808139, -7.58200611004975 ], [ 110.809627572520455, -7.581843729495803 ], [ 110.809646565376539, -7.581685126262918 ], [ 110.809657989495847, -7.581526519717579 ], [ 110.809631544817762, -7.581416991152671 ], [ 110.809559708209548, -7.58125079503574 ], [ 110.809510558934733, -7.581133703381914 ], [ 110.809487879202479, -7.581069493522804 ], [ 110.809453838406256, -7.581020384980993 ], [ 110.809393301538407, -7.580978817980004 ], [ 110.809328979873911, -7.580937248408222 ], [ 110.809234378998823, -7.580899442130076 ], [ 110.809135993332632, -7.580861634172071 ], [ 110.808992201791568, -7.580801147735186 ], [ 110.808871114895581, -7.580748224368133 ], [ 110.808712194206521, -7.580665072663543 ], [ 110.808598683667597, -7.58059704626004 ], [ 110.808507874413522, -7.580544136106982 ], [ 110.808439761418697, -7.58051767103028 ], [ 110.808341368468305, -7.580498744852435 ], [ 110.808265675857527, -7.580494935848526 ], [ 110.808182414546096, -7.58049112259157 ], [ 110.808114289876144, -7.580491092564689 ], [ 110.808046155170459, -7.580513721055068 ], [ 110.807985593414401, -7.580528799729774 ], [ 110.807932604611409, -7.580536329496665 ], [ 110.807872052893757, -7.580528749627727 ], [ 110.807830426876663, -7.580517402438252 ], [ 110.807758529125522, -7.580490935585035 ], [ 110.807709336858181, -7.5804720309923 ], [ 110.807626111531278, -7.580385135758454 ], [ 110.807516412881199, -7.580256687407736 ], [ 110.807425637395298, -7.580128248306891 ], [ 110.807349981791972, -7.580041356370687 ], [ 110.807308379342587, -7.579977138029075 ], [ 110.807244068109242, -7.579912909628558 ], [ 110.807172194018193, -7.579833571577794 ], [ 110.807126800094352, -7.579784457830871 ], [ 110.807073829861523, -7.579750446108029 ], [ 110.806998147488116, -7.579723977455272 ], [ 110.806930031354511, -7.5797050652908 ], [ 110.806865700024815, -7.579686153890432 ], [ 110.806786228735106, -7.579671013238395 ], [ 110.806729470378784, -7.579644552938523 ], [ 110.806661361008793, -7.579610534444851 ], [ 110.80661595874237, -7.579580302601223 ], [ 110.806566799430868, -7.579485869157335 ], [ 110.806551713404829, -7.579368792318864 ], [ 110.806517701733256, -7.579255483641283 ], [ 110.806491264721657, -7.579130848609682 ], [ 110.806472394714248, -7.579009993512702 ], [ 110.806389221424141, -7.578809803604158 ], [ 110.806313597535919, -7.578654935007042 ], [ 110.80627578093889, -7.578586942585767 ], [ 110.806226612587693, -7.578515167631825 ], [ 110.80618501629526, -7.578435843802361 ], [ 110.806154765931112, -7.578375406979935 ], [ 110.806143440283293, -7.57831120200922 ], [ 110.806143474058715, -7.578235672377527 ], [ 110.80615108584422, -7.578141265064557 ], [ 110.806177661155544, -7.577956230253789 ], [ 110.806181483081573, -7.577873149161245 ], [ 110.80618150502977, -7.577824055532771 ], [ 110.806177770899239, -7.577710760302216 ], [ 110.806083233511259, -7.577533224711823 ], [ 110.806007591357826, -7.577419896545536 ], [ 110.805931933122991, -7.57734055751555 ], [ 110.805833557926221, -7.577283866876854 ], [ 110.805727619066658, -7.577212066550487 ], [ 110.805640600730641, -7.57714782778999 ], [ 110.805530876374917, -7.577079803204816 ], [ 110.80533412611608, -7.576962645155863 ], [ 110.805197912749094, -7.576887054596362 ], [ 110.80511089455824, -7.576822815732743 ], [ 110.805023873788613, -7.576762353423836 ], [ 110.804974695655716, -7.576713237765359 ], [ 110.804955801586402, -7.576649029374839 ], [ 110.804955828766126, -7.576588606031024 ], [ 110.804948289804685, -7.576520626152637 ], [ 110.804963458550631, -7.576452656444138 ], [ 110.804978619705409, -7.576403569595756 ], [ 110.805008917323022, -7.57635826609693 ], [ 110.805073290516134, -7.576282765265662 ], [ 110.805202057191934, -7.576086447419329 ], [ 110.805296754093376, -7.575905219688203 ], [ 110.805327140079967, -7.575834560247428 ], [ 110.80561089069306, -7.575955284949247 ], [ 110.806014789719939, -7.576073361055751 ], [ 110.806096225962165, -7.576057465157179 ], [ 110.806525652271077, -7.576220161856946 ], [ 110.806900793092964, -7.576382834978077 ], [ 110.807138661525912, -7.576456226710486 ], [ 110.80756811904638, -7.576550414919039 ], [ 110.807810794048564, -7.576587166152344 ], [ 110.808008756923371, -7.576636642007256 ], [ 110.80865353362897, -7.575173252446426 ], [ 110.809486036552386, -7.575445522559654 ], [ 110.809588413806622, -7.575007498305619 ], [ 110.811809859240824, -7.575333239197738 ], [ 110.814738958304972, -7.575844317166241 ], [ 110.815423182735358, -7.575964923480692 ], [ 110.815598010473053, -7.575995740217012 ], [ 110.815889800429034, -7.575119724421934 ], [ 110.816564480207205, -7.572725731516734 ], [ 110.816712389996766, -7.571993160624436 ], [ 110.817296573684047, -7.56877963523617 ], [ 110.817300261795168, -7.568780830813346 ], [ 110.819150773453089, -7.569380866080692 ], [ 110.821912111507842, -7.570217561046555 ], [ 110.824406072306715, -7.570973221856596 ], [ 110.824405443521769, -7.570974620067771 ], [ 110.824303796325694, -7.571200476344329 ], [ 110.823707079929548, -7.572774312868567 ], [ 110.823112681437507, -7.574295236521912 ], [ 110.823106115856717, -7.574312034422199 ], [ 110.82304216512739, -7.574520186034804 ], [ 110.822837558647464, -7.575097901036075 ] ] ] } }
]
}
