{
"type": "FeatureCollection",
"name": "batas_kelurahan",
"crs": { "type": "name", "properties": { "name": "urn:ogc:def:crs:OGC:1.3:CRS84" } },
"features": [
{ "type": "Feature", "properties": { "Kelurahan": "Danukusuman", "Kecamatan": "Serengan" }, "geometry": { "type": "Polygon", "coordinates": [ [ [ 110.825808143481922, -7.583655621463377 ], [ 110.825537471725639, -7.584401128478678 ], [ 110.824734007335493, -7.586539935625739 ], [ 110.824344020372621, -7.587512689155513 ], [ 110.823975328079882, -7.588466332812264 ], [ 110.823674852883727, -7.58919483126079 ], [ 110.823267779122503, -7.590288660424013 ], [ 110.823094232839438, -7.59076896012199 ], [ 110.822856428672509, -7.591427095258602 ], [ 110.822769363709298, -7.591403690236734 ], [ 110.822606654391024, -7.591351002392654 ], [ 110.822493664274759, -7.591310363748661 ], [ 110.822024710202925, -7.591144123949483 ], [ 110.821496200241612, -7.590939586902315 ], [ 110.821024838960099, -7.590725569357963 ], [ 110.81981551912618, -7.590112108817594 ], [ 110.819339419264821, -7.589845819735539 ], [ 110.818620512235185, -7.589441631471264 ], [ 110.817788198827913, -7.58893186304938 ], [ 110.81790791900427, -7.588735549476817 ], [ 110.818060454795486, -7.588379240475145 ], [ 110.8183321495098, -7.587771143894782 ], [ 110.818851690372611, -7.586635719975932 ], [ 110.819414182571975, -7.585272233385214 ], [ 110.819910026419507, -7.583851698823976 ], [ 110.820471604634989, -7.58213673086818 ], [ 110.824954551779285, -7.583408864328608 ], [ 110.825808143481922, -7.583655621463377 ] ] ] } },
{ "type": "Feature", "properties": { "Kelurahan": "Kratonan", "Kecamatan": "Serengan" }, "geometry": { "type": "Polygon", "coordinates": [ [ [ 110.821805559358964, -7.578136666981766 ], [ 110.821797414242212, -7.578160660962352 ], [ 110.820966116250872, -7.580666946738607 ], [ 110.820471604634989, -7.58213673086818 ], [ 110.814694659357443, -7.580400792149391 ], [ 110.814538092449538, -7.580352392554389 ], [ 110.814555987597927, -7.580263307400602 ], [ 110.814609700724731, -7.579935466646043 ], [ 110.814713432177413, -7.579564883684315 ], [ 110.814971038466538, -7.578488746399627 ], [ 110.815067603840049, -7.57817161576078 ], [ 110.815293010736781, -7.577223759499844 ], [ 110.815439665799317, -7.576696390194422 ], [ 110.815628103254923, -7.576005273545116 ], [ 110.815803659552884, -7.576004839461083 ], [ 110.816328583038924, -7.576194829764534 ], [ 110.817215064867241, -7.576513265456812 ], [ 110.819518287784192, -7.577406940752108 ], [ 110.820037872397634, -7.577562178130251 ], [ 110.820916334507757, -7.577853874874127 ], [ 110.821588575419767, -7.578070647700012 ], [ 110.821805559358964, -7.578136666981766 ] ] ] } },
{ "type": "Feature", "properties": { "Kelurahan": "Jayengan", "Kecamatan": "Serengan" }, "geometry": { "type": "Polygon", "coordinates": [ [ [ 110.823112681437493, -7.574295236521912 ], [ 110.823106115856717, -7.574312034422199 ], [ 110.82304216512739, -7.574520186034804 ], [ 110.822837558647464, -7.575097901036075 ], [ 110.82233454070969, -7.576578305938115 ], [ 110.821805559358964, -7.578136666981766 ], [ 110.821588575419767, -7.578070647700012 ], [ 110.820916334507757, -7.577853874874127 ], [ 110.820037872397634, -7.577562178130251 ], [ 110.819518287784192, -7.577406940752108 ], [ 110.817215064867241, -7.576513265456812 ], [ 110.816328583038924, -7.576194829764534 ], [ 110.815803659552884, -7.576004839461083 ], [ 110.815628103254923, -7.576005273545116 ], [ 110.815598010473053, -7.575995740217012 ], [ 110.815889800429034, -7.575119724421934 ], [ 110.816564480207205, -7.572725731516718 ], [ 110.816653733280063, -7.572752889874277 ], [ 110.816865302165496, -7.572843853672876 ], [ 110.817762544617366, -7.573036671537405 ], [ 110.82091224038696, -7.573789034217808 ], [ 110.822079987304562, -7.574070156227221 ], [ 110.822883491203882, -7.574244215238768 ], [ 110.823112681437493, -7.574295236521912 ] ] ] } },
{ "type": "Feature", "properties": { "Kelurahan": "Kemlayan", "Kecamatan": "Serengan" }, "geometry": { "type": "Polygon", "coordinates": [ [ [ 110.817300261795168, -7.568780830813346 ], [ 110.819150773453089, -7.569380866080692 ], [ 110.821912111507842, -7.570217561046555 ], [ 110.824406072306715, -7.570973221856596 ], [ 110.824405443521769, -7.570974620067753 ], [ 110.824303796325694, -7.571200476344329 ], [ 110.823707079929562, -7.572774312868567 ], [ 110.823112681437493, -7.574295236521912 ], [ 110.822883491203882, -7.574244215238768 ], [ 110.822079987304562, -7.574070156227221 ], [ 110.82091224038696, -7.573789034217808 ], [ 110.817762544617366, -7.573036671537405 ], [ 110.816865302165496, -7.572843853672876 ], [ 110.816653733280063, -7.572752889874277 ], [ 110.816564480207205, -7.572725731516718 ], [ 110.816712389996752, -7.57199316062442 ], [ 110.817296573684047, -7.56877963523617 ], [ 110.817300261795168, -7.568780830813346 ] ] ] } },
{ "type": "Feature", "properties": { "Kelurahan": "Joyotakan", "Kecamatan": "Serengan" }, "geometry": { "type": "Polygon", "coordinates": [ [ [ 110.822856428672509, -7.591427095258602 ], [ 110.823793048674631, -7.591710002607621 ], [ 110.824135778643139, -7.591784490629606 ], [ 110.82450831558495, -7.591854741660768 ], [ 110.825066050537572, -7.591978173278457 ], [ 110.825781319218109, -7.592120786327688 ], [ 110.826032504910373, -7.592195236161792 ], [ 110.826387995613928, -7.592305839724629 ], [ 110.826558286510519, -7.592367511562625 ], [ 110.826835000022001, -7.592492952620585 ], [ 110.826947810170338, -7.592552476569401 ], [ 110.827054242138374, -7.592592879890457 ], [ 110.82721176820975, -7.592633303503178 ], [ 110.827462955309386, -7.592705628593902 ], [ 110.827561923760555, -7.5927251595226 ], [ 110.827564643247001, -7.592725696106368 ], [ 110.827624742992143, -7.592737556231185 ], [ 110.827805693523686, -7.592763119619412 ], [ 110.827914265230362, -7.592775907999328 ], [ 110.827986649145714, -7.59277593665576 ], [ 110.828059039032865, -7.592763219928022 ], [ 110.828177847341038, -7.59274039127695 ], [ 110.828180398614734, -7.592739901104785 ], [ 110.828182069515478, -7.592741937045221 ], [ 110.828176927639149, -7.592741507151251 ], [ 110.828153247083549, -7.593129839125571 ], [ 110.828008449971932, -7.593406097754392 ], [ 110.827914170182069, -7.593607471710891 ], [ 110.827880487359337, -7.59370816401064 ], [ 110.827806425177101, -7.593828981435162 ], [ 110.827705472791735, -7.59388936480101 ], [ 110.827597813226447, -7.59389603580816 ], [ 110.827523804467376, -7.593882579019568 ], [ 110.827443080547638, -7.593835551006143 ], [ 110.827321977282722, -7.593808648060747 ], [ 110.827241239994166, -7.593795188550568 ], [ 110.827140311684488, -7.593795148411863 ], [ 110.827012469159683, -7.593795097535849 ], [ 110.826904812297386, -7.593795054663715 ], [ 110.826790421505748, -7.593808436498563 ], [ 110.826601978937674, -7.593915780682712 ], [ 110.826494289735294, -7.593996302200603 ], [ 110.826332766638117, -7.594090229594767 ], [ 110.826231819386678, -7.594137185196395 ], [ 110.826184719474057, -7.594137166357656 ], [ 110.826103992959844, -7.59409685180574 ], [ 110.826033167366106, -7.594010804402664 ], [ 110.825976437817275, -7.593905040323445 ], [ 110.825919696138371, -7.593829488825429 ], [ 110.825878075936728, -7.593799260460729 ], [ 110.825809955187808, -7.593784126861671 ], [ 110.825711548347741, -7.59378786397608 ], [ 110.825465518745062, -7.59382930663452 ], [ 110.825261125419885, -7.593863212750072 ], [ 110.825136209725869, -7.593904703003494 ], [ 110.825007504499453, -7.593957522320746 ], [ 110.824946936801041, -7.593983933037312 ], [ 110.824905290670017, -7.594017904518284 ], [ 110.824874996877568, -7.594055656239982 ], [ 110.824871195133497, -7.59409719611627 ], [ 110.824878732883406, -7.594176504492731 ], [ 110.824901401799934, -7.594274701836225 ], [ 110.824954327861604, -7.594425781594344 ], [ 110.824954304938828, -7.594482428384054 ], [ 110.82493157639307, -7.594531513782202 ], [ 110.824908847842408, -7.594580598274384 ], [ 110.82487476602013, -7.594625901615326 ], [ 110.824852053371416, -7.594633445607635 ], [ 110.824795273559403, -7.594652305583818 ], [ 110.824708224374888, -7.594648493898514 ], [ 110.824640115785741, -7.594603148433785 ], [ 110.824553100310737, -7.594516254821887 ], [ 110.824507702872509, -7.594467142837936 ], [ 110.824469878995004, -7.59440670418771 ], [ 110.824435847720835, -7.594327384197776 ], [ 110.824416942376246, -7.594282059482047 ], [ 110.824405605985788, -7.594236736919815 ], [ 110.824398048393292, -7.59420652217966 ], [ 110.824394268970735, -7.594195191835371 ], [ 110.82437913232566, -7.594187632569989 ], [ 110.824337502093613, -7.59418006259404 ], [ 110.824261797053992, -7.594202690519396 ], [ 110.824212584061797, -7.59422910662845 ], [ 110.824167145875791, -7.594278181892695 ], [ 110.82412924529433, -7.594406566441996 ], [ 110.824064814217607, -7.594625574394521 ], [ 110.823951140788026, -7.594942751487766 ], [ 110.823901901555487, -7.595033366584746 ], [ 110.823875394076751, -7.595067344097143 ], [ 110.823837539477353, -7.595082434139173 ], [ 110.823811041220281, -7.595093753114477 ], [ 110.823784546039022, -7.595097518942322 ], [ 110.823723988882023, -7.595097494375991 ], [ 110.823530998042386, -7.595010557552208 ], [ 110.823421260142823, -7.594957641840761 ], [ 110.823247185473917, -7.59488959544808 ], [ 110.8230958229111, -7.594817780756999 ], [ 110.823001216212631, -7.594783753969168 ], [ 110.822883900841532, -7.594749717904247 ], [ 110.822777939379279, -7.594715686439412 ], [ 110.822690897948988, -7.594692992390858 ], [ 110.822645479673099, -7.594692973853367 ], [ 110.822615199576077, -7.594696738065251 ], [ 110.822584913283052, -7.594715607661373 ], [ 110.822550841412109, -7.594738253187126 ], [ 110.822524337589755, -7.594760900897023 ], [ 110.822482691197635, -7.594794872138487 ], [ 110.822456144872334, -7.594923261165526 ], [ 110.822429610933597, -7.595021437608728 ], [ 110.822414443285993, -7.595089407918846 ], [ 110.822361431189833, -7.595149809609415 ], [ 110.822247871222615, -7.595187527989699 ], [ 110.822073754713713, -7.595221444970079 ], [ 110.822013192883162, -7.595232748977893 ], [ 110.821971554177551, -7.595247838209668 ], [ 110.821880713754197, -7.595259129790112 ], [ 110.821755817583337, -7.595251526323985 ], [ 110.821305514226552, -7.595032306436409 ], [ 110.820961170188525, -7.594850894593165 ], [ 110.820889275478152, -7.594809323561838 ], [ 110.820836296056996, -7.594790419757371 ], [ 110.820787098443787, -7.594779069747904 ], [ 110.820703834219927, -7.594775258821739 ], [ 110.820643273986349, -7.594782786971691 ], [ 110.820510792448388, -7.594812943939878 ], [ 110.820427520382566, -7.594828015822004 ], [ 110.820306393615667, -7.594858177420123 ], [ 110.820219341310917, -7.594861917979832 ], [ 110.820124733273303, -7.594831667142928 ], [ 110.820071757027264, -7.59480520919703 ], [ 110.820030144104464, -7.59475609832401 ], [ 110.820018805022286, -7.59471832880307 ], [ 110.819984761975945, -7.594669221061578 ], [ 110.819954502296397, -7.594623890553585 ], [ 110.819928021264872, -7.594593667901022 ], [ 110.819878833134808, -7.594559660165667 ], [ 110.819825847499303, -7.594555861623705 ], [ 110.819776644314885, -7.594555841217086 ], [ 110.819704723919244, -7.594578469910946 ], [ 110.819666866077156, -7.594601112731836 ], [ 110.819629005081637, -7.594631308693565 ], [ 110.819606280654753, -7.594669064082273 ], [ 110.819583554648673, -7.594710596041747 ], [ 110.819572177801348, -7.594763461526767 ], [ 110.819557023226679, -7.594801220055953 ], [ 110.819522945562952, -7.594835193247016 ], [ 110.819488877349301, -7.594846508811988 ], [ 110.819439674132752, -7.594846488366433 ], [ 110.819413182088212, -7.594842700783103 ], [ 110.81936019800068, -7.594835125611643 ], [ 110.819322357470043, -7.594816227918094 ], [ 110.81925045752341, -7.594789762907816 ], [ 110.81917478437714, -7.594733084638642 ], [ 110.819102895509033, -7.594680184504876 ], [ 110.81902720976214, -7.594653716977505 ], [ 110.818966654263235, -7.594649916082106 ], [ 110.818906097184907, -7.594649890845705 ], [ 110.818841755176052, -7.594649864022735 ], [ 110.818781209173309, -7.594623402765273 ], [ 110.818720661595052, -7.594600718976035 ], [ 110.818686609209962, -7.594574269663336 ], [ 110.818618505358927, -7.594521371030539 ], [ 110.818588237915691, -7.594494923290389 ], [ 110.81857311086975, -7.594464705297926 ], [ 110.818569357619381, -7.594389174087746 ], [ 110.81857316947368, -7.594324975754082 ], [ 110.818576981326601, -7.594260777420169 ], [ 110.818569428894605, -7.594219233776771 ], [ 110.818542946401806, -7.594192787614074 ], [ 110.818520237748572, -7.594192778129931 ], [ 110.818459679150848, -7.594196529404785 ], [ 110.818376421412452, -7.594177611747836 ], [ 110.818312093750833, -7.59414359660524 ], [ 110.818274259673856, -7.594109592534579 ], [ 110.818262916001956, -7.594083152686521 ], [ 110.818251581170927, -7.594037830883399 ], [ 110.818270566761356, -7.593890557014811 ], [ 110.818270611180935, -7.593784815713021 ], [ 110.818270655599505, -7.593679075315279 ], [ 110.818266910337371, -7.593584662145618 ], [ 110.818251804875842, -7.593505349610527 ], [ 110.818232918352805, -7.593414706679624 ], [ 110.818202665291764, -7.593354270669805 ], [ 110.818153485377422, -7.593301379883473 ], [ 110.81809673405067, -7.593252262495156 ], [ 110.818028623218311, -7.593214469156546 ], [ 110.817964289370707, -7.593195560253122 ], [ 110.817881030258121, -7.593180419077483 ], [ 110.817797764789972, -7.593180384174008 ], [ 110.817740988066078, -7.593191690082965 ], [ 110.817680431195996, -7.593191664680581 ], [ 110.817619883877697, -7.593168980742584 ], [ 110.817540415164942, -7.593138735706928 ], [ 110.817487437696187, -7.593116054024445 ], [ 110.81744202847274, -7.593097152992238 ], [ 110.817426906335342, -7.593055605245167 ], [ 110.817415577085171, -7.592995177132652 ], [ 110.81740046861033, -7.592923418618505 ], [ 110.817385383142792, -7.592795012428343 ], [ 110.81738541980252, -7.592708153986425 ], [ 110.817385462837521, -7.592606189256117 ], [ 110.817385478776288, -7.592568424440576 ], [ 110.817366575844133, -7.592519322861471 ], [ 110.817355246614682, -7.59245889474643 ], [ 110.817328770680533, -7.592417342223812 ], [ 110.817321214520533, -7.592387127370724 ], [ 110.817309875733329, -7.592349358686599 ], [ 110.817306105173671, -7.592315368851794 ], [ 110.81729855289413, -7.592273824281719 ], [ 110.817298572028605, -7.592228507226229 ], [ 110.81730615779189, -7.592190745592301 ], [ 110.817309958645239, -7.592152982367174 ], [ 110.817302401584158, -7.592122767513155 ], [ 110.81728727561466, -7.592092549477125 ], [ 110.817260788544459, -7.5920774329549 ], [ 110.817211595220499, -7.592054753736678 ], [ 110.816840734707213, -7.591937526567651 ], [ 110.817136338638193, -7.591016195311427 ], [ 110.817166695095892, -7.590831161434899 ], [ 110.817223729885626, -7.590208069870011 ], [ 110.817269232866067, -7.590004159479532 ], [ 110.81748136825361, -7.589558626525645 ], [ 110.817769262614192, -7.588962066795887 ], [ 110.817788198827913, -7.58893186304938 ], [ 110.818620512235185, -7.589441631471264 ], [ 110.819339419264821, -7.589845819735539 ], [ 110.81981551912618, -7.590112108817594 ], [ 110.821024838960099, -7.590725569357963 ], [ 110.821496200241612, -7.590939586902315 ], [ 110.822024710202925, -7.591144123949483 ], [ 110.822493664274759, -7.591310363748661 ], [ 110.822606654391024, -7.591351002392654 ], [ 110.822769363709298, -7.591403690236734 ], [ 110.822856428672509, -7.591427095258602 ] ] ] } },
{ "type": "Feature", "properties": { "Kelurahan": "Serengan", "Kecamatan": "Serengan" }, "geometry": { "type": "Polygon", "coordinates": [ [ [ 110.814694659357443, -7.580400792149391 ], [ 110.820471604634989, -7.58213673086818 ], [ 110.819910026419507, -7.583851698823976 ], [ 110.819414182571975, -7.585272233385214 ], [ 110.818851690372611, -7.586635719975932 ], [ 110.8183321495098, -7.587771143894782 ], [ 110.818060454795486, -7.588379240475145 ], [ 110.81790791900427, -7.588735549476817 ], [ 110.817788198827913, -7.58893186304938 ], [ 110.817674082890193, -7.588856968502358 ], [ 110.817258478552063, -7.588584206845301 ], [ 110.815745071254838, -7.587412864869934 ], [ 110.815162426971767, -7.586925454155173 ], [ 110.814311187081771, -7.586158470724465 ], [ 110.8138344981204, -7.585720197141163 ], [ 110.813446011800579, -7.585330907986415 ], [ 110.812066785678667, -7.583891535891221 ], [ 110.81197324429364, -7.583789625696281 ], [ 110.811814339192111, -7.583668710275197 ], [ 110.811721729022437, -7.583591636260467 ], [ 110.811911355357594, -7.58337171276443 ], [ 110.811839353952934, -7.583296255101053 ], [ 110.811671363457791, -7.583090311697724 ], [ 110.811613671423729, -7.583020267701174 ], [ 110.811785640247123, -7.582849552363958 ], [ 110.811855099858647, -7.582897314669565 ], [ 110.811911106713666, -7.582906653223491 ], [ 110.812221477456134, -7.582958018410431 ], [ 110.812317330884483, -7.582569168595665 ], [ 110.812331340433232, -7.582552873409328 ], [ 110.812380383323003, -7.582476047846829 ], [ 110.81244342666136, -7.582403885935696 ], [ 110.812543811538234, -7.582329410837936 ], [ 110.812648866289877, -7.582247951743916 ], [ 110.812716569291794, -7.582194421385029 ], [ 110.812795976622155, -7.582057062449364 ], [ 110.812863735897622, -7.581873124968795 ], [ 110.812929171825104, -7.581663570904176 ], [ 110.812954889541672, -7.581556462046631 ], [ 110.813003913111856, -7.581523881558166 ], [ 110.81302025996176, -7.581500601368796 ], [ 110.813045946499614, -7.581465682488989 ], [ 110.813083306161147, -7.581419125014555 ], [ 110.813118328260529, -7.581384209234853 ], [ 110.813146353243582, -7.581337647746135 ], [ 110.813204718367459, -7.581291098373582 ], [ 110.813258408766742, -7.581258519857815 ], [ 110.81331209915804, -7.581225941335182 ], [ 110.813344786781656, -7.581193353798859 ], [ 110.813370476284092, -7.581151448011893 ], [ 110.813400830651659, -7.581114202751428 ], [ 110.813366516891392, -7.581106358093032 ], [ 110.813459386492326, -7.58083085274401 ], [ 110.813590065318493, -7.58086877035439 ], [ 110.813598518772793, -7.580820395836541 ], [ 110.814293291826431, -7.580924314781877 ], [ 110.814298838155523, -7.580902906008607 ], [ 110.814316788350851, -7.580833624613416 ], [ 110.814317628026899, -7.580828882318237 ], [ 110.814621254442855, -7.5808237679575 ], [ 110.814694659357443, -7.580400792149391 ] ] ] } },
{ "type": "Feature", "properties": { "Kelurahan": "Tipes", "Kecamatan": "Serengan" }, "geometry": { "type": "Polygon", "coordinates": [ [ [ 110.811809859240839, -7.575333239197738 ], [ 110.814738958304972, -7.575844317166241 ], [ 110.815423182735373, -7.575964923480692 ], [ 110.815598010473053, -7.575995740217012 ], [ 110.815628103254923, -7.576005273545116 ], [ 110.815439665799317, -7.576696390194422 ], [ 110.815293010736781, -7.577223759499844 ], [ 110.815067603840049, -7.57817161576078 ], [ 110.814971038466538, -7.578488746399627 ], [ 110.814713432177413, -7.579564883684315 ], [ 110.814609700724731, -7.579935466646043 ], [ 110.814555987597927, -7.580263307400602 ], [ 110.814538092449538, -7.580352392554389 ], [ 110.814694659357443, -7.580400792149391 ], [ 110.814621254442855, -7.5808237679575 ], [ 110.814317628026899, -7.580828882318237 ], [ 110.814316788350851, -7.580833624613416 ], [ 110.814298838155523, -7.580902906008607 ], [ 110.814293291826431, -7.580924314781877 ], [ 110.813598518772793, -7.580820395836541 ], [ 110.813590065318493, -7.58086877035439 ], [ 110.813459386492326, -7.58083085274401 ], [ 110.813366516891392, -7.581106358093032 ], [ 110.813400830651659, -7.581114202751428 ], [ 110.813370476284092, -7.581151448011893 ], [ 110.813344786781656, -7.581193353798859 ], [ 110.81331209915804, -7.581225941335182 ], [ 110.813258408766742, -7.581258519857815 ], [ 110.813204718367459, -7.581291098373582 ], [ 110.813146353243582, -7.581337647746135 ], [ 110.813118328260529, -7.581384209234853 ], [ 110.813083306161147, -7.581419125014555 ], [ 110.813045946499614, -7.581465682488989 ], [ 110.81302025996176, -7.581500601368796 ], [ 110.813003913111856, -7.581523881558166 ], [ 110.812954889541672, -7.581556462046631 ], [ 110.812929171825104, -7.581663570904176 ], [ 110.812863735897622, -7.581873124968795 ], [ 110.812795976622155, -7.582057062449364 ], [ 110.812716569291794, -7.582194421385029 ], [ 110.812648866289877, -7.582247951743916 ], [ 110.812543811538234, -7.582329410837936 ], [ 110.81244342666136, -7.582403885935696 ], [ 110.812380383323003, -7.582476047846829 ], [ 110.812331340433232, -7.582552873409328 ], [ 110.812317330884483, -7.582569168595665 ], [ 110.812221477456134, -7.582958018410431 ], [ 110.811911106713666, -7.582906653223491 ], [ 110.811855099858647, -7.582897314669565 ], [ 110.811785640247123, -7.582849552363958 ], [ 110.811613671423729, -7.583020267701174 ], [ 110.811671363457791, -7.583090311697724 ], [ 110.811839353952934, -7.583296255101053 ], [ 110.811911355357594, -7.58337171276443 ], [ 110.811721729022437, -7.583591636260467 ], [ 110.811700838861015, -7.58357425046132 ], [ 110.811545712911908, -7.583464665394733 ], [ 110.811451121146916, -7.583404201055032 ], [ 110.811330033214006, -7.583351278352993 ], [ 110.811197585884671, -7.583309679503439 ], [ 110.811046218634672, -7.583260520156925 ], [ 110.810838072554048, -7.5832302180385 ], [ 110.810701836439648, -7.583199947111463 ], [ 110.810569379313279, -7.583181007506091 ], [ 110.810459632822884, -7.583158300276623 ], [ 110.810372583582492, -7.583158262348983 ], [ 110.810270396842128, -7.583158217803661 ], [ 110.810141712993783, -7.583165714819183 ], [ 110.810081149274765, -7.583184570348307 ], [ 110.810035724865145, -7.583203433383227 ], [ 110.809941103553342, -7.583210945208683 ], [ 110.809880549763591, -7.583207142181954 ], [ 110.80982378577734, -7.583192011085045 ], [ 110.809774600494691, -7.583154224762332 ], [ 110.809740561166052, -7.583101339670751 ], [ 110.809717873010058, -7.583056012686082 ], [ 110.809672573028493, -7.582791640018185 ], [ 110.809612362808139, -7.582006110049766 ], [ 110.809627572520441, -7.581843729495803 ], [ 110.809646565376539, -7.581685126262918 ], [ 110.809657989495847, -7.581526519717579 ], [ 110.809631544817762, -7.581416991152671 ], [ 110.809559708209562, -7.58125079503574 ], [ 110.809510558934733, -7.581133703381914 ], [ 110.809487879202493, -7.58106949352282 ], [ 110.809453838406256, -7.581020384980993 ], [ 110.809393301538393, -7.580978817980004 ], [ 110.809328979873911, -7.580937248408222 ], [ 110.809234378998823, -7.580899442130076 ], [ 110.809135993332632, -7.580861634172053 ], [ 110.808992201791568, -7.580801147735186 ], [ 110.808871114895595, -7.580748224368133 ], [ 110.808712194206521, -7.580665072663557 ], [ 110.808598683667597, -7.58059704626004 ], [ 110.808507874413522, -7.580544136107002 ], [ 110.808439761418697, -7.58051767103028 ], [ 110.808341368468305, -7.580498744852435 ], [ 110.808265675857527, -7.580494935848526 ], [ 110.808182414546096, -7.580491122591588 ], [ 110.808114289876144, -7.580491092564706 ], [ 110.808046155170473, -7.580513721055068 ], [ 110.807985593414401, -7.580528799729774 ], [ 110.807932604611409, -7.580536329496665 ], [ 110.807872052893757, -7.580528749627727 ], [ 110.807830426876663, -7.580517402438252 ], [ 110.807758529125522, -7.580490935585052 ], [ 110.807709336858181, -7.5804720309923 ], [ 110.807626111531292, -7.580385135758454 ], [ 110.807516412881185, -7.580256687407736 ], [ 110.807425637395312, -7.580128248306891 ], [ 110.807349981791958, -7.580041356370687 ], [ 110.807308379342601, -7.579977138029075 ], [ 110.807244068109242, -7.579912909628558 ], [ 110.807172194018193, -7.579833571577794 ], [ 110.807126800094352, -7.579784457830852 ], [ 110.807073829861508, -7.579750446108029 ], [ 110.806998147488116, -7.579723977455272 ], [ 110.806930031354526, -7.5797050652908 ], [ 110.806865700024815, -7.579686153890432 ], [ 110.806786228735106, -7.579671013238395 ], [ 110.806729470378798, -7.579644552938523 ], [ 110.806661361008793, -7.579610534444851 ], [ 110.80661595874237, -7.579580302601223 ], [ 110.806566799430854, -7.579485869157335 ], [ 110.806551713404829, -7.579368792318864 ], [ 110.80651770173327, -7.579255483641283 ], [ 110.806491264721657, -7.579130848609682 ], [ 110.806472394714262, -7.579009993512702 ], [ 110.806389221424141, -7.578809803604158 ], [ 110.806313597535933, -7.578654935007042 ], [ 110.806275780938876, -7.578586942585767 ], [ 110.806226612587693, -7.578515167631843 ], [ 110.806185016295274, -7.578435843802361 ], [ 110.806154765931097, -7.578375406979935 ], [ 110.806143440283307, -7.57831120200922 ], [ 110.806143474058729, -7.578235672377527 ], [ 110.80615108584422, -7.578141265064557 ], [ 110.806177661155559, -7.577956230253805 ], [ 110.806181483081573, -7.577873149161245 ], [ 110.80618150502977, -7.577824055532771 ], [ 110.806177770899254, -7.577710760302216 ], [ 110.806083233511259, -7.577533224711823 ], [ 110.806007591357812, -7.577419896545536 ], [ 110.805931933123006, -7.57734055751555 ], [ 110.805833557926235, -7.577283866876838 ], [ 110.805727619066658, -7.577212066550487 ], [ 110.805640600730641, -7.577147827790007 ], [ 110.805530876374931, -7.577079803204816 ], [ 110.80533412611608, -7.576962645155863 ], [ 110.805197912749094, -7.576887054596362 ], [ 110.805110894558254, -7.576822815732743 ], [ 110.805023873788627, -7.576762353423836 ], [ 110.804974695655716, -7.576713237765359 ], [ 110.804955801586416, -7.576649029374839 ], [ 110.804955828766126, -7.576588606031006 ], [ 110.804948289804685, -7.576520626152637 ], [ 110.804963458550631, -7.576452656444154 ], [ 110.804978619705409, -7.576403569595756 ], [ 110.805008917323008, -7.57635826609693 ], [ 110.805073290516134, -7.576282765265662 ], [ 110.805202057191934, -7.576086447419329 ], [ 110.805296754093376, -7.575905219688203 ], [ 110.805327140079967, -7.575834560247428 ], [ 110.805610890693046, -7.575955284949247 ], [ 110.806014789719939, -7.576073361055751 ], [ 110.806096225962165, -7.576057465157179 ], [ 110.806525652271077, -7.576220161856946 ], [ 110.806900793092964, -7.576382834978093 ], [ 110.807138661525912, -7.576456226710504 ], [ 110.80756811904638, -7.576550414919039 ], [ 110.807810794048564, -7.576587166152344 ], [ 110.808008756923371, -7.576636642007256 ], [ 110.80865353362897, -7.575173252446426 ], [ 110.809486036552386, -7.575445522559635 ], [ 110.809588413806608, -7.575007498305603 ], [ 110.811809859240839, -7.575333239197738 ] ] ] } },
{ "type": "Feature", "properties": { "Kelurahan": "Kampung Baru", "Kecamatan": "Pasar Kliwon" }, "geometry": { "type": "Polygon", "coordinates": [ [ [ 110.828274226873617, -7.565332497129554 ], [ 110.8283235694349, -7.565391250282757 ], [ 110.828501400570502, -7.565500837438318 ], [ 110.828811669608328, -7.565667124319167 ], [ 110.82924681191929, -7.565878777041966 ], [ 110.829992232552385, -7.566234055918697 ], [ 110.830200323322387, -7.566388972242557 ], [ 110.830269989987499, -7.566490172805197 ], [ 110.830325143504012, -7.56657029122903 ], [ 110.830355369931311, -7.566698703081858 ], [ 110.830359063136257, -7.566932845223122 ], [ 110.830324892607536, -7.567212290679949 ], [ 110.830309661747364, -7.567450202030541 ], [ 110.830336090246107, -7.567612599809455 ], [ 110.830362520238694, -7.567771221911627 ], [ 110.830445730731554, -7.567899654365881 ], [ 110.830540292426676, -7.568035643471339 ], [ 110.830623514809929, -7.56813386416546 ], [ 110.830706734285371, -7.568239637097375 ], [ 110.830755896228382, -7.568337844539006 ], [ 110.830793698757859, -7.568447377304793 ], [ 110.830816361354437, -7.568564456446182 ], [ 110.830820106318825, -7.568666421926943 ], [ 110.830782021651785, -7.56927819491674 ], [ 110.830774670807315, -7.569463916545693 ], [ 110.83032964919758, -7.569526579494537 ], [ 110.829496752787733, -7.572465938007377 ], [ 110.829194854931401, -7.572373401689186 ], [ 110.826392367269293, -7.571514384017004 ], [ 110.825614958132192, -7.571295780168732 ], [ 110.826268131087872, -7.569297583457289 ], [ 110.826507690722266, -7.568543251439443 ], [ 110.8267353094366, -7.567676249429146 ], [ 110.826286192524151, -7.567510377958884 ], [ 110.826222343024583, -7.56747211635081 ], [ 110.826524440263086, -7.565891549746897 ], [ 110.826528246066005, -7.565838680057662 ], [ 110.826497996687621, -7.565770692313292 ], [ 110.826369435952714, -7.565483629273381 ], [ 110.826191674910632, -7.565200323170059 ], [ 110.826420059332378, -7.565077049791965 ], [ 110.826488192213745, -7.565050641752917 ], [ 110.826582806339403, -7.565050679383592 ], [ 110.826764465244452, -7.565050751576865 ], [ 110.827063442408402, -7.565058423387706 ], [ 110.827411627543299, -7.565043454992577 ], [ 110.827551656852847, -7.565043510382311 ], [ 110.827718168079002, -7.565066235665623 ], [ 110.828024681732686, -7.565156991831301 ], [ 110.828160902498794, -7.565217468988171 ], [ 110.828225216857433, -7.565274141208112 ], [ 110.828274226873617, -7.565332497129554 ] ] ] } },
{ "type": "Feature", "properties": { "Kelurahan": "Kauman", "Kecamatan": "Pasar Kliwon" }, "geometry": { "type": "Polygon", "coordinates": [ [ [ 110.829496752787733, -7.572465938007377 ], [ 110.829080353123643, -7.573769089697687 ], [ 110.82825040428007, -7.57351182391133 ], [ 110.827700106284695, -7.575353654865864 ], [ 110.827273452367706, -7.57525784212906 ], [ 110.826960880663265, -7.575187648302956 ], [ 110.825273512387824, -7.574828819477714 ], [ 110.823112681437493, -7.574295236521912 ], [ 110.823707079929562, -7.572774312868567 ], [ 110.824303796325694, -7.571200476344329 ], [ 110.824405443521769, -7.570974620067753 ], [ 110.824405904070304, -7.570974531605501 ], [ 110.825614958132192, -7.571295780168732 ], [ 110.826392367269293, -7.571514384017004 ], [ 110.829194854931401, -7.572373401689186 ], [ 110.829496752787733, -7.572465938007377 ] ] ] } },
{ "type": "Feature", "properties": { "Kelurahan": "Kedunglumbu", "Kecamatan": "Pasar Kliwon" }, "geometry": { "type": "Polygon", "coordinates": [ [ [ 110.83287043496621, -7.571057716257826 ], [ 110.833294287087412, -7.57112207864141 ], [ 110.833506231311304, -7.571107053346817 ], [ 110.833945282293811, -7.571012809989607 ], [ 110.835315471898198, -7.570594141307787 ], [ 110.835421446269237, -7.570579075923713 ], [ 110.835603113293629, -7.57056403816738 ], [ 110.835735572136699, -7.57057164127152 ], [ 110.835886953697923, -7.570579251461361 ], [ 110.83599289612782, -7.570651044554136 ], [ 110.836117721898106, -7.570824808766797 ], [ 110.836179134047399, -7.570950039732169 ], [ 110.836299243690235, -7.571194970980502 ], [ 110.836340750884446, -7.57152353908195 ], [ 110.836370841265051, -7.572018266978346 ], [ 110.836332916453912, -7.57222595829733 ], [ 110.836172557898962, -7.572854527154046 ], [ 110.836138139649705, -7.572989437157354 ], [ 110.835849650749012, -7.572904899619038 ], [ 110.835845929001138, -7.572903719562171 ], [ 110.83584590271532, -7.572903710506567 ], [ 110.835609159360047, -7.572828617922668 ], [ 110.835460281182009, -7.572786657521547 ], [ 110.835242667978591, -7.57278657528748 ], [ 110.835189206764881, -7.572817030934684 ], [ 110.834929513783294, -7.573037886495978 ], [ 110.834658381099203, -7.57322064249603 ], [ 110.834520913247417, -7.57329297127511 ], [ 110.834417821416963, -7.573323408875438 ], [ 110.8343032712461, -7.573365270429304 ], [ 110.833718995251559, -7.573768859566757 ], [ 110.833741715936753, -7.574252681035978 ], [ 110.833802788299479, -7.574286990250817 ], [ 110.833882931025997, -7.574367020975559 ], [ 110.833989802069809, -7.574439443585662 ], [ 110.834130994525935, -7.574610926923489 ], [ 110.834226386922381, -7.574748106878501 ], [ 110.834314188246111, -7.574770997859325 ], [ 110.834455423106817, -7.574832004187302 ], [ 110.834573751817274, -7.574893001771481 ], [ 110.834672981598516, -7.574980659698925 ], [ 110.834840904270081, -7.575140723716934 ], [ 110.834974487677115, -7.575243632985567 ], [ 110.83508134608401, -7.575350340334918 ], [ 110.835195819077995, -7.575510384882503 ], [ 110.835268292752531, -7.575681841852908 ], [ 110.835375122954346, -7.575860930990494 ], [ 110.835413275510803, -7.575929517231016 ], [ 110.835424238786146, -7.575963807284391 ], [ 110.835435681067509, -7.575992383350831 ], [ 110.835487169913307, -7.576129546444597 ], [ 110.835552978003264, -7.576258144140123 ], [ 110.835676054705246, -7.576383904997559 ], [ 110.835759067312452, -7.576449651501091 ], [ 110.835822044071449, -7.576495389492733 ], [ 110.835899342046787, -7.576529704536877 ], [ 110.835996679160573, -7.576575456354446 ], [ 110.836145559579961, -7.576612654938683 ], [ 110.836305897310893, -7.576641286980022 ], [ 110.836380339160016, -7.576655600827 ], [ 110.83647766665726, -7.576727066741971 ], [ 110.83662939153534, -7.576815695549577 ], [ 110.836789706791805, -7.576904327524925 ], [ 110.836907069284692, -7.576998657525341 ], [ 110.837018697733072, -7.577112986292837 ], [ 110.837210464761895, -7.577321631028665 ], [ 110.837396493604402, -7.577561701914201 ], [ 110.837493803268288, -7.577681738478554 ], [ 110.837548168483053, -7.577787474034479 ], [ 110.837582468967739, -7.577947488049952 ], [ 110.837671050415665, -7.578436095536584 ], [ 110.837406586468404, -7.579064000773661 ], [ 110.837302917008898, -7.578949198369306 ], [ 110.837024377367598, -7.578704032663896 ], [ 110.836867733579624, -7.578558139257057 ], [ 110.836717098094113, -7.578458855102233 ], [ 110.836509211358063, -7.578352031522546 ], [ 110.836129567206029, -7.578222592310379 ], [ 110.835876218479243, -7.578140642366316 ], [ 110.83577176003503, -7.578119220758534 ], [ 110.835557496380005, -7.578054992324683 ], [ 110.835316442507846, -7.577998772665428 ], [ 110.833639802869868, -7.577554451097992 ], [ 110.831992615308295, -7.577152898032398 ], [ 110.831480902497759, -7.577011786449964 ], [ 110.831155153618397, -7.576921956814364 ], [ 110.83076144473641, -7.576804344718432 ], [ 110.830362378381466, -7.576689258455641 ], [ 110.829845458236989, -7.576560762593294 ], [ 110.829431623338053, -7.576456681041056 ], [ 110.829493735870287, -7.576178678674909 ], [ 110.829810579773806, -7.576266422833145 ], [ 110.829814420514921, -7.576209280865032 ], [ 110.830303930558628, -7.574087553222343 ], [ 110.829080353123643, -7.573769089697687 ], [ 110.829496752787733, -7.572465938007377 ], [ 110.83032964919758, -7.569526579494537 ], [ 110.830774670807315, -7.569463916545693 ], [ 110.830755676136491, -7.569943804300062 ], [ 110.830755218845127, -7.570075019219024 ], [ 110.830820612855121, -7.570227442015633 ], [ 110.830823279226919, -7.57023365654103 ], [ 110.830876214359179, -7.570362077159071 ], [ 110.830928325898412, -7.570447580134073 ], [ 110.830970772297576, -7.570509395906489 ], [ 110.831035092211891, -7.570554738892612 ], [ 110.831125903732101, -7.570603867809829 ], [ 110.831334028709833, -7.570679478179646 ], [ 110.83287043496621, -7.571057716257826 ] ] ] } },
{ "type": "Feature", "properties": { "Kelurahan": "Semanggi", "Kecamatan": "Pasar Kliwon" }, "geometry": { "type": "Polygon", "coordinates": [ [ [ 110.840701397508951, -7.589587779846774 ], [ 110.840311266294947, -7.589403583972818 ], [ 110.839519773282902, -7.589013804832206 ], [ 110.839039936931215, -7.588740300946171 ], [ 110.838682600747489, -7.588549643578124 ], [ 110.838056255841067, -7.588244310338974 ], [ 110.837608611408328, -7.588023757718513 ], [ 110.837583186318895, -7.588011092392071 ], [ 110.83646494341599, -7.587454051037108 ], [ 110.83576625393404, -7.587106003424447 ], [ 110.835469185066785, -7.586959787807239 ], [ 110.835216946203914, -7.586835636047403 ], [ 110.83469211244234, -7.586577313490361 ], [ 110.834351348483082, -7.58640958975323 ], [ 110.834046598665793, -7.586288838404477 ], [ 110.833812060804362, -7.586165374641591 ], [ 110.833165477658383, -7.585825006335682 ], [ 110.832758307847186, -7.585636912131416 ], [ 110.832534362451625, -7.585540317472164 ], [ 110.832356218852496, -7.585474217102461 ], [ 110.832025378091245, -7.585362342600321 ], [ 110.831850169364401, -7.585321384758156 ], [ 110.831790280760487, -7.585307384199463 ], [ 110.831496994423233, -7.585239115013888 ], [ 110.831554146916147, -7.585085595558914 ], [ 110.831602409491452, -7.584965338188984 ], [ 110.831624535749498, -7.584895185645425 ], [ 110.831638627769522, -7.584819016414391 ], [ 110.83164268378016, -7.584720792612837 ], [ 110.831628661116753, -7.584618552763051 ], [ 110.831600569699859, -7.584530339146049 ], [ 110.831556406078207, -7.584442120209134 ], [ 110.831409842790904, -7.584203515846963 ], [ 110.831323512256333, -7.58406115563983 ], [ 110.831239199153629, -7.583894741891097 ], [ 110.831189021435549, -7.58377444636551 ], [ 110.831126812165721, -7.583598017637819 ], [ 110.831076657961432, -7.583417584529966 ], [ 110.831044574588006, -7.583261212740824 ], [ 110.831020538718533, -7.5830767807147 ], [ 110.831012558605607, -7.582934450865594 ], [ 110.831016642878481, -7.582764061436508 ], [ 110.831067024440827, -7.582361156856627 ], [ 110.831149525931053, -7.58202040683318 ], [ 110.831242067760172, -7.581687679687207 ], [ 110.831350634078206, -7.581479242944192 ], [ 110.831485312077987, -7.581280839814703 ], [ 110.831662169280889, -7.581106508170315 ], [ 110.831786761293699, -7.581014345434998 ], [ 110.832120337213482, -7.580791963704041 ], [ 110.83230922949808, -7.580663742332258 ], [ 110.832554375792256, -7.580529528036879 ], [ 110.832668902078936, -7.580491485179634 ], [ 110.83278945103207, -7.580461461805164 ], [ 110.832926065215176, -7.580451491633724 ], [ 110.833161114892022, -7.580449577264795 ], [ 110.833360003547909, -7.580447648926544 ], [ 110.833510679214498, -7.580439687575876 ], [ 110.833725657625394, -7.580391660217662 ], [ 110.83402904006465, -7.580317605819408 ], [ 110.834497174170494, -7.58020151701895 ], [ 110.835003479593595, -7.580083437653118 ], [ 110.835403299741884, -7.579989372661687 ], [ 110.836110518517472, -7.579823258379311 ], [ 110.836446047302019, -7.579741195368406 ], [ 110.836628880228616, -7.579695158103904 ], [ 110.836787610792001, -7.579635080039934 ], [ 110.836950369805379, -7.579548943675879 ], [ 110.837034766317501, -7.579494850346749 ], [ 110.837211611558331, -7.579344571589893 ], [ 110.837364362630197, -7.579158201372968 ], [ 110.837406586468404, -7.579064000773661 ], [ 110.837588748811925, -7.579229178084825 ], [ 110.837931539820261, -7.57942174672744 ], [ 110.838102961609067, -7.579446756738059 ], [ 110.838749330519704, -7.579639438443726 ], [ 110.83948854200348, -7.579874917887865 ], [ 110.840159906216186, -7.580085424954515 ], [ 110.840531292423321, -7.580220983421699 ], [ 110.841059808501399, -7.580399363425929 ], [ 110.842191833090567, -7.580788222063279 ], [ 110.842819851819144, -7.580946591653866 ], [ 110.842439750222596, -7.581190928717509 ], [ 110.84196532899756, -7.581387133408831 ], [ 110.841712967444536, -7.581517959193814 ], [ 110.841495919086285, -7.581679009420016 ], [ 110.841369711914083, -7.58181491576229 ], [ 110.84130911045736, -7.581940776321949 ], [ 110.841278797726559, -7.582036435287256 ], [ 110.841273705783138, -7.58216231608181 ], [ 110.841278670452525, -7.58238387056193 ], [ 110.84125834694278, -7.582761509286298 ], [ 110.841268363885547, -7.582967960192495 ], [ 110.841338816511339, -7.583501726386675 ], [ 110.841454669912395, -7.584080826242685 ], [ 110.841510051700894, -7.584428281713313 ], [ 110.841535202649823, -7.58464984352413 ], [ 110.841520007988024, -7.584800896612053 ], [ 110.841454255213421, -7.585213766216248 ], [ 110.840962954884731, -7.587845362581857 ], [ 110.840828027644235, -7.588818801925868 ], [ 110.840701397508951, -7.589587779846774 ] ] ] } },
{ "type": "Feature", "properties": { "Kelurahan": "Baluwarti", "Kecamatan": "Pasar Kliwon" }, "geometry": { "type": "Polygon", "coordinates": [ [ [ 110.830303930558628, -7.574087553222343 ], [ 110.829814420514921, -7.576209280865032 ], [ 110.829810579773806, -7.576266422833145 ], [ 110.829493735870287, -7.576178678674909 ], [ 110.829431623338053, -7.576456681041056 ], [ 110.829845458236989, -7.576560762593294 ], [ 110.830362378381466, -7.576689258455641 ], [ 110.83076144473641, -7.576804344718432 ], [ 110.831155153618397, -7.576921956814364 ], [ 110.830934914225637, -7.577783715407143 ], [ 110.830932490075753, -7.577793202495998 ], [ 110.83060768724728, -7.579037131621338 ], [ 110.830325852732571, -7.580125365466987 ], [ 110.830325845469631, -7.580125392601247 ], [ 110.830323529383037, -7.580134336985574 ], [ 110.830071488987926, -7.581101689211294 ], [ 110.830071474460894, -7.581101746193498 ], [ 110.829936866838167, -7.581629833678396 ], [ 110.829835263345274, -7.582061234642503 ], [ 110.82847739744517, -7.581552870047689 ], [ 110.827719444049762, -7.581301327460827 ], [ 110.826924033011196, -7.583253996656059 ], [ 110.826920429578863, -7.583262843718114 ], [ 110.826823220059509, -7.583497659229391 ], [ 110.826045172675904, -7.583207333151036 ], [ 110.826039523945482, -7.583205168972543 ], [ 110.825992932798329, -7.583187319476692 ], [ 110.825215663751266, -7.582889547643456 ], [ 110.825217604913362, -7.582884441226122 ], [ 110.825222983721915, -7.582870286880435 ], [ 110.825432450345744, -7.582318803619694 ], [ 110.825432465773403, -7.582318762920274 ], [ 110.825807014583859, -7.581302199891718 ], [ 110.825809986718781, -7.581294220971972 ], [ 110.825810067487978, -7.581294004812261 ], [ 110.826056395804571, -7.580632763740266 ], [ 110.825349302985302, -7.580472112234085 ], [ 110.824190255207952, -7.580160933365382 ], [ 110.823143689439789, -7.579901915715644 ], [ 110.823355316354579, -7.579068378769123 ], [ 110.823837820547382, -7.57707778748787 ], [ 110.823837840524945, -7.577077704275584 ], [ 110.824190093292117, -7.575606485053811 ], [ 110.82419259391682, -7.575596522231932 ], [ 110.824250458748253, -7.575365957290478 ], [ 110.825821323246487, -7.575689328725041 ], [ 110.827560932417228, -7.576036816602385 ], [ 110.827695513204134, -7.576082975773629 ], [ 110.827723326407479, -7.576026189763208 ], [ 110.827822566388065, -7.575694801980864 ], [ 110.827825390865456, -7.575686358036533 ], [ 110.82787888709484, -7.575526438627779 ], [ 110.827880990017562, -7.575520162650958 ], [ 110.827898276240205, -7.575468663293549 ], [ 110.827801869062512, -7.575412496650897 ], [ 110.827700106284695, -7.575353654865864 ], [ 110.82825040428007, -7.57351182391133 ], [ 110.829080353123643, -7.573769089697687 ], [ 110.830303930558628, -7.574087553222343 ] ] ] } },
{ "type": "Feature", "properties": { "Kelurahan": "Sangkrah", "Kecamatan": "Pasar Kliwon" }, "geometry": { "type": "Polygon", "coordinates": [ [ [ 110.835845929001138, -7.572903719562171 ], [ 110.835849650749012, -7.572904899619038 ], [ 110.836138139649705, -7.572989437157354 ], [ 110.836101712260117, -7.573132223396252 ], [ 110.836078926203598, -7.573339920372658 ], [ 110.836120415373102, -7.573713806507257 ], [ 110.836260320667478, -7.574049964744789 ], [ 110.83638136364597, -7.574223727455833 ], [ 110.836502449426987, -7.574284196382133 ], [ 110.836699216284686, -7.574374905384671 ], [ 110.837107888774696, -7.574560105368101 ], [ 110.838140970792693, -7.574896596108274 ], [ 110.838315055454487, -7.574923095915361 ], [ 110.838553475569583, -7.574957172663282 ], [ 110.838939478713158, -7.575040397605941 ], [ 110.839794714999513, -7.575297513204143 ], [ 110.840255430979639, -7.575455621255949 ], [ 110.840290441322139, -7.575467635930643 ], [ 110.840971617187932, -7.575637825851497 ], [ 110.84151658414055, -7.575702224546638 ], [ 110.842212965028295, -7.575691148551099 ], [ 110.842466555641792, -7.575638369126952 ], [ 110.842985056352703, -7.575631004100416 ], [ 110.843102380573171, -7.575631046380338 ], [ 110.84329160131557, -7.575665102823066 ], [ 110.843465666651781, -7.575744470894873 ], [ 110.843571611618174, -7.575816262180463 ], [ 110.843685111643936, -7.575925820148753 ], [ 110.843798588601402, -7.576099578139879 ], [ 110.843896897545761, -7.57635641362756 ], [ 110.843957361090006, -7.576609458048351 ], [ 110.844055651223229, -7.576919163808733 ], [ 110.844093392203732, -7.577213741549453 ], [ 110.844093179156644, -7.577216294170163 ], [ 110.844005519095617, -7.577233755353808 ], [ 110.843833914739619, -7.577324329059923 ], [ 110.84370268921937, -7.577389741196089 ], [ 110.84364210542229, -7.57747028407992 ], [ 110.843591612246939, -7.577555865416506 ], [ 110.843531015684661, -7.577671655757804 ], [ 110.843505748627507, -7.577772352467761 ], [ 110.843429976485098, -7.577988842222551 ], [ 110.84337932129813, -7.578522564676584 ], [ 110.84330846459973, -7.579101597893375 ], [ 110.843202184175439, -7.579957558761948 ], [ 110.843141481461487, -7.580365394838018 ], [ 110.843060653728855, -7.58060705956414 ], [ 110.842949566539843, -7.580798360466712 ], [ 110.842823356424134, -7.580944338731147 ], [ 110.842819851819144, -7.580946591653866 ], [ 110.842191833090567, -7.580788222063279 ], [ 110.841059808501399, -7.580399363425929 ], [ 110.840531292423321, -7.580220983421699 ], [ 110.840159906216186, -7.580085424954515 ], [ 110.83948854200348, -7.579874917887865 ], [ 110.838749330519704, -7.579639438443726 ], [ 110.838102961609067, -7.579446756738059 ], [ 110.837931539820261, -7.57942174672744 ], [ 110.837588748811925, -7.579229178084825 ], [ 110.837406586468404, -7.579064000773661 ], [ 110.837671050415665, -7.578436095536584 ], [ 110.837582468967739, -7.577947488049952 ], [ 110.837548168483053, -7.577787474034479 ], [ 110.837493803268288, -7.577681738478554 ], [ 110.837396493604402, -7.577561701914201 ], [ 110.837210464761895, -7.577321631028665 ], [ 110.837018697733072, -7.577112986292837 ], [ 110.836907069284692, -7.576998657525341 ], [ 110.836789706791805, -7.576904327524925 ], [ 110.83662939153534, -7.576815695549577 ], [ 110.83647766665726, -7.576727066741971 ], [ 110.836380339160016, -7.576655600827 ], [ 110.836305897310893, -7.576641286980022 ], [ 110.836145559579961, -7.576612654938683 ], [ 110.835996679160573, -7.576575456354446 ], [ 110.835899342046787, -7.576529704536877 ], [ 110.835822044071449, -7.576495389492733 ], [ 110.835759067312452, -7.576449651501091 ], [ 110.835676054705246, -7.576383904997559 ], [ 110.835552978003264, -7.576258144140123 ], [ 110.835487169913307, -7.576129546444597 ], [ 110.835435681067509, -7.575992383350831 ], [ 110.835424238786146, -7.575963807284391 ], [ 110.835413275510803, -7.575929517231016 ], [ 110.835375122954346, -7.575860930990494 ], [ 110.835268292752531, -7.575681841852908 ], [ 110.835195819077995, -7.575510384882503 ], [ 110.83508134608401, -7.575350340334918 ], [ 110.834974487677115, -7.575243632985567 ], [ 110.834840904270081, -7.575140723716934 ], [ 110.834672981598516, -7.574980659698925 ], [ 110.834573751817274, -7.574893001771481 ], [ 110.834455423106817, -7.574832004187302 ], [ 110.834314188246111, -7.574770997859325 ], [ 110.834226386922381, -7.574748106878501 ], [ 110.834130994525935, -7.574610926923489 ], [ 110.833989802069809, -7.574439443585662 ], [ 110.833882931025997, -7.574367020975559 ], [ 110.833802788299479, -7.574286990250817 ], [ 110.833741715936753, -7.574252681035978 ], [ 110.833718995251559, -7.573768859566757 ], [ 110.8343032712461, -7.573365270429304 ], [ 110.834417821416963, -7.573323408875438 ], [ 110.834520913247417, -7.57329297127511 ], [ 110.834658381099203, -7.57322064249603 ], [ 110.834929513783294, -7.573037886495978 ], [ 110.835189206764881, -7.572817030934684 ], [ 110.835242667978591, -7.57278657528748 ], [ 110.835460281182009, -7.572786657521547 ], [ 110.835609159360047, -7.572828617922668 ], [ 110.83584590271532, -7.572903710506567 ], [ 110.835845929001138, -7.572903719562171 ] ] ] } },
{ "type": "Feature", "properties": { "Kelurahan": "Joyosuran", "Kecamatan": "Pasar Kliwon" }, "geometry": { "type": "Polygon", "coordinates": [ [ [ 110.823267779122503, -7.590288660424013 ], [ 110.823674852883727, -7.58919483126079 ], [ 110.823975328079882, -7.588466332812264 ], [ 110.824344020372621, -7.587512689155513 ], [ 110.824734007335493, -7.586539935625739 ], [ 110.825537471725639, -7.584401128478678 ], [ 110.825808143481922, -7.583655621463377 ], [ 110.825812199932599, -7.583627183435492 ], [ 110.825883941008698, -7.583646182773492 ], [ 110.826448979372671, -7.5837958243441 ], [ 110.827591960099468, -7.584125032663234 ], [ 110.828819304655198, -7.584492359006293 ], [ 110.829241146874281, -7.584606786349875 ], [ 110.829407870988149, -7.584662980278388 ], [ 110.829825694922761, -7.584779410915501 ], [ 110.830440382806088, -7.584940019300587 ], [ 110.831127382251211, -7.585130722785607 ], [ 110.831496994423233, -7.585239115013888 ], [ 110.831387332874669, -7.585487419299734 ], [ 110.831172833385196, -7.586018331813831 ], [ 110.831108479874075, -7.586185802295244 ], [ 110.830904777257317, -7.586506458965847 ], [ 110.830776142246137, -7.586656085285307 ], [ 110.830650648717608, -7.58692532487288 ], [ 110.830507377915893, -7.587179556114726 ], [ 110.830418529973812, -7.587388094317819 ], [ 110.830255189159118, -7.587708032775256 ], [ 110.830189288199307, -7.587813721324992 ], [ 110.830117678425481, -7.587873694329175 ], [ 110.830051774948274, -7.58798795455177 ], [ 110.829951491341419, -7.58814791643228 ], [ 110.829842606798124, -7.588336445735413 ], [ 110.829788166736719, -7.588424997118018 ], [ 110.82969649595266, -7.588527818867222 ], [ 110.82958762694642, -7.588676348061626 ], [ 110.829510274463757, -7.588776318750647 ], [ 110.829372779774701, -7.588901980011249 ], [ 110.829321220482555, -7.588944816446153 ], [ 110.829049092372671, -7.589201854082543 ], [ 110.828828548426586, -7.589350340054057 ], [ 110.828722568963371, -7.589430298397228 ], [ 110.82872542148047, -7.589458871236585 ], [ 110.828502001018592, -7.589638784246023 ], [ 110.828467623815854, -7.589678770723147 ], [ 110.828456148818915, -7.589733052092039 ], [ 110.828444663852892, -7.589810191009229 ], [ 110.828438824993796, -7.590093047412801 ], [ 110.828430216299381, -7.5901387582156 ], [ 110.828370007049188, -7.590333021381519 ], [ 110.828312647065232, -7.590561571536882 ], [ 110.828243857317943, -7.590730117109989 ], [ 110.828140686777246, -7.590947219904573 ], [ 110.828054713441418, -7.591121472809253 ], [ 110.827965882786231, -7.591281438707091 ], [ 110.827897099602282, -7.591432840827935 ], [ 110.827813999000142, -7.5915842372642 ], [ 110.827768143024997, -7.591687076714221 ], [ 110.827707904808619, -7.591952768124557 ], [ 110.827561923760555, -7.5927251595226 ], [ 110.827462955309386, -7.592705628593902 ], [ 110.82721176820975, -7.592633303503178 ], [ 110.827054242138374, -7.592592879890457 ], [ 110.826947810170338, -7.592552476569401 ], [ 110.826835000022001, -7.592492952620585 ], [ 110.826558286510519, -7.592367511562625 ], [ 110.826387995613928, -7.592305839724629 ], [ 110.826032504910373, -7.592195236161792 ], [ 110.825781319218109, -7.592120786327688 ], [ 110.825066050537572, -7.591978173278457 ], [ 110.82450831558495, -7.591854741660768 ], [ 110.824135778643139, -7.591784490629606 ], [ 110.823793048674631, -7.591710002607621 ], [ 110.822856428672509, -7.591427095258602 ], [ 110.823094232839438, -7.59076896012199 ], [ 110.823267779122503, -7.590288660424013 ] ] ] } },
{ "type": "Feature", "properties": { "Kelurahan": "Pasar Kliwon", "Kecamatan": "Pasar Kliwon" }, "geometry": { "type": "Polygon", "coordinates": [ [ [ 110.831149525931053, -7.58202040683318 ], [ 110.831067024440827, -7.582361156856627 ], [ 110.831016642878481, -7.582764061436508 ], [ 110.831012558605607, -7.582934450865594 ], [ 110.831020538718533, -7.5830767807147 ], [ 110.831044574588006, -7.583261212740824 ], [ 110.831076657961432, -7.583417584529966 ], [ 110.831126812165721, -7.583598017637819 ], [ 110.831189021435549, -7.58377444636551 ], [ 110.831239199153629, -7.583894741891097 ], [ 110.831323512256333, -7.58406115563983 ], [ 110.831409842790904, -7.584203515846963 ], [ 110.831556406078207, -7.584442120209134 ], [ 110.831600569699859, -7.584530339146049 ], [ 110.831628661116753, -7.584618552763051 ], [ 110.83164268378016, -7.584720792612837 ], [ 110.831638627769522, -7.584819016414391 ], [ 110.831624535749498, -7.584895185645425 ], [ 110.831602409491452, -7.584965338188984 ], [ 110.831554146916147, -7.585085595558914 ], [ 110.831496994423233, -7.585239115013888 ], [ 110.831127382251211, -7.585130722785607 ], [ 110.830440382806088, -7.584940019300587 ], [ 110.829825694922761, -7.584779410915501 ], [ 110.829407870988149, -7.584662980278388 ], [ 110.829241146874281, -7.584606786349875 ], [ 110.828819304655198, -7.584492359006293 ], [ 110.827591960099468, -7.584125032663234 ], [ 110.826448979372671, -7.5837958243441 ], [ 110.825883941008698, -7.583646182773492 ], [ 110.825812199932599, -7.583627183435492 ], [ 110.825992296666811, -7.583188918500478 ], [ 110.825992932798329, -7.583187319476692 ], [ 110.826039523945482, -7.583205168972543 ], [ 110.826045172675904, -7.583207333151036 ], [ 110.826823220059509, -7.583497659229391 ], [ 110.826920429578863, -7.583262843718114 ], [ 110.826924033011196, -7.583253996656059 ], [ 110.827719444049762, -7.581301327460827 ], [ 110.82847739744517, -7.581552870047689 ], [ 110.829835263345274, -7.582061234642503 ], [ 110.829936866838167, -7.581629833678396 ], [ 110.830071474460894, -7.581101746193498 ], [ 110.830071488987926, -7.581101689211294 ], [ 110.830323529383037, -7.580134336985574 ], [ 110.830325845469631, -7.580125392601247 ], [ 110.830325852732571, -7.580125365466987 ], [ 110.83060768724728, -7.579037131621338 ], [ 110.830932490075753, -7.577793202495998 ], [ 110.830934914225637, -7.577783715407143 ], [ 110.831155153618397, -7.576921956814364 ], [ 110.831480902497759, -7.577011786449964 ], [ 110.831992615308295, -7.577152898032398 ], [ 110.833639802869868, -7.577554451097992 ], [ 110.835316442507846, -7.577998772665428 ], [ 110.835557496380005, -7.578054992324683 ], [ 110.83577176003503, -7.578119220758534 ], [ 110.835876218479243, -7.578140642366316 ], [ 110.836129567206029, -7.578222592310379 ], [ 110.836509211358063, -7.578352031522546 ], [ 110.836717098094113, -7.578458855102233 ], [ 110.836867733579624, -7.578558139257057 ], [ 110.837024377367598, -7.578704032663896 ], [ 110.837302917008898, -7.578949198369306 ], [ 110.837406586468404, -7.579064000773661 ], [ 110.837364362630197, -7.579158201372968 ], [ 110.837211611558331, -7.579344571589893 ], [ 110.837034766317501, -7.579494850346749 ], [ 110.836950369805379, -7.579548943675879 ], [ 110.836787610792001, -7.579635080039934 ], [ 110.836628880228616, -7.579695158103904 ], [ 110.836446047302019, -7.579741195368406 ], [ 110.836110518517472, -7.579823258379311 ], [ 110.835403299741884, -7.579989372661687 ], [ 110.835003479593595, -7.580083437653118 ], [ 110.834497174170494, -7.58020151701895 ], [ 110.83402904006465, -7.580317605819408 ], [ 110.833725657625394, -7.580391660217662 ], [ 110.833510679214498, -7.580439687575876 ], [ 110.833360003547909, -7.580447648926544 ], [ 110.833161114892022, -7.580449577264795 ], [ 110.832926065215176, -7.580451491633724 ], [ 110.83278945103207, -7.580461461805164 ], [ 110.832668902078936, -7.580491485179634 ], [ 110.832554375792256, -7.580529528036879 ], [ 110.83230922949808, -7.580663742332258 ], [ 110.832120337213482, -7.580791963704041 ], [ 110.831786761293699, -7.581014345434998 ], [ 110.831662169280889, -7.581106508170315 ], [ 110.831485312077987, -7.581280839814703 ], [ 110.831350634078206, -7.581479242944192 ], [ 110.831242067760172, -7.581687679687207 ], [ 110.831149525931053, -7.58202040683318 ] ] ] } },
{ "type": "Feature", "properties": { "Kelurahan": "Gajahan", "Kecamatan": "Pasar Kliwon" }, "geometry": { "type": "Polygon", "coordinates": [ [ [ 110.827700106284695, -7.575353654865864 ], [ 110.827801869062512, -7.575412496650897 ], [ 110.827898276240205, -7.575468663293549 ], [ 110.827880990017562, -7.575520162650958 ], [ 110.82787888709484, -7.575526438627779 ], [ 110.827825390865456, -7.575686358036533 ], [ 110.827822566388065, -7.575694801980864 ], [ 110.827723326407479, -7.576026189763208 ], [ 110.827695513204134, -7.576082975773629 ], [ 110.827560932417228, -7.576036816602385 ], [ 110.825821323246487, -7.575689328725041 ], [ 110.824250458748253, -7.575365957290478 ], [ 110.82419259391682, -7.575596522231932 ], [ 110.824190093292117, -7.575606485053811 ], [ 110.823837840524945, -7.577077704275584 ], [ 110.823837820547382, -7.57707778748787 ], [ 110.823355316354579, -7.579068378769123 ], [ 110.823143689439789, -7.579901915715644 ], [ 110.824190255207952, -7.580160933365382 ], [ 110.825349302985302, -7.580472112234085 ], [ 110.826056395804571, -7.580632763740266 ], [ 110.825810067487978, -7.581294004812261 ], [ 110.825809986718781, -7.581294220971972 ], [ 110.825807014583859, -7.581302199891718 ], [ 110.825432465773403, -7.582318762920274 ], [ 110.825432450345744, -7.582318803619694 ], [ 110.825222983721915, -7.582870286880435 ], [ 110.825217604913362, -7.582884441226122 ], [ 110.825215663751266, -7.582889547643456 ], [ 110.825992932798329, -7.583187319476692 ], [ 110.825992296666811, -7.583188918500478 ], [ 110.825812199932599, -7.583627183435492 ], [ 110.825808143481922, -7.583655621463377 ], [ 110.824954551779285, -7.583408864328608 ], [ 110.820471604634989, -7.58213673086818 ], [ 110.820966116250872, -7.580666946738607 ], [ 110.821797414242212, -7.578160660962352 ], [ 110.821805559358964, -7.578136666981766 ], [ 110.82233454070969, -7.576578305938115 ], [ 110.822837558647464, -7.575097901036075 ], [ 110.82304216512739, -7.574520186034804 ], [ 110.823106115856717, -7.574312034422199 ], [ 110.823112681437493, -7.574295236521912 ], [ 110.825273512387824, -7.574828819477714 ], [ 110.826960880663265, -7.575187648302956 ], [ 110.827273452367706, -7.57525784212906 ], [ 110.827700106284695, -7.575353654865864 ] ] ] } },
{ "type": "Feature", "properties": { "Kelurahan": "Mojo", "Kecamatan": "Pasar Kliwon" }, "geometry": { "type": "Polygon", "coordinates": [ [ [ 110.840701397508951, -7.589587779846774 ], [ 110.840693156583853, -7.589637825752901 ], [ 110.84065947951369, -7.589731805418337 ], [ 110.840612355323728, -7.58979892529177 ], [ 110.840545043153355, -7.58987275147028 ], [ 110.840484464407169, -7.589933152679039 ], [ 110.840403702621416, -7.589986832755357 ], [ 110.840322933385394, -7.59006065395707 ], [ 110.840195067090022, -7.590127744118401 ], [ 110.840140187269284, -7.590147895840214 ], [ 110.840067208197979, -7.590174693100522 ], [ 110.839932633190614, -7.59018807099961 ], [ 110.839515456097047, -7.590214772051548 ], [ 110.839253029538895, -7.590254957379493 ], [ 110.839010803429474, -7.590254867744746 ], [ 110.838694566293199, -7.590248036805424 ], [ 110.838331212099447, -7.590288184113575 ], [ 110.838149542511445, -7.59028811651465 ], [ 110.837994774372831, -7.590321627434498 ], [ 110.837813087163028, -7.590368555683749 ], [ 110.83755738132048, -7.590428883630617 ], [ 110.837402603000967, -7.590489249187573 ], [ 110.837241106231332, -7.590522757319262 ], [ 110.837119983006843, -7.590549566806396 ], [ 110.836958445728058, -7.590690494229631 ], [ 110.836756509420766, -7.590905257265031 ], [ 110.836473843409721, -7.591086421272136 ], [ 110.835679559982552, -7.591925335813379 ], [ 110.834959233639083, -7.592905264850065 ], [ 110.834151409594142, -7.5939455825947 ], [ 110.833909078373992, -7.594214038482865 ], [ 110.833660041520403, -7.594422068259632 ], [ 110.833485036779948, -7.594583130289195 ], [ 110.833310050019705, -7.594697196275311 ], [ 110.833161985224052, -7.594791131395012 ], [ 110.83302067485495, -7.594817931951384 ], [ 110.832832259273971, -7.594858141760866 ], [ 110.832758234593513, -7.594884968114926 ], [ 110.832677483927895, -7.594905078155302 ], [ 110.832563098184394, -7.594905034087636 ], [ 110.8324823605072, -7.594891575543892 ], [ 110.83199128682206, -7.594602696375166 ], [ 110.830699801143552, -7.593581711108875 ], [ 110.82980513089565, -7.593003982546767 ], [ 110.829657129391705, -7.592936787456833 ], [ 110.82956294303446, -7.592903181977126 ], [ 110.829421654262688, -7.592876271701541 ], [ 110.829219805999472, -7.592856051296121 ], [ 110.828964132093603, -7.592829095906767 ], [ 110.828472977987829, -7.592755051520118 ], [ 110.828257667429725, -7.592748252775753 ], [ 110.828182069515478, -7.592741937045221 ], [ 110.828180398614734, -7.592739901104785 ], [ 110.828177847341038, -7.59274039127695 ], [ 110.828059039032865, -7.592763219928022 ], [ 110.827986649145714, -7.59277593665576 ], [ 110.827914265230362, -7.592775907999328 ], [ 110.827805693523686, -7.592763119619412 ], [ 110.827624742992143, -7.592737556231185 ], [ 110.827564643247001, -7.592725696106368 ], [ 110.827561923760555, -7.5927251595226 ], [ 110.827707904808619, -7.591952768124557 ], [ 110.827768143024997, -7.591687076714221 ], [ 110.827813999000142, -7.5915842372642 ], [ 110.827897099602282, -7.591432840827935 ], [ 110.827965882786231, -7.591281438707091 ], [ 110.828054713441418, -7.591121472809253 ], [ 110.828140686777246, -7.590947219904573 ], [ 110.828243857317943, -7.590730117109989 ], [ 110.828312647065232, -7.590561571536882 ], [ 110.828370007049188, -7.590333021381519 ], [ 110.828430216299381, -7.5901387582156 ], [ 110.828438824993796, -7.590093047412801 ], [ 110.828444663852892, -7.589810191009229 ], [ 110.828456148818915, -7.589733052092039 ], [ 110.828467623815854, -7.589678770723147 ], [ 110.828502001018592, -7.589638784246023 ], [ 110.82872542148047, -7.589458871236585 ], [ 110.828722568963371, -7.589430298397228 ], [ 110.828828548426586, -7.589350340054057 ], [ 110.829049092372671, -7.589201854082543 ], [ 110.829321220482555, -7.588944816446153 ], [ 110.829372779774701, -7.588901980011249 ], [ 110.829510274463757, -7.588776318750647 ], [ 110.82958762694642, -7.588676348061626 ], [ 110.82969649595266, -7.588527818867222 ], [ 110.829788166736719, -7.588424997118018 ], [ 110.829842606798124, -7.588336445735413 ], [ 110.829951491341419, -7.58814791643228 ], [ 110.830051774948274, -7.58798795455177 ], [ 110.830117678425481, -7.587873694329175 ], [ 110.830189288199307, -7.587813721324992 ], [ 110.830255189159118, -7.587708032775256 ], [ 110.830418529973812, -7.587388094317819 ], [ 110.830507377915893, -7.587179556114726 ], [ 110.830650648717608, -7.58692532487288 ], [ 110.830776142246137, -7.586656085285307 ], [ 110.830904777257317, -7.586506458965847 ], [ 110.831108479874075, -7.586185802295244 ], [ 110.831172833385196, -7.586018331813831 ], [ 110.831387332874669, -7.585487419299734 ], [ 110.831496994423233, -7.585239115013888 ], [ 110.831790280760487, -7.585307384199463 ], [ 110.831850169364401, -7.585321384758156 ], [ 110.832025378091245, -7.585362342600321 ], [ 110.832356218852496, -7.585474217102461 ], [ 110.832534362451625, -7.585540317472164 ], [ 110.832758307847186, -7.585636912131416 ], [ 110.833165477658383, -7.585825006335682 ], [ 110.833812060804362, -7.586165374641591 ], [ 110.834046598665793, -7.586288838404477 ], [ 110.834351348483082, -7.58640958975323 ], [ 110.83469211244234, -7.586577313490361 ], [ 110.835216946203914, -7.586835636047403 ], [ 110.835469185066785, -7.586959787807239 ], [ 110.83576625393404, -7.587106003424447 ], [ 110.83646494341599, -7.587454051037108 ], [ 110.837583186318895, -7.588011092392071 ], [ 110.837608611408328, -7.588023757718513 ], [ 110.838056255841067, -7.588244310338974 ], [ 110.838682600747489, -7.588549643578124 ], [ 110.839039936931215, -7.588740300946171 ], [ 110.839519773282902, -7.589013804832206 ], [ 110.840311266294947, -7.589403583972818 ], [ 110.840701397508951, -7.589587779846774 ] ] ] } },
{ "type": "Feature", "properties": { "Kelurahan": "Sondakan", "Kecamatan": "Laweyan" }, "geometry": { "type": "Polygon", "coordinates": [ [ [ 110.798249140550723, -7.566951714038431 ], [ 110.798245719344862, -7.566963487222079 ], [ 110.797945305087438, -7.567861408094197 ], [ 110.797344400400959, -7.569814051352613 ], [ 110.795320889281044, -7.569209647637378 ], [ 110.794397217767539, -7.568933618189259 ], [ 110.793587804643309, -7.568714660374506 ], [ 110.792783146125132, -7.568514710119585 ], [ 110.792130844236866, -7.568362347121723 ], [ 110.791916608528723, -7.568262461119385 ], [ 110.79185471136573, -7.568248176484561 ], [ 110.791769000071241, -7.568243383858283 ], [ 110.791602341685888, -7.568229049137212 ], [ 110.791426153540243, -7.568228964879977 ], [ 110.791307102903687, -7.568238411297781 ], [ 110.79119280870033, -7.568257363351908 ], [ 110.791064220499365, -7.568295314402372 ], [ 110.790873705380307, -7.568380752665202 ], [ 110.790397442048345, -7.568542079765708 ], [ 110.790326060083942, -7.568447012441816 ], [ 110.790240415362703, -7.568304422197849 ], [ 110.790207148549399, -7.568166608841069 ], [ 110.790202471603266, -7.567990796583652 ], [ 110.790226333975937, -7.567881519981295 ], [ 110.79019306810234, -7.567743706622221 ], [ 110.790126463391758, -7.567615380603796 ], [ 110.790040806011888, -7.567501300486676 ], [ 110.789974188496586, -7.567401483706429 ], [ 110.789845654751034, -7.567325395553644 ], [ 110.789721874655811, -7.567268316437232 ], [ 110.789564768178792, -7.567196966117881 ], [ 110.789417179551904, -7.567139875425331 ], [ 110.789302910936499, -7.56710655835695 ], [ 110.789207677011149, -7.567101760632026 ], [ 110.789117201776037, -7.567101716882967 ], [ 110.789041012247921, -7.567101680027164 ], [ 110.788941027068958, -7.567073122374908 ], [ 110.788888667850458, -7.567030331772285 ], [ 110.788812503760425, -7.566978027149108 ], [ 110.788726820513219, -7.566916214510814 ], [ 110.788603052257031, -7.566835376613895 ], [ 110.788512604855413, -7.566778313319868 ], [ 110.788412625326231, -7.566740252161934 ], [ 110.788355485773195, -7.566735472736656 ], [ 110.788279305581497, -7.566716428974531 ], [ 110.78822693024884, -7.5667069001509 ], [ 110.788184082443294, -7.566687872559589 ], [ 110.78814600903749, -7.566645089714149 ], [ 110.788131748851967, -7.566592815046833 ], [ 110.788131772038639, -7.566545298109483 ], [ 110.788141321333754, -7.566493035010091 ], [ 110.788169931207662, -7.566412271000599 ], [ 110.78819852806987, -7.566360017151889 ], [ 110.788227124925058, -7.566307763301011 ], [ 110.788260471173984, -7.566279269324331 ], [ 110.788284336242938, -7.566165242041285 ], [ 110.788289146787051, -7.566065459686209 ], [ 110.788274919037661, -7.565946662212089 ], [ 110.78826067275935, -7.56586587738397 ], [ 110.788227375207825, -7.565794586694286 ], [ 110.788170271962585, -7.565713781049368 ], [ 110.788127434436305, -7.56567574758372 ], [ 110.788060787489002, -7.565637701639115 ], [ 110.787989369388058, -7.565618661049827 ], [ 110.787889368377037, -7.565623364118392 ], [ 110.787817938678586, -7.565628080161376 ], [ 110.787636959536499, -7.565689764104372 ], [ 110.787565522851736, -7.565708735186863 ], [ 110.787479802826326, -7.565722948506856 ], [ 110.787375033828866, -7.565741904217552 ], [ 110.787298837565388, -7.565756122144923 ], [ 110.78716549490251, -7.565779814657581 ], [ 110.787075012964891, -7.565794025573168 ], [ 110.786989309225703, -7.565774976940934 ], [ 110.786908372044351, -7.565746428136385 ], [ 110.786836967977337, -7.565698876293678 ], [ 110.786808444223752, -7.565603830266395 ], [ 110.786765636257385, -7.56550402465397 ], [ 110.786694262587417, -7.565394702582067 ], [ 110.786646682019182, -7.565318653097485 ], [ 110.786580039931906, -7.565271104448605 ], [ 110.786508628970992, -7.565237807634851 ], [ 110.786432467824497, -7.565180750914906 ], [ 110.786361077928163, -7.565104689740668 ], [ 110.786318261666224, -7.56502389086078 ], [ 110.786304018117349, -7.564938354282784 ], [ 110.78628504309485, -7.564791044259358 ], [ 110.786285124933841, -7.564624737698225 ], [ 110.78631381541112, -7.564382418035975 ], [ 110.786318628713545, -7.564277884917468 ], [ 110.786332968089383, -7.564168603865386 ], [ 110.78637588476937, -7.564045082628582 ], [ 110.786404504141373, -7.563945311955434 ], [ 110.78643309636918, -7.563902561605557 ], [ 110.786447414675123, -7.563836045791009 ], [ 110.78643795402408, -7.563707747204444 ], [ 110.787947631568855, -7.563328352587431 ], [ 110.789095351455302, -7.563067569325368 ], [ 110.789909701943344, -7.562896903009659 ], [ 110.792376563158015, -7.562370652879763 ], [ 110.794494300941921, -7.561903772973699 ], [ 110.794548761926634, -7.561891766052835 ], [ 110.794554805495096, -7.561889999562802 ], [ 110.795605725829304, -7.562201001632599 ], [ 110.795605756646083, -7.562201010692722 ], [ 110.799133745998702, -7.563281141018289 ], [ 110.799352137198895, -7.563348002302622 ], [ 110.799161375341896, -7.563975130605618 ], [ 110.798927687814867, -7.564749539847791 ], [ 110.798403111859614, -7.56642187370516 ], [ 110.798249140550723, -7.566951714038431 ] ] ] } },
{ "type": "Feature", "properties": { "Kelurahan": "Bumi", "Kecamatan": "Laweyan" }, "geometry": { "type": "Polygon", "coordinates": [ [ [ 110.8051624051121, -7.569321408718817 ], [ 110.805091906721017, -7.569437362802832 ], [ 110.804915572701631, -7.569760395833926 ], [ 110.804863142267052, -7.569869659631035 ], [ 110.804834550182107, -7.56991716381869 ], [ 110.804815472512956, -7.569983678156013 ], [ 110.804777313787895, -7.570126210223298 ], [ 110.804677100089549, -7.570601328870638 ], [ 110.804600740844307, -7.570976673409148 ], [ 110.804576867806034, -7.571119211853519 ], [ 110.804533926770191, -7.571304507029853 ], [ 110.804424996739385, -7.571308021252634 ], [ 110.804410618615734, -7.571514711421898 ], [ 110.804385478798011, -7.571824744614562 ], [ 110.804349746885691, -7.571863928953573 ], [ 110.804331866812774, -7.571913813305604 ], [ 110.804281723614437, -7.572230963255726 ], [ 110.804228049746115, -7.572459017040165 ], [ 110.804034891933142, -7.573537512292957 ], [ 110.803992142757281, -7.57348770018865 ], [ 110.803912707654462, -7.573393252828211 ], [ 110.803795437238918, -7.573276129882097 ], [ 110.803647881329894, -7.573177875218536 ], [ 110.803549509889152, -7.573113630939769 ], [ 110.803390623033749, -7.572966277440694 ], [ 110.803193852943778, -7.572898212096319 ], [ 110.803016006600473, -7.572830155220404 ], [ 110.802781403105485, -7.572735638384133 ], [ 110.80264897018715, -7.572671378487664 ], [ 110.802490055389313, -7.572584448014974 ], [ 110.802448454358739, -7.572520229223768 ], [ 110.802410635446989, -7.57245978871682 ], [ 110.802384169023497, -7.572403129928559 ], [ 110.802353916154502, -7.572350245089613 ], [ 110.802327453185754, -7.572286034058139 ], [ 110.80230100571265, -7.572187833875068 ], [ 110.80226320578231, -7.572085851965739 ], [ 110.802198960157327, -7.571881894195893 ], [ 110.80217251273578, -7.571783694004595 ], [ 110.802134705979796, -7.57169681837301 ], [ 110.802096887181278, -7.57163637783954 ], [ 110.802051494680057, -7.571587263581763 ], [ 110.802013667286687, -7.5715457049981 ], [ 110.801881231398013, -7.571488998021624 ], [ 110.801707160215557, -7.571443600876732 ], [ 110.801487668108976, -7.571409513598262 ], [ 110.801211413097903, -7.57136406969725 ], [ 110.801075170145552, -7.571356454381077 ], [ 110.800980556515483, -7.571352634609077 ], [ 110.800897295324219, -7.571352596576312 ], [ 110.800825376995206, -7.571375223148937 ], [ 110.80068533288528, -7.571405370796898 ], [ 110.800560419802849, -7.571450630710894 ], [ 110.800446860867837, -7.571495896692396 ], [ 110.80035601977761, -7.571518513615985 ], [ 110.800265176939902, -7.571544907092225 ], [ 110.800181910497841, -7.571556198637345 ], [ 110.799943476606018, -7.571563641481778 ], [ 110.799723970655833, -7.571559764986539 ], [ 110.799534734624828, -7.571571006787587 ], [ 110.799428750245582, -7.57160494626701 ], [ 110.799284911609377, -7.571653973671242 ], [ 110.799171352496245, -7.571699239315056 ], [ 110.79909185324108, -7.571748296301005 ], [ 110.799000984042536, -7.571831337178516 ], [ 110.798910121811033, -7.571899270845308 ], [ 110.798826817594502, -7.5719898674152 ], [ 110.798754866685044, -7.57208424578373 ], [ 110.798660217879714, -7.572155955123192 ], [ 110.798576932000771, -7.572208786833013 ], [ 110.798489870141168, -7.57224273482386 ], [ 110.798417956812415, -7.572254031277161 ], [ 110.798221180856274, -7.572201069094144 ], [ 110.797736845905291, -7.571996915985214 ], [ 110.797574144130991, -7.571917535134701 ], [ 110.79744927819948, -7.57186083034071 ], [ 110.797527131099955, -7.571550183545626 ], [ 110.797573645920295, -7.571364891703549 ], [ 110.79758796834831, -7.571286495814904 ], [ 110.797616647185265, -7.571054867316206 ], [ 110.797626998850717, -7.570875794759867 ], [ 110.79763242402872, -7.570728793188575 ], [ 110.797809215067844, -7.570715511152998 ], [ 110.7978654679698, -7.570710192153365 ], [ 110.797857501400799, -7.57056051227029 ], [ 110.797830801164821, -7.570378749516775 ], [ 110.797790674766702, -7.570266473081136 ], [ 110.797763927582281, -7.570183604030981 ], [ 110.797755929574919, -7.570103416678582 ], [ 110.797747910394705, -7.570068666682717 ], [ 110.797750609423048, -7.570023230568435 ], [ 110.797766704737668, -7.569972454671663 ], [ 110.797344400400959, -7.569814051352613 ], [ 110.797945305087438, -7.567861408094197 ], [ 110.798245719344862, -7.566963487222079 ], [ 110.798249140550723, -7.566951714038431 ], [ 110.799264532394005, -7.56720017011223 ], [ 110.799431170054021, -7.567257266269128 ], [ 110.799670849472705, -7.56731742894712 ], [ 110.800550074933696, -7.567538126115686 ], [ 110.801851592953881, -7.56787869531595 ], [ 110.801968937093136, -7.567909400841647 ], [ 110.802306881372076, -7.568232665196027 ], [ 110.802716325346736, -7.568399158317709 ], [ 110.803411438324602, -7.568660812145356 ], [ 110.804539828557935, -7.569041450944339 ], [ 110.805063542538733, -7.569246005808407 ], [ 110.8051624051121, -7.569321408718817 ] ] ] } },
{ "type": "Feature", "properties": { "Kelurahan": "Laweyan", "Kecamatan": "Laweyan" }, "geometry": { "type": "Polygon", "coordinates": [ [ [ 110.797344400400959, -7.569814051352613 ], [ 110.797766704737668, -7.569972454671663 ], [ 110.797750609423048, -7.570023230568435 ], [ 110.797747910394705, -7.570068666682717 ], [ 110.797755929574919, -7.570103416678582 ], [ 110.797763927582281, -7.570183604030981 ], [ 110.797790674766702, -7.570266473081136 ], [ 110.797830801164821, -7.570378749516775 ], [ 110.797857501400799, -7.57056051227029 ], [ 110.7978654679698, -7.570710192153365 ], [ 110.797809215067844, -7.570715511152998 ], [ 110.79763242402872, -7.570728793188575 ], [ 110.797626998850717, -7.570875794759867 ], [ 110.797616647185265, -7.571054867316206 ], [ 110.79758796834831, -7.571286495814904 ], [ 110.797573645920295, -7.571364891703549 ], [ 110.797527131099955, -7.571550183545626 ], [ 110.79744927819948, -7.57186083034071 ], [ 110.797335757660647, -7.571823012743557 ], [ 110.797195745824666, -7.571781406217005 ], [ 110.797025459790461, -7.57173600987831 ], [ 110.796858956751038, -7.571694390904756 ], [ 110.796684872771038, -7.571675427762375 ], [ 110.796537278340509, -7.571664029158853 ], [ 110.796366969387307, -7.571667726178726 ], [ 110.796109604700888, -7.571690264362092 ], [ 110.795659216461942, -7.571731594779692 ], [ 110.795504040139107, -7.571746627367329 ], [ 110.795382907619725, -7.571799441601646 ], [ 110.79526933383282, -7.571874916972491 ], [ 110.795167114187677, -7.571950398554389 ], [ 110.795095175867075, -7.572014563732837 ], [ 110.795011896736597, -7.572052289373137 ], [ 110.794905919933512, -7.572067345790812 ], [ 110.794860505010149, -7.572067324412723 ], [ 110.794796168233034, -7.572063517548144 ], [ 110.794728050302922, -7.572052155750232 ], [ 110.794618320060891, -7.572003010426537 ], [ 110.794569124875594, -7.571991657522604 ], [ 110.794474509412993, -7.571991612906396 ], [ 110.794395032859967, -7.571991575413105 ], [ 110.794251198057879, -7.572033048900617 ], [ 110.794171702676138, -7.572070776164882 ], [ 110.794077070181544, -7.572108495356386 ], [ 110.794008945094092, -7.5721122397276 ], [ 110.793955955331668, -7.572123544387531 ], [ 110.793887826653517, -7.57213484097567 ], [ 110.793831050362485, -7.572149920400251 ], [ 110.793770485749221, -7.572172550261939 ], [ 110.793691001076752, -7.572187618919762 ], [ 110.793622875085674, -7.57219513889622 ], [ 110.79353582274392, -7.572206427370132 ], [ 110.793441211743186, -7.572198829388424 ], [ 110.793304965131796, -7.57219876478001 ], [ 110.793244422081997, -7.572176077535545 ], [ 110.793157385046158, -7.572157154278004 ], [ 110.793104415068626, -7.572126917467336 ], [ 110.793051455000338, -7.572074021229512 ], [ 110.793032733592952, -7.572045346581357 ], [ 110.792994727340073, -7.571987135866422 ], [ 110.792960698141812, -7.571919144136217 ], [ 110.792938046560934, -7.571802062387651 ], [ 110.792877796006678, -7.571227555343697 ], [ 110.792858378543798, -7.571211953172872 ], [ 110.792821006849707, -7.571104584906011 ], [ 110.792773441838577, -7.570990522509338 ], [ 110.792702065764473, -7.570881201382024 ], [ 110.792597345672917, -7.570795621948223 ], [ 110.792483105375396, -7.570700534566565 ], [ 110.792326000370409, -7.570624434418092 ], [ 110.79225459717253, -7.570572131740795 ], [ 110.792168905894059, -7.570524574838678 ], [ 110.792102253289954, -7.570496032878389 ], [ 110.791949891237437, -7.570457947516404 ], [ 110.791873717058621, -7.570424649281292 ], [ 110.791826107687655, -7.570405620667699 ], [ 110.791783268473409, -7.570367586642915 ], [ 110.791640491970227, -7.570201211795316 ], [ 110.791540552450911, -7.570077620839394 ], [ 110.791469158571729, -7.570006312165676 ], [ 110.791402526649975, -7.569935005759684 ], [ 110.791321606665846, -7.569868444198543 ], [ 110.791254977074956, -7.569792386076793 ], [ 110.791202628729792, -7.569725838176766 ], [ 110.791174089148356, -7.569659301677913 ], [ 110.791164604155142, -7.56957851922156 ], [ 110.791174176026004, -7.569478740019049 ], [ 110.791169457536355, -7.569388456455441 ], [ 110.791183786755767, -7.56929818201663 ], [ 110.791183816474515, -7.569236410898115 ], [ 110.791169564988806, -7.569165129547544 ], [ 110.79114102178049, -7.569108096434604 ], [ 110.791102946963946, -7.569065313837837 ], [ 110.791041061155056, -7.569027270615173 ], [ 110.790960123086009, -7.568998722542927 ], [ 110.790874423105208, -7.568970171266884 ], [ 110.790793497416331, -7.568917864694455 ], [ 110.790660219490164, -7.568803761837917 ], [ 110.790574538816202, -7.568737196952626 ], [ 110.7905031499008, -7.568656385643232 ], [ 110.790397442048345, -7.568542079765708 ], [ 110.790873705380307, -7.568380752665202 ], [ 110.791064220499365, -7.568295314402372 ], [ 110.79119280870033, -7.568257363351908 ], [ 110.791307102903687, -7.568238411297781 ], [ 110.791426153540243, -7.568228964879977 ], [ 110.791602341685888, -7.568229049137212 ], [ 110.791769000071241, -7.568243383858283 ], [ 110.79185471136573, -7.568248176484561 ], [ 110.791916608528723, -7.568262461119385 ], [ 110.792130844236866, -7.568362347121723 ], [ 110.792783146125132, -7.568514710119585 ], [ 110.793587804643309, -7.568714660374506 ], [ 110.794397217767539, -7.568933618189259 ], [ 110.795320889281044, -7.569209647637378 ], [ 110.797344400400959, -7.569814051352613 ] ] ] } },
{ "type": "Feature", "properties": { "Kelurahan": "Panularan", "Kecamatan": "Laweyan" }, "geometry": { "type": "Polygon", "coordinates": [ [ [ 110.810223660198432, -7.571553330602613 ], [ 110.811509338953684, -7.571628727213414 ], [ 110.812055729612098, -7.571714492914985 ], [ 110.812566410870971, -7.571789550573297 ], [ 110.813037791915846, -7.571900228984496 ], [ 110.813591310443925, -7.572021633137065 ], [ 110.814116256889704, -7.572146587502773 ], [ 110.814562636231372, -7.572260817616794 ], [ 110.815341122346368, -7.572460716962462 ], [ 110.815933920162266, -7.572603517017014 ], [ 110.816348177478574, -7.572671402436082 ], [ 110.816564480207205, -7.572725731516718 ], [ 110.815889800429034, -7.575119724421934 ], [ 110.815598010473053, -7.575995740217012 ], [ 110.815423182735373, -7.575964923480692 ], [ 110.814738958304972, -7.575844317166241 ], [ 110.811809859240839, -7.575333239197738 ], [ 110.809588413806608, -7.575007498305603 ], [ 110.809486036552386, -7.575445522559635 ], [ 110.80865353362897, -7.575173252446426 ], [ 110.808008756923371, -7.576636642007256 ], [ 110.807810794048564, -7.576587166152344 ], [ 110.80756811904638, -7.576550414919039 ], [ 110.807138661525912, -7.576456226710504 ], [ 110.806900793092964, -7.576382834978093 ], [ 110.806525652271077, -7.576220161856946 ], [ 110.806096225962165, -7.576057465157179 ], [ 110.806014789719939, -7.576073361055751 ], [ 110.805610890693046, -7.575955284949247 ], [ 110.805327140079967, -7.575834560247428 ], [ 110.805353583974338, -7.575773068652127 ], [ 110.805376339101073, -7.575667337488888 ], [ 110.80538774162757, -7.575557825582687 ], [ 110.805384010310362, -7.575440753767366 ], [ 110.805372683147922, -7.575380325345173 ], [ 110.805331077128997, -7.575323659964005 ], [ 110.805206222726582, -7.575236745676089 ], [ 110.805088944678431, -7.575134728451253 ], [ 110.804952740414052, -7.575040255867356 ], [ 110.804903559874319, -7.574994916774083 ], [ 110.804858168405417, -7.57494202622678 ], [ 110.80479010071366, -7.57481737243342 ], [ 110.804759877986115, -7.57469651216708 ], [ 110.804748551834351, -7.57463608372972 ], [ 110.804744799383897, -7.574564328967503 ], [ 110.804729696080059, -7.574485016875214 ], [ 110.804763839531489, -7.574303762094936 ], [ 110.80478660321306, -7.574179148999458 ], [ 110.804813139732616, -7.574080972700232 ], [ 110.804813175419653, -7.574001667391993 ], [ 110.804798084923519, -7.57389591929317 ], [ 110.804756497816854, -7.573797712465865 ], [ 110.804703538698249, -7.573741041938238 ], [ 110.804631647366705, -7.573703245780914 ], [ 110.804514344334663, -7.57365787518627 ], [ 110.804419735261504, -7.573642727334965 ], [ 110.804351622809534, -7.573620037312445 ], [ 110.804245656111746, -7.573612437469302 ], [ 110.804169970777451, -7.573597297162245 ], [ 110.804105643888491, -7.573570833134736 ], [ 110.804037533970615, -7.573540590823128 ], [ 110.804034891933142, -7.573537512292957 ], [ 110.804228049746115, -7.572459017040165 ], [ 110.804281723614437, -7.572230963255726 ], [ 110.804331866812774, -7.571913813305604 ], [ 110.804349746885691, -7.571863928953573 ], [ 110.804385478798011, -7.571824744614562 ], [ 110.804410618615734, -7.571514711421898 ], [ 110.804424996739385, -7.571308021252634 ], [ 110.804533926770191, -7.571304507029853 ], [ 110.804655918807413, -7.571319228405017 ], [ 110.805398744760453, -7.571383707325376 ], [ 110.805941593894971, -7.571398204496683 ], [ 110.806491581700243, -7.571423395259329 ], [ 110.80710585779066, -7.571441485789775 ], [ 110.807595137823398, -7.571452394093038 ], [ 110.808695116186385, -7.571495642759381 ], [ 110.809402243986185, -7.571528025908854 ], [ 110.810223660198432, -7.571553330602613 ] ] ] } },
{ "type": "Feature", "properties": { "Kelurahan": "Kerten", "Kecamatan": "Laweyan" }, "geometry": { "type": "Polygon", "coordinates": [ [ [ 110.795154450370632, -7.548149897293612 ], [ 110.795187945087704, -7.548218022512106 ], [ 110.795207090223471, -7.548247903969151 ], [ 110.795274131189217, -7.54827661292628 ], [ 110.795360339224672, -7.548288601748629 ], [ 110.795419014129948, -7.548285044408924 ], [ 110.795474102861661, -7.548268341995626 ], [ 110.795535173785581, -7.548262395890071 ], [ 110.795575878524289, -7.548276754157459 ], [ 110.795617770400554, -7.548315009880363 ], [ 110.795645287275519, -7.548365208235281 ], [ 110.795755387359648, -7.548496699003294 ], [ 110.795888238165887, -7.54862819946528 ], [ 110.795942091378834, -7.54869274932863 ], [ 110.79599715830166, -7.548722646617757 ], [ 110.796060587791459, -7.548794370550755 ], [ 110.796092903722382, -7.548823063180381 ], [ 110.796093183345036, -7.548822147887003 ], [ 110.796107994788272, -7.548846077933774 ], [ 110.796108082857302, -7.548845776753383 ], [ 110.796108867286875, -7.548848942206313 ], [ 110.796186670148032, -7.548912308277083 ], [ 110.796223770866661, -7.548951757549697 ], [ 110.796253693382724, -7.548979254116198 ], [ 110.796268054971335, -7.54899598900607 ], [ 110.796272829116177, -7.5490294485258 ], [ 110.796270413516581, -7.549073658210402 ], [ 110.796258414384454, -7.549126227976927 ], [ 110.796234425409338, -7.549213444382401 ], [ 110.796205667877018, -7.549255252816652 ], [ 110.79620086407833, -7.549285123063286 ], [ 110.796210405089553, -7.54936757535862 ], [ 110.796226320172536, -7.549427356699214 ], [ 110.796266724391344, -7.54951659408191 ], [ 110.796298628027927, -7.549576088888413 ], [ 110.796328411311521, -7.549616463734152 ], [ 110.796424179113018, -7.549669614698445 ], [ 110.796502924849662, -7.54970788750618 ], [ 110.796575280596642, -7.549752530918719 ], [ 110.796683809693064, -7.549831179426796 ], [ 110.79675190371016, -7.549886441372757 ], [ 110.796807210709289, -7.549971437782695 ], [ 110.796845507517006, -7.550016065313623 ], [ 110.796892325801295, -7.550045826592225 ], [ 110.796962562160516, -7.550071349986755 ], [ 110.797024282017617, -7.550101118175052 ], [ 110.79708812434535, -7.550143633622394 ], [ 110.797183886417827, -7.550209529799188 ], [ 110.797239206327092, -7.550269034502984 ], [ 110.797328565503108, -7.550371040786885 ], [ 110.797409405239662, -7.550483663648148 ], [ 110.797551937311681, -7.550685534534021 ], [ 110.797634885812499, -7.550840644129639 ], [ 110.797658267364753, -7.550915004199117 ], [ 110.797820031152114, -7.550959688806742 ], [ 110.797939229305044, -7.550985234701688 ], [ 110.798054158979681, -7.551032021490754 ], [ 110.798169091557099, -7.551074559490703 ], [ 110.798352147132164, -7.551110757121809 ], [ 110.798439414743683, -7.551134164216202 ], [ 110.798509645471782, -7.551172432743048 ], [ 110.79856284030177, -7.551223439687441 ], [ 110.798626677048446, -7.551278700291383 ], [ 110.79865433126993, -7.551321197930969 ], [ 110.798681966820695, -7.551404056526727 ], [ 110.798686192191013, -7.55147203502851 ], [ 110.798677645195909, -7.55154213157292 ], [ 110.798628612671564, -7.551697180150833 ], [ 110.798551901350919, -7.551860712576156 ], [ 110.798496505221593, -7.551966900618834 ], [ 110.798475191861684, -7.5520221210581 ], [ 110.798470896730166, -7.552102841006175 ], [ 110.798494279472436, -7.552175077104634 ], [ 110.798532570742438, -7.552232449867546 ], [ 110.798596405663119, -7.552291958332309 ], [ 110.79868580390719, -7.552311117604348 ], [ 110.798753931978993, -7.552294154856014 ], [ 110.798807162340552, -7.552268688619288 ], [ 110.79889234107462, -7.552207123975137 ], [ 110.798926419827268, -7.552166778696229 ], [ 110.798966883745408, -7.552128561185408 ], [ 110.799000957577874, -7.552098836443036 ], [ 110.799043544992188, -7.552071241351344 ], [ 110.799071222850912, -7.552062756560445 ], [ 110.799113797505598, -7.552062776139623 ], [ 110.79913508038203, -7.552073407375357 ], [ 110.799158486771432, -7.552094661036073 ], [ 110.799190397927205, -7.55213716059986 ], [ 110.79928186276284, -7.552292273809457 ], [ 110.79934568309973, -7.552383646509969 ], [ 110.79944569885572, -7.552460165609525 ], [ 110.799541472494795, -7.552504819295456 ], [ 110.799620232726298, -7.552513352046754 ], [ 110.799801180246476, -7.552504938392239 ], [ 110.799967220257841, -7.552509262310325 ], [ 110.800063014467739, -7.552509306164271 ], [ 110.800148183319095, -7.552468984168422 ], [ 110.800290865617043, -7.552345842586793 ], [ 110.800388782605495, -7.552454899674766 ], [ 110.80051732955107, -7.55234871313353 ], [ 110.8005195149983, -7.552346907706964 ], [ 110.800608772900702, -7.552609192990435 ], [ 110.80073927358454, -7.552549897425324 ], [ 110.800740736726823, -7.552207356763016 ], [ 110.800812338018531, -7.552214862965678 ], [ 110.800887169774725, -7.552212982106025 ], [ 110.800992699526432, -7.552213030191583 ], [ 110.801203759875207, -7.552209297245391 ], [ 110.801445102156492, -7.551689096099484 ], [ 110.801500456142065, -7.551679597948361 ], [ 110.801553902854607, -7.551668194805702 ], [ 110.80161880195017, -7.551652987715897 ], [ 110.801676056291456, -7.551662536109695 ], [ 110.801731395513116, -7.551685416976968 ], [ 110.801773373270862, -7.551710194988796 ], [ 110.801829661821699, -7.551744503697339 ], [ 110.801266935770727, -7.552450214563049 ], [ 110.801134523419847, -7.552630454834342 ], [ 110.800979154596078, -7.552924960627849 ], [ 110.800749936062246, -7.553328627733086 ], [ 110.800217601505722, -7.554344164041376 ], [ 110.799853406121272, -7.554963622519987 ], [ 110.799453522270994, -7.555712576820866 ], [ 110.799150436591901, -7.556253339860753 ], [ 110.798396543391576, -7.557593820291167 ], [ 110.797826004214841, -7.558655046132508 ], [ 110.797502561338263, -7.559183100989642 ], [ 110.797095026607749, -7.559949824907944 ], [ 110.797088578077464, -7.5599647409599 ], [ 110.797048498427912, -7.559960436477355 ], [ 110.796993319552072, -7.56022524045822 ], [ 110.796992545480165, -7.5602289569705 ], [ 110.797092670963551, -7.560397559942568 ], [ 110.797191375590927, -7.560541878183655 ], [ 110.797209329353151, -7.560563965237304 ], [ 110.797201559717209, -7.560853458852172 ], [ 110.797218739639632, -7.560849657697644 ], [ 110.797216731891467, -7.56106106529568 ], [ 110.797207335628116, -7.561100769680107 ], [ 110.796326531472843, -7.561299484830837 ], [ 110.796077071219088, -7.561345320399472 ], [ 110.795951324535878, -7.561368022367085 ], [ 110.795747428318847, -7.561427760557777 ], [ 110.795654465130127, -7.561475584081374 ], [ 110.795537510211318, -7.561541346599466 ], [ 110.795396650486609, -7.561602107372238 ], [ 110.795336598972582, -7.561628010472611 ], [ 110.795228321743991, -7.561676779229777 ], [ 110.795001164346573, -7.561779092323892 ], [ 110.794554805495096, -7.561889999562802 ], [ 110.794350562350445, -7.561829557778516 ], [ 110.794191125828803, -7.56178237449071 ], [ 110.793761746698706, -7.561654055015675 ], [ 110.793623660122989, -7.561612754976656 ], [ 110.793475110427337, -7.561568325563215 ], [ 110.79325413176754, -7.561502232654036 ], [ 110.792981335074757, -7.561420640602663 ], [ 110.791943418893212, -7.561101787753047 ], [ 110.788598728689692, -7.560028426175764 ], [ 110.787979590900179, -7.559831175118693 ], [ 110.787232408447196, -7.559593266491833 ], [ 110.787232348673427, -7.559593154296257 ], [ 110.787486425446076, -7.558527758358405 ], [ 110.787658209913033, -7.557786586342815 ], [ 110.7876796619271, -7.557736704414395 ], [ 110.787731818450439, -7.557670452067318 ], [ 110.787819604643545, -7.557646822193778 ], [ 110.787907388517596, -7.557627926811087 ], [ 110.787997550444146, -7.55759719629046 ], [ 110.788104314905738, -7.557573575574612 ], [ 110.788232444930429, -7.557519190881505 ], [ 110.788372421374845, -7.557495586208294 ], [ 110.788438859226346, -7.557467211348724 ], [ 110.788495805620414, -7.55744356639068 ], [ 110.788572633544803, -7.55743778542194 ], [ 110.78943331755984, -7.557438201398812 ], [ 110.789540639496636, -7.557060497284589 ], [ 110.789533527409603, -7.556996347298776 ], [ 110.789676570712686, -7.556600842168874 ], [ 110.789698015540282, -7.556565215219714 ], [ 110.789948338465464, -7.555877536304636 ], [ 110.790134240414758, -7.55547492450379 ], [ 110.79031299890238, -7.555072309177143 ], [ 110.790488158028438, -7.554726712411886 ], [ 110.790792018097306, -7.554099641142581 ], [ 110.791042312101482, -7.553465417806972 ], [ 110.791163851804768, -7.553223142017464 ], [ 110.791196008339099, -7.553191084102719 ], [ 110.791521277486723, -7.552599660652512 ], [ 110.791646406073241, -7.552318186032248 ], [ 110.791689341947645, -7.552150711152666 ], [ 110.791710825628215, -7.552033118427474 ], [ 110.791737403953277, -7.551865789517263 ], [ 110.791922897572221, -7.551354477291613 ], [ 110.792521735865549, -7.551541709291289 ], [ 110.792891909214418, -7.551661706812108 ], [ 110.793586550819398, -7.549620450902129 ], [ 110.793604251552466, -7.549620459262406 ], [ 110.794121799571059, -7.547879112443381 ], [ 110.794127598362962, -7.547880829332739 ], [ 110.794180801313473, -7.547912717828702 ], [ 110.794204192170383, -7.547965835180512 ], [ 110.794202550865762, -7.548061028529823 ], [ 110.794208510993471, -7.54811838552978 ], [ 110.794225259121944, -7.548150655770635 ], [ 110.794265961321841, -7.548172182866349 ], [ 110.794342586885776, -7.548190142960177 ], [ 110.79438689126178, -7.548188968868264 ], [ 110.794427618305036, -7.548157920604316 ], [ 110.794479123171016, -7.548123292597483 ], [ 110.794524627245764, -7.548117339313116 ], [ 110.794573737543459, -7.548083906009222 ], [ 110.794590510510034, -7.548063599986641 ], [ 110.794606097645215, -7.548020591438772 ], [ 110.794628877584032, -7.547958467300012 ], [ 110.794646863775839, -7.547904705456916 ], [ 110.794658849535125, -7.547880813279938 ], [ 110.794685199258524, -7.54786648733467 ], [ 110.794723520304103, -7.547856945847881 ], [ 110.794785786935876, -7.547854585214092 ], [ 110.794885166461256, -7.547865386280336 ], [ 110.794971371025682, -7.547884544789385 ], [ 110.795050383029704, -7.547920429008277 ], [ 110.795091068375726, -7.547977803184724 ], [ 110.795123360341222, -7.548059071231726 ], [ 110.795154450370632, -7.548149897293612 ] ] ] } },
{ "type": "Feature", "properties": { "Kelurahan": "Jajar", "Kecamatan": "Laweyan" }, "geometry": { "type": "Polygon", "coordinates": [ [ [ 110.78228492205622, -7.558037266945579 ], [ 110.782284942957759, -7.558037177948966 ], [ 110.782374388398992, -7.557712924114123 ], [ 110.782403061739359, -7.557506241932807 ], [ 110.782417504087647, -7.557192641774977 ], [ 110.782428273181679, -7.557082171359578 ], [ 110.782428321336596, -7.556985950686403 ], [ 110.782421193374219, -7.55695743786742 ], [ 110.782417634291022, -7.556932489919972 ], [ 110.782396231668059, -7.556882586905542 ], [ 110.782307048751036, -7.556682973961244 ], [ 110.782210743328534, -7.556444156186781 ], [ 110.782146537398575, -7.556290884018891 ], [ 110.78213228241205, -7.556230293469758 ], [ 110.782143015834507, -7.556191097565267 ], [ 110.782218039971625, -7.556137679549741 ], [ 110.782289512158258, -7.55604505848908 ], [ 110.782378865272463, -7.555902553977662 ], [ 110.782425345419327, -7.555795665349144 ], [ 110.782489732340736, -7.555589000932909 ], [ 110.782561300607057, -7.555303938458573 ], [ 110.782589987045498, -7.55507231097027 ], [ 110.782611498281511, -7.554904826440635 ], [ 110.782640176629926, -7.554687453122087 ], [ 110.782658188421948, -7.55437741777848 ], [ 110.782690521940779, -7.553992551927029 ], [ 110.782701251691165, -7.55396048399621 ], [ 110.782715561885624, -7.553910598760178 ], [ 110.782783554596804, -7.553632661528802 ], [ 110.782905219837374, -7.553148055342724 ], [ 110.782976805165987, -7.552827355488489 ], [ 110.783051990351694, -7.552449637950541 ], [ 110.783170126028409, -7.551879500260955 ], [ 110.783209478455845, -7.551740534700631 ], [ 110.78326671333437, -7.551551685644146 ], [ 110.783306074573446, -7.551394900987084 ], [ 110.783356130827499, -7.55127732289963 ], [ 110.783366864005615, -7.551238126949494 ], [ 110.783413387731997, -7.55104214546202 ], [ 110.783517199248152, -7.550550402160752 ], [ 110.783592428691477, -7.550080027752579 ], [ 110.783613898482386, -7.549994508741632 ], [ 110.783989415066998, -7.548914886009353 ], [ 110.784071694729192, -7.54862982843651 ], [ 110.78441486432628, -7.547960016606567 ], [ 110.784514952436865, -7.547771188458913 ], [ 110.784557826133977, -7.547732008311126 ], [ 110.784647228769145, -7.547486155390566 ], [ 110.784711596533057, -7.54731156468312 ], [ 110.784797390505005, -7.547140547607004 ], [ 110.784868888799934, -7.54699090656976 ], [ 110.784926036864164, -7.546973115595159 ], [ 110.785033247224035, -7.546823492095823 ], [ 110.785068631972678, -7.546788936886801 ], [ 110.785076789183407, -7.546790976176168 ], [ 110.78636329943852, -7.547492669998186 ], [ 110.786434538492315, -7.547556374673834 ], [ 110.786477100167716, -7.547581887111852 ], [ 110.786528172020454, -7.547618024240995 ], [ 110.786555816483514, -7.547677516739603 ], [ 110.786585594553642, -7.547726389739296 ], [ 110.786634541298469, -7.547754028302045 ], [ 110.78667923126342, -7.547781665686782 ], [ 110.786732445079522, -7.547790189169855 ], [ 110.786772891930895, -7.547788084070641 ], [ 110.786841013461881, -7.547783868537122 ], [ 110.786883582464625, -7.547794510737837 ], [ 110.786945298154947, -7.547830653913421 ], [ 110.787009145367804, -7.547860424529168 ], [ 110.787130625491926, -7.547902389653696 ], [ 110.787196453252392, -7.547900876703571 ], [ 110.78729651146196, -7.547883931275589 ], [ 110.78733695832058, -7.54788182612424 ], [ 110.787388045845915, -7.547886099735189 ], [ 110.787426357049199, -7.547898863739533 ], [ 110.787473176512009, -7.547924378153248 ], [ 110.787511477481658, -7.547956260202064 ], [ 110.787575320606734, -7.54799452825177 ], [ 110.787616232960275, -7.548023051088475 ], [ 110.787707724897999, -7.548036114085338 ], [ 110.787796691332602, -7.548030747965929 ], [ 110.787847792470146, -7.548005282028677 ], [ 110.787896768184808, -7.547975566295401 ], [ 110.787922324958771, -7.547950087048437 ], [ 110.78794362287222, -7.547928854492446 ], [ 110.787969278976874, -7.547699447535308 ], [ 110.787992711475809, -7.547665470640019 ], [ 110.788024654180703, -7.547642119314899 ], [ 110.788069359740646, -7.547637892233176 ], [ 110.788120449442332, -7.547635793073085 ], [ 110.788196808885203, -7.547657784864104 ], [ 110.788639813379078, -7.547729511778022 ], [ 110.788793081234388, -7.547729585861414 ], [ 110.788820832168042, -7.547570279400417 ], [ 110.788833637309523, -7.54750230996502 ], [ 110.788854938248463, -7.547474704677649 ], [ 110.788893266975691, -7.547451356371773 ], [ 110.788935842182141, -7.54744925209911 ], [ 110.788979428405327, -7.547444653509845 ], [ 110.789020524224171, -7.54737714638986 ], [ 110.789105988971087, -7.547236755150382 ], [ 110.789315055005972, -7.546829151464869 ], [ 110.789351250245105, -7.546814299606413 ], [ 110.789378922800395, -7.546816436866896 ], [ 110.789427877729423, -7.546829205823364 ], [ 110.789553455261071, -7.546863254558496 ], [ 110.790011068981158, -7.546990930156656 ], [ 110.790351614649097, -7.547095182333978 ], [ 110.790970996641889, -7.547254798831195 ], [ 110.791449901933134, -7.547373985604402 ], [ 110.791773425530579, -7.547463359265755 ], [ 110.791893057107558, -7.547489597171654 ], [ 110.791980251925864, -7.547492305343274 ], [ 110.792073608410732, -7.547395525614442 ], [ 110.792116184619232, -7.547391297104073 ], [ 110.792182167526178, -7.547408322613082 ], [ 110.7922353763541, -7.547427465968774 ], [ 110.792316260841815, -7.547442374612497 ], [ 110.792442037918207, -7.547486563744149 ], [ 110.792618667302435, -7.547494206153256 ], [ 110.792820729178089, -7.547525459843595 ], [ 110.792984630675235, -7.547546780391038 ], [ 110.793174093584256, -7.547534124700571 ], [ 110.793355042110093, -7.547519340070274 ], [ 110.793461462931944, -7.54755125471099 ], [ 110.793514655614061, -7.547606510105703 ], [ 110.793565694932241, -7.547710622958557 ], [ 110.793606115572018, -7.547763748382862 ], [ 110.793674209875434, -7.547816887771487 ], [ 110.793772120337877, -7.547840300801052 ], [ 110.793984987257176, -7.547853146556061 ], [ 110.794059489823226, -7.547859554351997 ], [ 110.794121824993354, -7.547879025616679 ], [ 110.794121799570988, -7.547879112443296 ], [ 110.793604251552523, -7.549620459262422 ], [ 110.793586550819398, -7.549620450902062 ], [ 110.792891909214546, -7.55166170681207 ], [ 110.792521735865677, -7.551541709291257 ], [ 110.791922897572206, -7.551354477291563 ], [ 110.791737403953363, -7.551865789517194 ], [ 110.791710825628186, -7.552033118427458 ], [ 110.791689341947759, -7.55215071115265 ], [ 110.791646406073227, -7.552318186032211 ], [ 110.79152127748678, -7.552599660652512 ], [ 110.791196008339128, -7.55319108410265 ], [ 110.791163851804825, -7.55322314201748 ], [ 110.791042312101553, -7.55346541780694 ], [ 110.790792018097392, -7.554099641142563 ], [ 110.790488158028523, -7.554726712411886 ], [ 110.790312998902394, -7.555072309177143 ], [ 110.79013424041473, -7.555474924503805 ], [ 110.78994833846545, -7.555877536304585 ], [ 110.789698015540381, -7.556565215219732 ], [ 110.789676570712757, -7.556600842168856 ], [ 110.789533527409688, -7.55699634729876 ], [ 110.789540639496607, -7.557060497284502 ], [ 110.789433317559855, -7.557438201398727 ], [ 110.78857263354476, -7.55743778542194 ], [ 110.788495805620485, -7.557443566390646 ], [ 110.788438859226432, -7.55746721134869 ], [ 110.78837242137493, -7.557495586208227 ], [ 110.788232444930458, -7.557519190881473 ], [ 110.78810431490578, -7.557573575574561 ], [ 110.787997550444189, -7.557597196290479 ], [ 110.787907388517709, -7.557627926811106 ], [ 110.787819604643474, -7.55764682219376 ], [ 110.787731818450439, -7.557670452067268 ], [ 110.787679661927214, -7.557736704414363 ], [ 110.787658209913019, -7.55778658634285 ], [ 110.78748642544619, -7.558527758358421 ], [ 110.787232348673427, -7.559593154296171 ], [ 110.78723234049825, -7.559593188665867 ], [ 110.786250377205036, -7.55928979163485 ], [ 110.785225569596619, -7.558964990074744 ], [ 110.783765133202067, -7.558500984603377 ], [ 110.782285217096856, -7.558037359375354 ], [ 110.78228492205622, -7.558037266945579 ] ] ] } },
{ "type": "Feature", "properties": { "Kelurahan": "Sriwedari", "Kecamatan": "Laweyan" }, "geometry": { "type": "Polygon", "coordinates": [ [ [ 110.810223660198432, -7.571553330602613 ], [ 110.810279187239132, -7.571327637720862 ], [ 110.810415249622125, -7.57052694906382 ], [ 110.810574978712367, -7.569579073726851 ], [ 110.810764285696223, -7.568454575930302 ], [ 110.811059996111013, -7.566882646447582 ], [ 110.809838758096333, -7.566505292916911 ], [ 110.809874576037316, -7.565557364513654 ], [ 110.809998642101036, -7.5637124884013 ], [ 110.810484889763671, -7.563782994898689 ], [ 110.81049948424743, -7.56338047700637 ], [ 110.81093485914063, -7.563374739179745 ], [ 110.810937903950546, -7.56337714122601 ], [ 110.810921763753882, -7.563549718795756 ], [ 110.810898718965248, -7.56387158346699 ], [ 110.810864230615579, -7.564176302488522 ], [ 110.810858437939785, -7.564330571532489 ], [ 110.811484429830386, -7.564445117663292 ], [ 110.811955833309341, -7.564531027273777 ], [ 110.812335624140403, -7.564609279593744 ], [ 110.813215432156397, -7.564813447661638 ], [ 110.813297491528672, -7.564843955925383 ], [ 110.814425414167246, -7.565078701750202 ], [ 110.814297128355506, -7.566027131449762 ], [ 110.814612038711502, -7.566074880155477 ], [ 110.814673110962005, -7.566088237656333 ], [ 110.814722727114244, -7.566109209468487 ], [ 110.814745625315723, -7.566122551643186 ], [ 110.814774242632808, -7.566153036929145 ], [ 110.814785681580375, -7.566183514917418 ], [ 110.814802840457531, -7.566229232804023 ], [ 110.814808548107436, -7.566271135781197 ], [ 110.814819983905309, -7.566311137072465 ], [ 110.814823773604985, -7.566375894986527 ], [ 110.814838991705514, -7.56649588984797 ], [ 110.814844699361402, -7.566537793728883 ], [ 110.81504129111012, -7.566543590419841 ], [ 110.815564276323357, -7.56652286211294 ], [ 110.816060525040868, -7.56654021240985 ], [ 110.816184586044116, -7.566547883007308 ], [ 110.816255200453199, -7.566563149334358 ], [ 110.816323901020951, -7.566591747291325 ], [ 110.816762801551008, -7.566816673105748 ], [ 110.816730267840029, -7.567020450763611 ], [ 110.81666712793556, -7.567384200391938 ], [ 110.816626981195654, -7.567536550068382 ], [ 110.81637658303336, -7.568389699555222 ], [ 110.816357469766587, -7.568452542785416 ], [ 110.817298313714744, -7.568778622847834 ], [ 110.817300261795168, -7.568780830813346 ], [ 110.817296573684047, -7.56877963523617 ], [ 110.816712389996752, -7.57199316062442 ], [ 110.816564480207205, -7.572725731516718 ], [ 110.816348177478574, -7.572671402436082 ], [ 110.815933920162266, -7.572603517017014 ], [ 110.815341122346368, -7.572460716962462 ], [ 110.814562636231372, -7.572260817616794 ], [ 110.814116256889704, -7.572146587502773 ], [ 110.813591310443925, -7.572021633137065 ], [ 110.813037791915846, -7.571900228984496 ], [ 110.812566410870971, -7.571789550573297 ], [ 110.812055729612098, -7.571714492914985 ], [ 110.811509338953684, -7.571628727213414 ], [ 110.810223660198432, -7.571553330602613 ] ] ] } },
{ "type": "Feature", "properties": { "Kelurahan": "Penumping", "Kecamatan": "Laweyan" }, "geometry": { "type": "Polygon", "coordinates": [ [ [ 110.810937903950546, -7.56337714122601 ], [ 110.81093485914063, -7.563374739179745 ], [ 110.81049948424743, -7.56338047700637 ], [ 110.810484889763671, -7.563782994898689 ], [ 110.809998642101036, -7.5637124884013 ], [ 110.809874576037316, -7.565557364513654 ], [ 110.809838758096333, -7.566505292916911 ], [ 110.811059996111013, -7.566882646447582 ], [ 110.810764285696223, -7.568454575930302 ], [ 110.810574978712367, -7.569579073726851 ], [ 110.810415249622125, -7.57052694906382 ], [ 110.810279187239132, -7.571327637720862 ], [ 110.810223660198432, -7.571553330602613 ], [ 110.809402243986185, -7.571528025908854 ], [ 110.808695116186385, -7.571495642759381 ], [ 110.807595137823398, -7.571452394093038 ], [ 110.80710585779066, -7.571441485789775 ], [ 110.806491581700243, -7.571423395259329 ], [ 110.805941593894971, -7.571398204496683 ], [ 110.805398744760453, -7.571383707325376 ], [ 110.804655918807413, -7.571319228405017 ], [ 110.804533926770191, -7.571304507029853 ], [ 110.804576867806034, -7.571119211853519 ], [ 110.804600740844307, -7.570976673409148 ], [ 110.804677100089549, -7.570601328870638 ], [ 110.804777313787895, -7.570126210223298 ], [ 110.804815472512956, -7.569983678156013 ], [ 110.804834550182107, -7.56991716381869 ], [ 110.804863142267052, -7.569869659631035 ], [ 110.804915572701631, -7.569760395833926 ], [ 110.805091906721017, -7.569437362802832 ], [ 110.8051624051121, -7.569321408718817 ], [ 110.805377829983669, -7.568967078668322 ], [ 110.805449330401686, -7.568805554617568 ], [ 110.805568676829466, -7.568135627290457 ], [ 110.805573178471363, -7.568107532488947 ], [ 110.805609572482012, -7.567880387086171 ], [ 110.805621204738614, -7.567807787967302 ], [ 110.805745395411037, -7.5669525482247 ], [ 110.805812290701041, -7.566439400766419 ], [ 110.8058335649295, -7.566323327829042 ], [ 110.805941174477383, -7.565736215580538 ], [ 110.806031838420353, -7.565313360025252 ], [ 110.806169733576326, -7.564716639248604 ], [ 110.806294245138986, -7.564177834721419 ], [ 110.806749270276327, -7.562572458273266 ], [ 110.806752098470838, -7.562562480320645 ], [ 110.806811792894365, -7.562323269056436 ], [ 110.807549733886631, -7.562488659142943 ], [ 110.80855739472922, -7.562737968429365 ], [ 110.809049601792594, -7.56281970662433 ], [ 110.809474059064669, -7.562894627703092 ], [ 110.810046843495172, -7.562995729702591 ], [ 110.810153169996028, -7.563014496949751 ], [ 110.810958525892318, -7.563156648756202 ], [ 110.810937903950546, -7.56337714122601 ] ] ] } },
{ "type": "Feature", "properties": { "Kelurahan": "Purwosari", "Kecamatan": "Laweyan" }, "geometry": { "type": "Polygon", "coordinates": [ [ [ 110.806811792894365, -7.562323269056436 ], [ 110.806752098470838, -7.562562480320645 ], [ 110.806749270276327, -7.562572458273266 ], [ 110.806294245138986, -7.564177834721419 ], [ 110.806169733576326, -7.564716639248604 ], [ 110.806031838420353, -7.565313360025252 ], [ 110.805941174477383, -7.565736215580538 ], [ 110.8058335649295, -7.566323327829042 ], [ 110.805812290701041, -7.566439400766419 ], [ 110.805745395411037, -7.5669525482247 ], [ 110.805621204738614, -7.567807787967302 ], [ 110.805609572482012, -7.567880387086171 ], [ 110.805573178471363, -7.568107532488947 ], [ 110.805568676829466, -7.568135627290457 ], [ 110.805449330401686, -7.568805554617568 ], [ 110.805377829983669, -7.568967078668322 ], [ 110.8051624051121, -7.569321408718817 ], [ 110.805063542538733, -7.569246005808407 ], [ 110.804539828557935, -7.569041450944339 ], [ 110.803411438324602, -7.568660812145356 ], [ 110.802716325346736, -7.568399158317709 ], [ 110.802306881372076, -7.568232665196027 ], [ 110.801968937093136, -7.567909400841647 ], [ 110.801851592953881, -7.56787869531595 ], [ 110.800550074933696, -7.567538126115686 ], [ 110.799670849472705, -7.56731742894712 ], [ 110.799431170054021, -7.567257266269128 ], [ 110.799264532394005, -7.56720017011223 ], [ 110.798249140550723, -7.566951714038431 ], [ 110.798403111859614, -7.56642187370516 ], [ 110.798927687814867, -7.564749539847791 ], [ 110.799161375341896, -7.563975130605618 ], [ 110.799352137198895, -7.563348002302622 ], [ 110.799133745998702, -7.563281141018289 ], [ 110.795605756646083, -7.562201010692722 ], [ 110.795605725829304, -7.562201001632599 ], [ 110.794554805495096, -7.561889999562802 ], [ 110.795001164346573, -7.561779092323892 ], [ 110.795228321743991, -7.561676779229777 ], [ 110.795336598972582, -7.561628010472611 ], [ 110.795396650486609, -7.561602107372238 ], [ 110.795537510211318, -7.561541346599466 ], [ 110.795654465130127, -7.561475584081374 ], [ 110.795747428318847, -7.561427760557777 ], [ 110.795951324535878, -7.561368022367085 ], [ 110.796077071219088, -7.561345320399472 ], [ 110.796326531472843, -7.561299484830837 ], [ 110.797207335628116, -7.561100769680107 ], [ 110.797216731891467, -7.56106106529568 ], [ 110.797686303676585, -7.560967958916524 ], [ 110.797829464028482, -7.560943265414624 ], [ 110.798066146939078, -7.5609205201751 ], [ 110.798371545931701, -7.560888283263969 ], [ 110.798661667857104, -7.560871276548531 ], [ 110.798862076551814, -7.560871368969042 ], [ 110.799039585154731, -7.560861927453037 ], [ 110.79913487201344, -7.560845708084075 ], [ 110.799329722907899, -7.560812541263113 ], [ 110.799606499720468, -7.560763149647666 ], [ 110.799723467774697, -7.560735989395914 ], [ 110.800032173473667, -7.560664306399801 ], [ 110.800232599601614, -7.560626306806292 ], [ 110.800480752402422, -7.560563569086934 ], [ 110.800620930345104, -7.560540331462517 ], [ 110.800765989310975, -7.560537857683859 ], [ 110.801040832888106, -7.560540523105733 ], [ 110.801198619852656, -7.560530436707447 ], [ 110.803064176825927, -7.560150365902044 ], [ 110.805185068917567, -7.559689841067806 ], [ 110.805993597237318, -7.559514276102616 ], [ 110.807686077991633, -7.559177278003414 ], [ 110.807347001452015, -7.56055351004526 ], [ 110.807290945449907, -7.560739396863565 ], [ 110.807201462003022, -7.561036131988955 ], [ 110.806819436488041, -7.562302956725102 ], [ 110.806811792894365, -7.562323269056436 ] ] ] } },
{ "type": "Feature", "properties": { "Kelurahan": "Pajang", "Kecamatan": "Laweyan" }, "geometry": { "type": "Polygon", "coordinates": [ [ [ 110.782270211859981, -7.558032367625693 ], [ 110.782271997651577, -7.558032950778855 ], [ 110.782284942957759, -7.558037177948966 ], [ 110.78228492205622, -7.558037266945579 ], [ 110.783765133202067, -7.558500984603377 ], [ 110.785225569596619, -7.558964990074744 ], [ 110.786250377205036, -7.5592897916348 ], [ 110.78723234049825, -7.559593188665867 ], [ 110.787232348673427, -7.559593154296171 ], [ 110.787232408447295, -7.55959326649185 ], [ 110.787979590900264, -7.559831175118693 ], [ 110.788598728689834, -7.560028426175799 ], [ 110.791943418893212, -7.561101787752994 ], [ 110.79298133507487, -7.561420640602646 ], [ 110.793254131767668, -7.561502232654054 ], [ 110.793475110427352, -7.561568325563096 ], [ 110.793623660123117, -7.56161275497664 ], [ 110.793761746698706, -7.561654055015588 ], [ 110.794191125828803, -7.561782374490626 ], [ 110.794350562350374, -7.561829557778483 ], [ 110.794554805495082, -7.56188999956277 ], [ 110.79454876192662, -7.561891766052835 ], [ 110.794494300941906, -7.561903772973715 ], [ 110.792376563158058, -7.562370652879729 ], [ 110.789909701943344, -7.562896903009625 ], [ 110.789095351455344, -7.563067569325368 ], [ 110.787947631568912, -7.5633283525874 ], [ 110.78643795402418, -7.563707747204426 ], [ 110.786447414675095, -7.563836045790944 ], [ 110.786433096369279, -7.563902561605573 ], [ 110.786404504141458, -7.563945311955417 ], [ 110.786375884769328, -7.564045082628582 ], [ 110.786332968089383, -7.56416860386537 ], [ 110.786318628713644, -7.564277884917486 ], [ 110.786313815411205, -7.564382418035908 ], [ 110.786285124933983, -7.564624737698175 ], [ 110.786285043094907, -7.564791044259325 ], [ 110.786304018117349, -7.564938354282734 ], [ 110.786318261666239, -7.565023890860796 ], [ 110.786361077928248, -7.565104689740684 ], [ 110.786432467824582, -7.565180750914922 ], [ 110.78650862897112, -7.565237807634784 ], [ 110.786580039932019, -7.565271104448534 ], [ 110.786646682019196, -7.565318653097383 ], [ 110.786694262587517, -7.565394702582067 ], [ 110.786765636257513, -7.565504024653989 ], [ 110.786808444223723, -7.565603830266364 ], [ 110.786836967977436, -7.565698876293592 ], [ 110.786908372044451, -7.565746428136316 ], [ 110.786989309225831, -7.565774976940812 ], [ 110.787075012964891, -7.56579402557315 ], [ 110.787165494902538, -7.565779814657496 ], [ 110.787298837565487, -7.565756122144923 ], [ 110.787375033828837, -7.565741904217467 ], [ 110.787479802826411, -7.565722948506789 ], [ 110.787565522851779, -7.565708735186775 ], [ 110.787636959536613, -7.565689764104372 ], [ 110.787817938678714, -7.565628080161276 ], [ 110.787889368377151, -7.565623364118325 ], [ 110.787989369388143, -7.565618661049827 ], [ 110.788060787489115, -7.565637701639099 ], [ 110.788127434436277, -7.56567574758372 ], [ 110.78817027196267, -7.565713781049334 ], [ 110.788227375207867, -7.565794586694269 ], [ 110.788260672759364, -7.565865877383886 ], [ 110.788274919037704, -7.565946662212071 ], [ 110.78828914678715, -7.566065459686227 ], [ 110.788284336243024, -7.566165242041217 ], [ 110.78826047117397, -7.566279269324298 ], [ 110.788227124925044, -7.566307763300975 ], [ 110.788198528069842, -7.566360017151909 ], [ 110.788169931207705, -7.566412271000566 ], [ 110.788141321333768, -7.566493035010075 ], [ 110.78813177203871, -7.566545298109415 ], [ 110.788131748851953, -7.566592815046766 ], [ 110.78814600903749, -7.566645089714084 ], [ 110.788184082443266, -7.566687872559555 ], [ 110.788226930248953, -7.566706900150799 ], [ 110.788279305581597, -7.566716428974481 ], [ 110.788355485773209, -7.566735472736588 ], [ 110.788412625326174, -7.566740252161884 ], [ 110.788512604855413, -7.566778313319854 ], [ 110.788603052257116, -7.566835376613878 ], [ 110.788726820513233, -7.566916214510679 ], [ 110.788812503760568, -7.566978027149042 ], [ 110.788888667850557, -7.567030331772285 ], [ 110.788941027068987, -7.567073122374892 ], [ 110.789041012247893, -7.567101680027131 ], [ 110.789117201776165, -7.567101716882967 ], [ 110.789207677011134, -7.567101760631993 ], [ 110.789302910936584, -7.56710655835695 ], [ 110.789417179551975, -7.567139875425248 ], [ 110.789564768178792, -7.567196966117881 ], [ 110.789721874655939, -7.567268316437215 ], [ 110.789845654751062, -7.567325395553661 ], [ 110.7899741884967, -7.567401483706411 ], [ 110.790040806011945, -7.567501300486694 ], [ 110.790126463391758, -7.567615380603796 ], [ 110.79019306810234, -7.567743706622139 ], [ 110.790226333975937, -7.56788151998126 ], [ 110.790202471603237, -7.567990796583668 ], [ 110.790207148549399, -7.568166608841069 ], [ 110.790240415362661, -7.568304422197798 ], [ 110.790326060084013, -7.568447012441767 ], [ 110.790397442048373, -7.568542079765725 ], [ 110.790503149900786, -7.568656385643181 ], [ 110.79057453881623, -7.568737196952492 ], [ 110.79066021949015, -7.568803761837898 ], [ 110.790793497416431, -7.568917864694422 ], [ 110.79087442310535, -7.568970171266817 ], [ 110.790960123086123, -7.568998722542911 ], [ 110.791041061155013, -7.569027270615089 ], [ 110.791102946964003, -7.569065313837703 ], [ 110.791141021780575, -7.569108096434554 ], [ 110.791169564988891, -7.569165129547459 ], [ 110.791183816474543, -7.569236410898046 ], [ 110.791183786755781, -7.569298182016495 ], [ 110.791169457536355, -7.569388456455441 ], [ 110.791174176026132, -7.569478740019068 ], [ 110.791164604155171, -7.569578519221577 ], [ 110.791174089148413, -7.569659301677858 ], [ 110.791202628729778, -7.569725838176733 ], [ 110.791254977074985, -7.569792386076812 ], [ 110.791321606665932, -7.56986844419851 ], [ 110.791402526650032, -7.56993500575965 ], [ 110.791469158571729, -7.570006312165676 ], [ 110.791540552450968, -7.570077620839411 ], [ 110.791640491970227, -7.570201211795331 ], [ 110.791783268473537, -7.570367586642932 ], [ 110.791826107687683, -7.570405620667666 ], [ 110.791873717058664, -7.570424649281276 ], [ 110.791949891237451, -7.570457947516386 ], [ 110.792102253290025, -7.570496032878389 ], [ 110.79216890589403, -7.570524574838662 ], [ 110.792254597172615, -7.570572131740795 ], [ 110.79232600037048, -7.57062443441811 ], [ 110.792483105375396, -7.570700534566579 ], [ 110.792597345672988, -7.570795621948205 ], [ 110.792702065764587, -7.570881201381957 ], [ 110.792773441838705, -7.570990522509305 ], [ 110.79282100684982, -7.571104584905978 ], [ 110.792858378543855, -7.571211953172789 ], [ 110.792877796006707, -7.571227555343627 ], [ 110.792938046560906, -7.571802062387635 ], [ 110.792960698141798, -7.571919144136183 ], [ 110.792994727340115, -7.571987135866388 ], [ 110.79303273359298, -7.572045346581374 ], [ 110.792986684869078, -7.572020939365932 ], [ 110.792953801394816, -7.572029180638138 ], [ 110.7929401075274, -7.572084162812762 ], [ 110.792920150630692, -7.572178748514887 ], [ 110.792910543437202, -7.572205071397088 ], [ 110.792903336949195, -7.572229001028867 ], [ 110.792893217203769, -7.572261784995072 ], [ 110.792858695720355, -7.57234956956092 ], [ 110.792842625042937, -7.572389122291779 ], [ 110.792804351407682, -7.572478875217142 ], [ 110.792777698477693, -7.572542046606764 ], [ 110.792758246220245, -7.572591579631766 ], [ 110.792737352905448, -7.572646137749072 ], [ 110.792715736939172, -7.572708593303107 ], [ 110.792689091309313, -7.572754532672151 ], [ 110.792651647461994, -7.572811237589853 ], [ 110.792607789711866, -7.57287792497528 ], [ 110.792554983437654, -7.572960229981454 ], [ 110.792539834399363, -7.573040100629787 ], [ 110.792529704917413, -7.573155694145831 ], [ 110.792520919863435, -7.573470174719894 ], [ 110.792507223153009, -7.573523300700112 ], [ 110.792427346369792, -7.573536904436819 ], [ 110.792166860521959, -7.573551140262683 ], [ 110.792118649040745, -7.573552553714195 ], [ 110.791949562705469, -7.573534522756745 ], [ 110.791749537303332, -7.573511451167465 ], [ 110.791589811766897, -7.573478346305768 ], [ 110.791466062669159, -7.573448849741857 ], [ 110.791369971124325, -7.573409141154907 ], [ 110.791242329503135, -7.5733475042772 ], [ 110.791108533581578, -7.57326127916587 ], [ 110.791007828275966, -7.573194457489138 ], [ 110.790857477069295, -7.573120430597779 ], [ 110.790781219564991, -7.573088083730791 ], [ 110.790710712261514, -7.573068664076394 ], [ 110.790657949497202, -7.573060022720322 ], [ 110.79061238111953, -7.573052820364355 ], [ 110.79055721727164, -7.573049204524926 ], [ 110.790505649354614, -7.573047982989353 ], [ 110.790425296755714, -7.573053927156261 ], [ 110.790365328648264, -7.573064668993822 ], [ 110.79022117586257, -7.573108000767369 ], [ 110.790082075592366, -7.573139088889499 ], [ 110.789995708618363, -7.573166613063455 ], [ 110.789884993386721, -7.573197715707296 ], [ 110.789824388980051, -7.573217581536539 ], [ 110.789764855866707, -7.573264073823119 ], [ 110.78973211523342, -7.573289642814352 ], [ 110.789744657687905, -7.573376118298365 ], [ 110.789740661691525, -7.573467837720207 ], [ 110.789689559769187, -7.573531881771426 ], [ 110.78960715962701, -7.573660372000746 ], [ 110.789509072395873, -7.573776872730613 ], [ 110.789431314536685, -7.573871611225166 ], [ 110.789356436255346, -7.573963479999357 ], [ 110.789216307786347, -7.574076377335184 ], [ 110.789192313651668, -7.57409359773726 ], [ 110.789167591864, -7.574117683453894 ], [ 110.789150080369907, -7.574134743264153 ], [ 110.788992699240239, -7.574213168148792 ], [ 110.788837233000905, -7.574298295843899 ], [ 110.788730405069515, -7.574365630711107 ], [ 110.788706713887706, -7.574380563580974 ], [ 110.788668503217508, -7.574409669406585 ], [ 110.788604978363153, -7.574458058275012 ], [ 110.788493645298075, -7.574543207257359 ], [ 110.788442768369094, -7.574602537558578 ], [ 110.788440020207958, -7.574705733809759 ], [ 110.788439836445406, -7.574712629238714 ], [ 110.788430231024421, -7.574734643555922 ], [ 110.788426518092436, -7.574739802310323 ], [ 110.788398549087859, -7.574778665227149 ], [ 110.788378252454692, -7.574798055626441 ], [ 110.788375512558758, -7.574800673018265 ], [ 110.788344797659491, -7.5748284210809 ], [ 110.788289131746041, -7.574870517023947 ], [ 110.7882392288425, -7.57489729781514 ], [ 110.788222769150607, -7.574906321014911 ], [ 110.788200842540746, -7.574918340196922 ], [ 110.78816202068711, -7.574938376484346 ], [ 110.788147101828457, -7.574946077048138 ], [ 110.788128193904313, -7.574958192674152 ], [ 110.788120230286111, -7.574963295988644 ], [ 110.788116619116266, -7.574964259405536 ], [ 110.788090520412439, -7.574971220924626 ], [ 110.788066496112904, -7.574977629856165 ], [ 110.788038652388039, -7.575019739301986 ], [ 110.788037846567207, -7.575021425928177 ], [ 110.788019445175024, -7.575059937979519 ], [ 110.787971468726951, -7.575080906925733 ], [ 110.787910048312554, -7.57510775172278 ], [ 110.787871657762437, -7.575137410077549 ], [ 110.787798711964996, -7.575395377086296 ], [ 110.787785703564239, -7.575409620399563 ], [ 110.787769490680063, -7.57542737277731 ], [ 110.787662003809785, -7.575378795773249 ], [ 110.787652312735162, -7.57537382587793 ], [ 110.787482639666862, -7.57528680424287 ], [ 110.787397280141903, -7.575229322554033 ], [ 110.787359873061817, -7.575209200282477 ], [ 110.787257697228839, -7.575205815248986 ], [ 110.787161277394802, -7.575203359281262 ], [ 110.787000809132124, -7.575218359073631 ], [ 110.786926364067796, -7.575174231332935 ], [ 110.78685839271904, -7.575103903238868 ], [ 110.786820030804861, -7.575075164449961 ], [ 110.786764639467464, -7.575045205201031 ], [ 110.786680916258348, -7.575021126232167 ], [ 110.786621954927753, -7.574987694391946 ], [ 110.785948994529761, -7.575341579217373 ], [ 110.785416357411876, -7.575671597273641 ], [ 110.784829738959075, -7.576031505642787 ], [ 110.784763768283156, -7.576053013504858 ], [ 110.784547908101018, -7.576038545862391 ], [ 110.7840778104664, -7.576008396299644 ], [ 110.783732433553581, -7.575986685378319 ], [ 110.783419435494437, -7.575966186124724 ], [ 110.783289917822486, -7.575958942148294 ], [ 110.782985279648955, -7.575933363075929 ], [ 110.782780260356006, -7.575916149173733 ], [ 110.782644740844688, -7.575904769949993 ], [ 110.78237481874632, -7.575849386007871 ], [ 110.782498754750705, -7.575656228759719 ], [ 110.782798291778093, -7.575256212198786 ], [ 110.782930788848446, -7.5750590672265 ], [ 110.783032571949676, -7.574888711951123 ], [ 110.783095960839063, -7.574752802446943 ], [ 110.783268888563981, -7.574283793524383 ], [ 110.7833611340575, -7.573998553370594 ], [ 110.783484110315172, -7.57365397437769 ], [ 110.78362054411771, -7.573257705097266 ], [ 110.783787725671985, -7.572765717040398 ], [ 110.783851164557817, -7.572528329439709 ], [ 110.783901212402242, -7.572210519145647 ], [ 110.783918527406243, -7.572118622783485 ], [ 110.783924301932899, -7.572082247565623 ], [ 110.783922399038516, -7.572049696669747 ], [ 110.783928187866451, -7.571984601444736 ], [ 110.783930168949112, -7.571860148429045 ], [ 110.783916805688548, -7.571722285733524 ], [ 110.783895752579241, -7.571615053302875 ], [ 110.783849814861441, -7.571387184466636 ], [ 110.783824950287936, -7.571226340049799 ], [ 110.783786695769635, -7.570983157976398 ], [ 110.783608702058828, -7.570069771331582 ], [ 110.783551264289272, -7.569817005764894 ], [ 110.783547478571009, -7.569713611825983 ], [ 110.783557118064522, -7.569621712559928 ], [ 110.783632292658723, -7.568936296695655 ], [ 110.78367658381093, -7.568618483510934 ], [ 110.783776711274257, -7.567677042118871 ], [ 110.783237682189764, -7.567613063057884 ], [ 110.783311437383034, -7.567368739849194 ], [ 110.783572339376036, -7.56651253251033 ], [ 110.783708792604628, -7.566072225048517 ], [ 110.783853941261796, -7.565508905161724 ], [ 110.783991911827826, -7.564947362740321 ], [ 110.784126378441456, -7.564458637121112 ], [ 110.784076637843, -7.564250252567371 ], [ 110.784056641203478, -7.564166477889497 ], [ 110.783883615864696, -7.563714393281991 ], [ 110.78384335846404, -7.56364065830298 ], [ 110.783748262873658, -7.56356728510258 ], [ 110.782954414808515, -7.563176027147112 ], [ 110.782201027112947, -7.562761421189459 ], [ 110.780856078839705, -7.561864312140301 ], [ 110.780749672707785, -7.56179840616192 ], [ 110.780651766341194, -7.56176224480527 ], [ 110.780500662864611, -7.56168144701308 ], [ 110.780390003302074, -7.561607042206048 ], [ 110.780247421119739, -7.561513503259794 ], [ 110.779755837992099, -7.561181871600008 ], [ 110.779387702273553, -7.560897035408686 ], [ 110.779332372771151, -7.560858770457282 ], [ 110.779291938713484, -7.560833258390002 ], [ 110.779257886444, -7.560818371884182 ], [ 110.778753444730924, -7.560658796748327 ], [ 110.778608716368495, -7.560601368338383 ], [ 110.778268173047096, -7.560477988820416 ], [ 110.778270294361576, -7.560470662901373 ], [ 110.778332149327881, -7.560257098794858 ], [ 110.778359863833799, -7.56017851499814 ], [ 110.77857787847411, -7.559458739138956 ], [ 110.779035607912775, -7.557983320983517 ], [ 110.779103890658646, -7.557663300501013 ], [ 110.779078658591203, -7.55748471883504 ], [ 110.779775192329808, -7.557481166642795 ], [ 110.780070412710032, -7.557495569645486 ], [ 110.780289447714921, -7.557505183323596 ], [ 110.780527514609645, -7.557543316627513 ], [ 110.780660834365918, -7.557562389504823 ], [ 110.780836996500412, -7.557605243229151 ], [ 110.781041722267972, -7.557662365390009 ], [ 110.781365477768034, -7.557748057253548 ], [ 110.78183681781293, -7.557890842094137 ], [ 110.782269853679651, -7.558032250661308 ], [ 110.782270211859981, -7.558032367625693 ] ] ] } },
{ "type": "Feature", "properties": { "Kelurahan": "Karangasem", "Kecamatan": "Laweyan" }, "geometry": { "type": "Polygon", "coordinates": [ [ [ 110.769180477734551, -7.551231823363241 ], [ 110.769828738741055, -7.549011863877818 ], [ 110.770023342879043, -7.548377253014636 ], [ 110.770284267155418, -7.547504299815265 ], [ 110.770543753137503, -7.546627038088531 ], [ 110.770938761566001, -7.545264476942953 ], [ 110.770969887744897, -7.545159356247575 ], [ 110.770995625285835, -7.54517257822546 ], [ 110.771051474949502, -7.545228368643953 ], [ 110.771132858744792, -7.545303291364617 ], [ 110.771215857268828, -7.545343164725718 ], [ 110.771302062671865, -7.545357549030378 ], [ 110.771372315905182, -7.545346433354337 ], [ 110.7714585372036, -7.545330546277466 ], [ 110.771551148717748, -7.545306696898586 ], [ 110.771672490345253, -7.545297200806552 ], [ 110.771806594868067, -7.545305236437247 ], [ 110.771880027295168, -7.545319613962151 ], [ 110.771921527082142, -7.545340347499231 ], [ 110.771967813222972, -7.545365862360125 ], [ 110.772023682152167, -7.545383416588989 ], [ 110.772124252704117, -7.545405773845925 ], [ 110.772202476587111, -7.545416967022264 ], [ 110.772298274893714, -7.545405864504855 ], [ 110.772363737521985, -7.545396339118121 ], [ 110.772451549256118, -7.545391605088986 ], [ 110.772509013735828, -7.545412346879158 ], [ 110.772540928975644, -7.545441040995698 ], [ 110.772564859467792, -7.545476103636861 ], [ 110.772595170110236, -7.545520729067533 ], [ 110.772643042613637, -7.545565362723874 ], [ 110.772670095510591, -7.545595951181673 ], [ 110.772733804813498, -7.545611205463461 ], [ 110.772781926198817, -7.545594112432283 ], [ 110.772845800873398, -7.545568654900524 ], [ 110.772892112025218, -7.545546374124648 ], [ 110.772946398025809, -7.545538436694004 ], [ 110.77302782207893, -7.545536885120595 ], [ 110.773093279808393, -7.545538512943502 ], [ 110.773155538175871, -7.54554969766503 ], [ 110.773525883763966, -7.545647073703763 ], [ 110.773867500124055, -7.545728503326291 ], [ 110.774467735123835, -7.545849896098161 ], [ 110.77466409266151, -7.545881861650397 ], [ 110.774729539658551, -7.545902606362656 ], [ 110.774796576438177, -7.545937691094668 ], [ 110.774862019330953, -7.545966402314987 ], [ 110.774953012212265, -7.545983974259959 ], [ 110.775050411817247, -7.545963313396396 ], [ 110.775112670387401, -7.545976090786465 ], [ 110.775246763699755, -7.546006430200094 ], [ 110.775342546458745, -7.546025598375615 ], [ 110.775452697623734, -7.54604477300555 ], [ 110.77552771765022, -7.546078268783472 ], [ 110.775637864733085, -7.546105408990625 ], [ 110.775740560949288, -7.546132015271816 ], [ 110.775881042688582, -7.546159702863193 ], [ 110.776034291283864, -7.54619589355717 ], [ 110.776091756872958, -7.546215041035531 ], [ 110.776208824094013, -7.546238467774894 ], [ 110.776306742976587, -7.546242766641947 ], [ 110.776376993794543, -7.546236429898664 ], [ 110.776430210457804, -7.546238581040848 ], [ 110.776474897410694, -7.546270468202365 ], [ 110.776545120974333, -7.546317237700989 ], [ 110.776662170814973, -7.546374652549683 ], [ 110.776751556772865, -7.546415059123045 ], [ 110.776794112298745, -7.546451193015829 ], [ 110.776872853457959, -7.546493718055906 ], [ 110.776949489284192, -7.54648950931058 ], [ 110.77709637704784, -7.546476837959518 ], [ 110.777173041138781, -7.546417398074367 ], [ 110.777372151635035, -7.546230476449356 ], [ 110.777667019373851, -7.546192478151105 ], [ 110.777850119915072, -7.546130968330315 ], [ 110.778190772122883, -7.546018555122437 ], [ 110.778363212400876, -7.545991027011802 ], [ 110.778552691258227, -7.54594438941525 ], [ 110.778659152455162, -7.545895585789732 ], [ 110.778753785155274, -7.54584677253385 ], [ 110.779001383327284, -7.545797504715078 ], [ 110.779106935822412, -7.545776170444789 ], [ 110.779274407092615, -7.545785435484274 ], [ 110.779319111614285, -7.545781209293512 ], [ 110.779361698347785, -7.545757863980763 ], [ 110.779421345153352, -7.545672923462857 ], [ 110.77944902940537, -7.545651695453368 ], [ 110.779489477149298, -7.545647467097483 ], [ 110.779591664544483, -7.545628400572813 ], [ 110.779685336257046, -7.545613577585521 ], [ 110.779767716892209, -7.545611563004279 ], [ 110.779823107026772, -7.545592571448933 ], [ 110.779936445771995, -7.545553710364077 ], [ 110.780102652393055, -7.545437474649661 ], [ 110.780198467443171, -7.545392913138043 ], [ 110.780279373590673, -7.545363214310885 ], [ 110.780402839745634, -7.545361151505168 ], [ 110.780484289102688, -7.545363309997769 ], [ 110.780788123384212, -7.545388960399599 ], [ 110.780928621447458, -7.545382658131357 ], [ 110.780996752247887, -7.545359325452762 ], [ 110.781062765503918, -7.54531262489449 ], [ 110.781105353331739, -7.545285030650648 ], [ 110.781162841463825, -7.545259568690996 ], [ 110.781703438222081, -7.545453146074345 ], [ 110.781801338015015, -7.545493555875436 ], [ 110.781865181323923, -7.545529699908376 ], [ 110.781911994715585, -7.54556796026932 ], [ 110.781939640702461, -7.545621080361073 ], [ 110.782039599502824, -7.545803816825678 ], [ 110.782082147981626, -7.545854820411061 ], [ 110.782111927548812, -7.545899444040698 ], [ 110.782150225656025, -7.545937700133523 ], [ 110.782260915618537, -7.545944127956505 ], [ 110.782343942689621, -7.545929299097896 ], [ 110.782424868972271, -7.545859238947249 ], [ 110.782512157938683, -7.545835915566147 ], [ 110.782552600373563, -7.545842308365777 ], [ 110.782633485246762, -7.545855094858497 ], [ 110.782686688132969, -7.545884860799976 ], [ 110.782793088628736, -7.54595501410336 ], [ 110.782846276552547, -7.546016643439863 ], [ 110.782918615404881, -7.546091028552443 ], [ 110.782971816222002, -7.546125043216954 ], [ 110.783378283747368, -7.546361037739486 ], [ 110.783776253093407, -7.546565163363862 ], [ 110.783910346475793, -7.546597093991306 ], [ 110.784010392897869, -7.546603516115524 ], [ 110.784133846630638, -7.546629067829273 ], [ 110.784206207920207, -7.546658843049815 ], [ 110.784544618169505, -7.54677372009586 ], [ 110.784625499080448, -7.546795002835509 ], [ 110.78470638420211, -7.546807788046351 ], [ 110.784812843009902, -7.546761106836337 ], [ 110.784861803176497, -7.546761130933142 ], [ 110.784915019975571, -7.546763281045496 ], [ 110.784987394840599, -7.546767565405638 ], [ 110.785042734641934, -7.5467824628211 ], [ 110.785068631972678, -7.546788936886785 ], [ 110.78503324722395, -7.546823492095888 ], [ 110.78492603686405, -7.546973115595209 ], [ 110.784868888799906, -7.546990906569777 ], [ 110.784797390504963, -7.547140547607004 ], [ 110.784711596532958, -7.547311564683189 ], [ 110.784647228769089, -7.547486155390582 ], [ 110.784557826133977, -7.547732008311107 ], [ 110.784514952436737, -7.547771188458895 ], [ 110.784414864326294, -7.547960016606634 ], [ 110.784071694729192, -7.54862982843656 ], [ 110.78398941506687, -7.548914886009353 ], [ 110.783613898482386, -7.549994508741616 ], [ 110.783592428691421, -7.550080027752613 ], [ 110.783517199248138, -7.550550402160768 ], [ 110.783413387731883, -7.551042145462038 ], [ 110.783366864005629, -7.55123812694958 ], [ 110.783356130827428, -7.551277322899698 ], [ 110.783306074573474, -7.55139490098705 ], [ 110.783266713334243, -7.55155168564418 ], [ 110.78320947845576, -7.551740534700681 ], [ 110.783170126028423, -7.551879500260937 ], [ 110.783051990351609, -7.552449637950507 ], [ 110.782976805166001, -7.552827355488471 ], [ 110.782905219837289, -7.553148055342791 ], [ 110.782783554596861, -7.553632661528868 ], [ 110.782715561885595, -7.55391059876021 ], [ 110.782701251691122, -7.553960483996192 ], [ 110.782690521940779, -7.553992551927029 ], [ 110.782658188421891, -7.554377417778498 ], [ 110.782640176629855, -7.554687453122119 ], [ 110.782611498281398, -7.554904826440705 ], [ 110.782589987045512, -7.555072310970319 ], [ 110.782561300607014, -7.555303938458638 ], [ 110.782489732340693, -7.555589000932909 ], [ 110.782425345419199, -7.555795665349125 ], [ 110.782378865272349, -7.555902553977711 ], [ 110.78228951215813, -7.556045058489113 ], [ 110.782218039971639, -7.556137679549813 ], [ 110.782143015834592, -7.556191097565267 ], [ 110.782132282411965, -7.556230293469809 ], [ 110.782146537398575, -7.556290884018891 ], [ 110.782210743328406, -7.556444156186831 ], [ 110.78230704875098, -7.556682973961329 ], [ 110.782396231668031, -7.55688258690561 ], [ 110.782417634291008, -7.556932489919972 ], [ 110.782421193374191, -7.556957437867453 ], [ 110.782428321336553, -7.556985950686403 ], [ 110.782428273181623, -7.557082171359643 ], [ 110.782417504087562, -7.557192641775029 ], [ 110.782403061739359, -7.557506241932873 ], [ 110.782374388398864, -7.557712924114176 ], [ 110.782284942957659, -7.558037177948983 ], [ 110.782271997651435, -7.558032950778872 ], [ 110.781836817812845, -7.557890842094207 ], [ 110.781365477768091, -7.557748057253562 ], [ 110.781041722267886, -7.557662365390009 ], [ 110.780836996500369, -7.557605243229169 ], [ 110.780660834365861, -7.557562389504823 ], [ 110.780527514609602, -7.557543316627615 ], [ 110.780289447714793, -7.557505183323664 ], [ 110.780070412710018, -7.55749556964547 ], [ 110.779775192329708, -7.557481166642845 ], [ 110.779078658591075, -7.557484718835024 ], [ 110.779061468099229, -7.557363050303816 ], [ 110.778999856541901, -7.557268803871266 ], [ 110.778999110174595, -7.557267661929016 ], [ 110.778879976759413, -7.557085423481956 ], [ 110.778880113920877, -7.557084869955992 ], [ 110.778913275576187, -7.556950298835926 ], [ 110.778926050326973, -7.556851266900377 ], [ 110.778923580709517, -7.556703977603334 ], [ 110.778915505189275, -7.556592689975639 ], [ 110.778909906970114, -7.556515537464723 ], [ 110.778905890368122, -7.556460182218276 ], [ 110.778890662808408, -7.556378911761199 ], [ 110.778852579723178, -7.556203671373588 ], [ 110.778799201050802, -7.556079211093744 ], [ 110.778771242700714, -7.556010632504414 ], [ 110.778756002257808, -7.555954756870193 ], [ 110.778757552888777, -7.555918070197689 ], [ 110.778761154204716, -7.555832866264308 ], [ 110.778784164734262, -7.555622103687418 ], [ 110.778802079767217, -7.555424035943244 ], [ 110.778791927058251, -7.555370702912636 ], [ 110.778758870696677, -7.555319897400239 ], [ 110.778679274240915, -7.555223195860481 ], [ 110.778652061546836, -7.555175094341258 ], [ 110.778641904983274, -7.555129379574983 ], [ 110.778639386332713, -7.555078589532145 ], [ 110.778657241037592, -7.554997335832379 ], [ 110.778675096641393, -7.554916083036412 ], [ 110.778672584835689, -7.554850056457055 ], [ 110.778657349612288, -7.554784022524468 ], [ 110.778634486443593, -7.554705288211551 ], [ 110.778611933441098, -7.55464586476759 ], [ 110.778606530787584, -7.554631630463919 ], [ 110.778576009952346, -7.554598601884966 ], [ 110.778565858580905, -7.554542728822785 ], [ 110.778565230579119, -7.554513867364719 ], [ 110.778563372266433, -7.554428452609501 ], [ 110.778557107047732, -7.554381381152623 ], [ 110.778553232150628, -7.55435226476908 ], [ 110.778512550926166, -7.554281139684522 ], [ 110.778386117463256, -7.55426121485752 ], [ 110.778361903537046, -7.554252186743133 ], [ 110.769335781387497, -7.551444433481215 ], [ 110.769138585645038, -7.551377342497357 ], [ 110.769145875953825, -7.551354344106546 ], [ 110.769180477734551, -7.551231823363241 ] ] ] } },
{ "type": "Feature", "properties": { "Kelurahan": "Jebres", "Kecamatan": "Jebres" }, "geometry": { "type": "Polygon", "coordinates": [ [ [ 110.861601870794729, -7.566190578555783 ], [ 110.861195037556357, -7.566163219843527 ], [ 110.860823613089863, -7.566163101459405 ], [ 110.860448623603247, -7.566145163373417 ], [ 110.86018077600275, -7.566123694416107 ], [ 110.859823653421259, -7.566073688139593 ], [ 110.8594986867204, -7.565984489625444 ], [ 110.859138020430493, -7.565848951726193 ], [ 110.858795219852624, -7.565688472147395 ], [ 110.858313164985702, -7.565438854055705 ], [ 110.857988223821138, -7.56527125253621 ], [ 110.857634712429615, -7.565103641452837 ], [ 110.857459744416815, -7.565014491278169 ], [ 110.857395465113058, -7.564996651117668 ], [ 110.857027640338941, -7.564914564787325 ], [ 110.856549105143912, -7.564825314634025 ], [ 110.85625269521141, -7.564782451633134 ], [ 110.856031288029243, -7.564728922973677 ], [ 110.855920585779529, -7.564696813039373 ], [ 110.855749185205127, -7.564621917596829 ], [ 110.855345684149242, -7.564429341880589 ], [ 110.855027884919267, -7.564268868571829 ], [ 110.854652952259428, -7.564086992843774 ], [ 110.854367286929929, -7.563955039134751 ], [ 110.854220877309345, -7.563905097704618 ], [ 110.853913766237525, -7.56382659306874 ], [ 110.853578076484297, -7.563773024888159 ], [ 110.853442371408633, -7.563751596159245 ], [ 110.853285231108813, -7.563751543335285 ], [ 110.853060229094467, -7.563769286746127 ], [ 110.852706650799291, -7.563808368894349 ], [ 110.852481648737907, -7.563826111101094 ], [ 110.852313798043454, -7.563815363179319 ], [ 110.852213805476836, -7.563797510168669 ], [ 110.852020979121448, -7.563719042911955 ], [ 110.851835295514093, -7.563637013987345 ], [ 110.851517503983899, -7.563462283018387 ], [ 110.851331817831976, -7.563390945006438 ], [ 110.850896168496533, -7.563223300524193 ], [ 110.850517652181153, -7.563084185461385 ], [ 110.850296263818208, -7.562980760500426 ], [ 110.85015701426083, -7.562884492572686 ], [ 110.850010631350159, -7.562759710975691 ], [ 110.849889243184748, -7.562649193065532 ], [ 110.849764301613931, -7.562488782285377 ], [ 110.849671503282465, -7.562324818536728 ], [ 110.849546583192804, -7.56210026004996 ], [ 110.849407261202188, -7.562214251250016 ], [ 110.849246488029692, -7.562392382643109 ], [ 110.849167871575261, -7.562527777887075 ], [ 110.848974878191612, -7.562930413447279 ], [ 110.848899808392417, -7.563137083721654 ], [ 110.848846166845618, -7.563340198300256 ], [ 110.848766481363555, -7.56369416817732 ], [ 110.848677418156825, -7.564200980120844 ], [ 110.848630307291941, -7.564441847380218 ], [ 110.848428833389548, -7.564407112449536 ], [ 110.847603911132481, -7.564225075018334 ], [ 110.847314652501666, -7.56416082621999 ], [ 110.846439734419448, -7.563971641082247 ], [ 110.845471972321107, -7.563750347957066 ], [ 110.8448863111892, -7.563632536850767 ], [ 110.844275660074288, -7.563486205783352 ], [ 110.843743564496805, -7.563382667403123 ], [ 110.843354321046519, -7.5632863068101 ], [ 110.84296507686912, -7.563189945872536 ], [ 110.842668681189352, -7.56311500032773 ], [ 110.841675972455334, -7.562761831493058 ], [ 110.841429577766746, -7.562683340154204 ], [ 110.839132184126314, -7.561964339706071 ], [ 110.836586134061022, -7.561108097738202 ], [ 110.836781897158886, -7.560812175633123 ], [ 110.837005847367024, -7.56042262372126 ], [ 110.837115424915794, -7.560270611751641 ], [ 110.83718213428287, -7.560151845725016 ], [ 110.837210799655807, -7.559900019448445 ], [ 110.837158471996986, -7.55976220216797 ], [ 110.837148971475131, -7.559700426402629 ], [ 110.837168063320291, -7.559581642602972 ], [ 110.837468454067107, -7.558512633505083 ], [ 110.837578120643528, -7.558123039559667 ], [ 110.837635359157105, -7.557861720434805 ], [ 110.837683038491519, -7.55769543013144 ], [ 110.837870521612302, -7.557724010059381 ], [ 110.837988479393331, -7.557446081986934 ], [ 110.838038516866604, -7.557339188435533 ], [ 110.838102889748058, -7.557100441823017 ], [ 110.838152943978784, -7.556950783775338 ], [ 110.838192305986254, -7.556740538131794 ], [ 110.838492475928959, -7.556255981156499 ], [ 110.83861039363029, -7.556081400984216 ], [ 110.83874620122711, -7.555817735300021 ], [ 110.83886058939737, -7.55552911450452 ], [ 110.838907062368222, -7.555404400378938 ], [ 110.839028667321855, -7.55491621395983 ], [ 110.839069339210255, -7.554694459832667 ], [ 110.839076255162638, -7.554656749916795 ], [ 110.839130742595145, -7.554121792294485 ], [ 110.839280729532987, -7.554103080380596 ], [ 110.839504517887363, -7.554136423746368 ], [ 110.840061590991638, -7.554264923396428 ], [ 110.840528209010529, -7.554345871305893 ], [ 110.841047217183231, -7.554398329332205 ], [ 110.841670160781902, -7.554530017817447 ], [ 110.841987585136934, -7.554593488027449 ], [ 110.842324070492381, -7.554618951198372 ], [ 110.84282562912172, -7.554644474455261 ], [ 110.843155783818133, -7.554619250688251 ], [ 110.843530393155817, -7.554562365425963 ], [ 110.843847852863234, -7.55453080187382 ], [ 110.84426054175519, -7.554511942386515 ], [ 110.844590671385518, -7.554556408394292 ], [ 110.844844608992489, -7.554613519228693 ], [ 110.845111243401689, -7.554676969131481 ], [ 110.845441382263971, -7.554696092038264 ], [ 110.84561914146623, -7.554727832993708 ], [ 110.845784214750665, -7.554727891315935 ], [ 110.845974692274908, -7.55470261607051 ], [ 110.846209639955518, -7.554601330814716 ], [ 110.846469987252391, -7.554487382221799 ], [ 110.846704916840196, -7.554436780716853 ], [ 110.846952527937447, -7.554430531941529 ], [ 110.847219178148592, -7.554449632153885 ], [ 110.847523925249831, -7.554456074272268 ], [ 110.84766995576777, -7.554443453996969 ], [ 110.847796939162691, -7.554430827035142 ], [ 110.847898536167136, -7.554392849632054 ], [ 110.848019205928765, -7.554278851436852 ], [ 110.848451078463796, -7.553867191809599 ], [ 110.848730524726676, -7.553601196364875 ], [ 110.849333821148221, -7.553176923921762 ], [ 110.849625927230633, -7.553018635939515 ], [ 110.849810073203258, -7.552942672781091 ], [ 110.850006914054291, -7.552873049520896 ], [ 110.850286302040942, -7.552771777283069 ], [ 110.850654579535203, -7.552657864025376 ], [ 110.850972053894651, -7.552575610312309 ], [ 110.851238749954618, -7.552455325365693 ], [ 110.851429259574516, -7.552335015253683 ], [ 110.851740429897021, -7.552119712644179 ], [ 110.851937313206662, -7.551923377943877 ], [ 110.852185035697659, -7.551587678542889 ], [ 110.852356511833378, -7.551423012235382 ], [ 110.85243911233735, -7.551232974277275 ], [ 110.85246457061254, -7.551049251724124 ], [ 110.852483686320667, -7.550846521072677 ], [ 110.852496428492785, -7.550713479175938 ], [ 110.852496462856635, -7.550612111085583 ], [ 110.852540937951872, -7.550517092709211 ], [ 110.852604471941532, -7.550384067944108 ], [ 110.852712456415759, -7.550225715674579 ], [ 110.852845853855698, -7.550016687881083 ], [ 110.85294114753232, -7.549839325320472 ], [ 110.853106308838676, -7.54957328845253 ], [ 110.853207926862638, -7.549465617962839 ], [ 110.853385743101143, -7.549326295822123 ], [ 110.853455597883766, -7.549275635195282 ], [ 110.853569894493432, -7.549224988545055 ], [ 110.85367148979563, -7.549187009756807 ], [ 110.853773075659262, -7.549174372517707 ], [ 110.85387465816936, -7.549174406494278 ], [ 110.854020674017875, -7.549199797772379 ], [ 110.854211118994385, -7.54926321664269 ], [ 110.854401574626095, -7.549294957332624 ], [ 110.854566635329405, -7.549326690394427 ], [ 110.854776123117617, -7.549402786598247 ], [ 110.855004655774749, -7.54948522464241 ], [ 110.855207786318076, -7.549586660109773 ], [ 110.855391880569442, -7.549656411987122 ], [ 110.855563279946281, -7.549719823971559 ], [ 110.855772776504807, -7.549770578128144 ], [ 110.855969587748632, -7.549783314280436 ], [ 110.856198160621048, -7.549745375831431 ], [ 110.856407684448826, -7.549713767528662 ], [ 110.856566403945322, -7.549720154368672 ], [ 110.856788602746335, -7.549758240967663 ], [ 110.85706794768636, -7.549777339286352 ], [ 110.857258408837254, -7.549796407498363 ], [ 110.857404423036627, -7.549828133273194 ], [ 110.857518690311139, -7.549866183366217 ], [ 110.857620261728286, -7.549897894576831 ], [ 110.857709140259175, -7.549916930389105 ], [ 110.857823420911259, -7.549916967585517 ], [ 110.857896436555791, -7.549884578717236 ], [ 110.858017904206932, -7.549877696415945 ], [ 110.858176856207606, -7.549860753840148 ], [ 110.858378388297439, -7.549826831720795 ], [ 110.858497605741178, -7.549801378600723 ], [ 110.858602640537242, -7.549750430023877 ], [ 110.858713348915984, -7.549707980803751 ], [ 110.858787161842969, -7.549657022086145 ], [ 110.858971705088422, -7.549498469521897 ], [ 110.85917045744408, -7.549280442233977 ], [ 110.859425985943076, -7.549036942278645 ], [ 110.859732592210008, -7.548824613828832 ], [ 110.860183996987274, -7.548476378855661 ], [ 110.860331621156647, -7.548377294010241 ], [ 110.860388396451143, -7.54834898819081 ], [ 110.860448009910598, -7.54832351638951 ], [ 110.860490585243909, -7.548320696861404 ], [ 110.860524645146498, -7.548320707731413 ], [ 110.860567218663988, -7.548323554434272 ], [ 110.860618305797487, -7.548332067373297 ], [ 110.860660878410457, -7.548337745377136 ], [ 110.860731832767911, -7.548349097755567 ], [ 110.860777242652901, -7.548360441986642 ], [ 110.860845358843207, -7.548371792538133 ], [ 110.860904962322337, -7.548374643725198 ], [ 110.861112165362343, -7.548354883206251 ], [ 110.861200163237669, -7.548323755890155 ], [ 110.861259780256219, -7.548284121094087 ], [ 110.861310882742515, -7.548244484492587 ], [ 110.86143865739912, -7.548085913737491 ], [ 110.861691374561545, -7.547748942991007 ], [ 110.861776550293527, -7.547666831171021 ], [ 110.861833328100928, -7.547630028514924 ], [ 110.861873074177254, -7.547598885804637 ], [ 110.861904301247151, -7.547581901475302 ], [ 110.861952558229135, -7.547562090306982 ], [ 110.861966685486166, -7.547556808448978 ], [ 110.861997977046144, -7.547545110452439 ], [ 110.862032037787912, -7.547542288988958 ], [ 110.862071773970328, -7.54754230152886 ], [ 110.862114346527775, -7.547547979390282 ], [ 110.862173949018626, -7.547556494832675 ], [ 110.862315842330901, -7.547624516332496 ], [ 110.862565560310443, -7.547794535972822 ], [ 110.862917454552701, -7.547975917294246 ], [ 110.863158685150154, -7.548058131647351 ], [ 110.863323293098105, -7.548103500403514 ], [ 110.863394248383671, -7.548112020135427 ], [ 110.863445336442268, -7.548117700529637 ], [ 110.86349926356371, -7.548120549589233 ], [ 110.863533322548491, -7.548120560224229 ], [ 110.863649709078416, -7.548072447076569 ], [ 110.863703644178116, -7.548049805270821 ], [ 110.863732033906132, -7.548027154590563 ], [ 110.863766106201325, -7.547987512387473 ], [ 110.863817232355387, -7.547871402062039 ], [ 110.86387120639624, -7.547724136438003 ], [ 110.863979166756849, -7.54738995143891 ], [ 110.864075818477858, -7.546911313565984 ], [ 110.864101393841437, -7.546815020761749 ], [ 110.864163866233227, -7.54671874032596 ], [ 110.864203619130407, -7.546664937866507 ], [ 110.864337045676152, -7.546582841420922 ], [ 110.86441368147473, -7.546577199859498 ], [ 110.864518700716317, -7.546571567986016 ], [ 110.864586819352951, -7.546571589090456 ], [ 110.864643581814278, -7.546582936435532 ], [ 110.864694670592925, -7.546585784465851 ], [ 110.864723046998407, -7.546608451876946 ], [ 110.864762771662058, -7.546645284779586 ], [ 110.864782625638881, -7.54669060908464 ], [ 110.864879059177497, -7.546911562574461 ], [ 110.864930124269264, -7.546990884010454 ], [ 110.864961334486367, -7.547027714264502 ], [ 110.864992549979178, -7.547047550319771 ], [ 110.865018089991764, -7.547061720189218 ], [ 110.865060654644083, -7.547092889510879 ], [ 110.865111735587533, -7.547121228336154 ], [ 110.865145791893127, -7.547132568610363 ], [ 110.865188363578994, -7.547141078387854 ], [ 110.865262159576687, -7.54714393425961 ], [ 110.865321767309027, -7.547132622860683 ], [ 110.865395570282359, -7.547109986962107 ], [ 110.865446672261257, -7.547070348961185 ], [ 110.865517651925941, -7.546999562697104 ], [ 110.865577291992125, -7.546883453864839 ], [ 110.865605709527713, -7.546770168546307 ], [ 110.865625616053379, -7.546645550841646 ], [ 110.865634182153215, -7.546481276820259 ], [ 110.865600187965057, -7.546268839333983 ], [ 110.865563353024442, -7.546064898522075 ], [ 110.865543519985508, -7.545951598363618 ], [ 110.865543534855263, -7.545903447985615 ], [ 110.865543547100742, -7.545863795158742 ], [ 110.865574801015015, -7.545759007355698 ], [ 110.865600363703933, -7.545699535967678 ], [ 110.865623078613183, -7.545671218981677 ], [ 110.865651470740232, -7.545642904643441 ], [ 110.865677020305043, -7.545625918293508 ], [ 110.865759336635378, -7.545608949374291 ], [ 110.865864360866908, -7.545586322974566 ], [ 110.8659665468968, -7.5455608625589 ], [ 110.866091438238854, -7.54554107440982 ], [ 110.866202135269688, -7.545529779433957 ], [ 110.866338377517494, -7.545518491335129 ], [ 110.866400819681331, -7.545518510418793 ], [ 110.866463262751807, -7.545518529493816 ], [ 110.866522864154703, -7.545527044340372 ], [ 110.866551244023157, -7.545535550555523 ], [ 110.866644899090844, -7.545566735314643 ], [ 110.866715843594903, -7.54560640977953 ], [ 110.866877599001612, -7.545697094492862 ], [ 110.867064891067358, -7.545816109976689 ], [ 110.867223808424214, -7.545903961484732 ], [ 110.867323135624531, -7.54594930980737 ], [ 110.867411113613286, -7.545980491776882 ], [ 110.867550177720929, -7.546020187665143 ], [ 110.867640995623191, -7.546045706017073 ], [ 110.867788572581375, -7.546093901055309 ], [ 110.867961693974593, -7.546144935070935 ], [ 110.868063865478589, -7.546170457669014 ], [ 110.868177387067078, -7.546204480313944 ], [ 110.868282391618735, -7.546246997012027 ], [ 110.86840157843892, -7.546317841924289 ], [ 110.868472522424426, -7.546363180539601 ], [ 110.868526435687102, -7.546411347143005 ], [ 110.86857467434605, -7.546453846697303 ], [ 110.868625736647587, -7.546544497481965 ], [ 110.868688136248949, -7.546686134269075 ], [ 110.868730687469451, -7.546762620499963 ], [ 110.868770401392808, -7.54683627456352 ], [ 110.868804442412326, -7.546898596247648 ], [ 110.868864023631446, -7.546977919792099 ], [ 110.869105170545865, -7.547340533809292 ], [ 110.869002964609152, -7.547428306412465 ], [ 110.868880874379016, -7.547572720060029 ], [ 110.868716184861597, -7.547796426543354 ], [ 110.868466316346584, -7.548116408102232 ], [ 110.868383966234802, -7.548243839357934 ], [ 110.868341363530519, -7.548337294172278 ], [ 110.868304438873125, -7.548425086261065 ], [ 110.868276027872355, -7.548515713127816 ], [ 110.868239077462164, -7.548688476197905 ], [ 110.868031542139036, -7.549804361733585 ], [ 110.867730230576001, -7.551279928163916 ], [ 110.867283478669677, -7.553444657101471 ], [ 110.867248115032609, -7.553580599912856 ], [ 110.867227898925066, -7.553686334619465 ], [ 110.867207667433235, -7.553842423225602 ], [ 110.867192471578136, -7.554033760008935 ], [ 110.867177270188392, -7.554240202235959 ], [ 110.867177204061264, -7.55445672056804 ], [ 110.867237540456145, -7.555161680900283 ], [ 110.86726267548984, -7.555473877128113 ], [ 110.867282813300406, -7.555624942241224 ], [ 110.867333194756839, -7.555881757383444 ], [ 110.86737351808658, -7.556027793775455 ], [ 110.867393683600582, -7.556088223495794 ], [ 110.867403758681888, -7.55614361439913 ], [ 110.867418880835217, -7.556193971987338 ], [ 110.867408750471384, -7.556319851853631 ], [ 110.867378429995938, -7.55646586588039 ], [ 110.867338012905208, -7.556626983186852 ], [ 110.867277402583028, -7.556818306146566 ], [ 110.867135991622561, -7.557221087086317 ], [ 110.866934016015776, -7.557664131905575 ], [ 110.86646440702583, -7.558741542491584 ], [ 110.866434106166921, -7.558822098001974 ], [ 110.866373538472757, -7.558872432452096 ], [ 110.866328110823147, -7.558917736683824 ], [ 110.866277641339181, -7.558947933017397 ], [ 110.866227171848266, -7.558978129344969 ], [ 110.866161566938587, -7.558998250428362 ], [ 110.866065688361303, -7.559013326462306 ], [ 110.865974860002638, -7.559013298582044 ], [ 110.865873942712312, -7.559003196985433 ], [ 110.865702381152232, -7.558993073635226 ], [ 110.865016155333166, -7.558887121139336 ], [ 110.864592319609358, -7.558791318739172 ], [ 110.864380399463357, -7.558750970558876 ], [ 110.864350128078499, -7.558735855709464 ], [ 110.86425425331467, -7.558735825903862 ], [ 110.864183605939218, -7.558745874524277 ], [ 110.864128095489647, -7.558760962691362 ], [ 110.864067538566061, -7.558776050184336 ], [ 110.864017070521811, -7.558801210504098 ], [ 110.863966602471507, -7.558826371722462 ], [ 110.863921181556421, -7.558846498757791 ], [ 110.86386061672836, -7.558886762258369 ], [ 110.863795001590191, -7.558942129616882 ], [ 110.863739479145877, -7.558992465269974 ], [ 110.863073193627315, -7.559661951850346 ], [ 110.862598688800844, -7.560225756076579 ], [ 110.862507833118272, -7.560311327070303 ], [ 110.862457339306474, -7.560417052862241 ], [ 110.862396750207651, -7.560532845154938 ], [ 110.862326046664549, -7.560719129317619 ], [ 110.862235149316703, -7.560935617971762 ], [ 110.862184621825236, -7.561147084509975 ], [ 110.862139140782418, -7.561358552633837 ], [ 110.862134035166079, -7.561544857474821 ], [ 110.862133958472057, -7.561786551720861 ], [ 110.862133701209217, -7.562597234032649 ], [ 110.862183787992663, -7.563775509345579 ], [ 110.86213307311283, -7.564576105045889 ], [ 110.862062311193014, -7.564943659775063 ], [ 110.861703731514936, -7.565910323119126 ], [ 110.861601870794729, -7.566190578555783 ] ] ] } },
{ "type": "Feature", "properties": { "Kelurahan": "Gandekan", "Kecamatan": "Jebres" }, "geometry": { "type": "Polygon", "coordinates": [ [ [ 110.838099226425257, -7.568056329765753 ], [ 110.838553010668832, -7.568222787012388 ], [ 110.840474169660212, -7.568914858262924 ], [ 110.840356123267952, -7.569431557180549 ], [ 110.840356097051171, -7.569502831884541 ], [ 110.840373887715515, -7.569684588285578 ], [ 110.840391711562063, -7.569773688655967 ], [ 110.840416676167635, -7.569869918749327 ], [ 110.840548682421584, -7.570240594840953 ], [ 110.84072706626047, -7.570750274161533 ], [ 110.840798413634218, -7.570971252375502 ], [ 110.840812664211214, -7.571067478530111 ], [ 110.840819723028503, -7.571295559455431 ], [ 110.840808899013084, -7.571594909458921 ], [ 110.840794465352829, -7.571997606192709 ], [ 110.840751339062436, -7.572731719719389 ], [ 110.840733313949585, -7.573187871594987 ], [ 110.840697350869789, -7.573864967206654 ], [ 110.84069015860014, -7.574000386868714 ], [ 110.840675835972149, -7.574100166572199 ], [ 110.84065078860344, -7.574228451688608 ], [ 110.840572121433127, -7.574488575463945 ], [ 110.840468415877652, -7.574852038089397 ], [ 110.840328992026841, -7.575222615600552 ], [ 110.840255430979639, -7.575455621255949 ], [ 110.839794714999513, -7.575297513204143 ], [ 110.838939478713158, -7.575040397605941 ], [ 110.838553475569583, -7.574957172663282 ], [ 110.838315055454487, -7.574923095915361 ], [ 110.838140970792693, -7.574896596108274 ], [ 110.837107888774696, -7.574560105368101 ], [ 110.836699216284686, -7.574374905384671 ], [ 110.836502449426987, -7.574284196382133 ], [ 110.83638136364597, -7.574223727455833 ], [ 110.836260320667478, -7.574049964744789 ], [ 110.836120415373102, -7.573713806507257 ], [ 110.836078926203598, -7.573339920372658 ], [ 110.836101712260117, -7.573132223396252 ], [ 110.836138139649705, -7.572989437157354 ], [ 110.836172557898962, -7.572854527154046 ], [ 110.836332916453912, -7.57222595829733 ], [ 110.836370841265051, -7.572018266978346 ], [ 110.836340750884446, -7.57152353908195 ], [ 110.836299243690235, -7.571194970980502 ], [ 110.836179134047399, -7.570950039732169 ], [ 110.836341554866706, -7.570235472288144 ], [ 110.836388003347651, -7.570182033251334 ], [ 110.836745685200853, -7.568745982232432 ], [ 110.83685297601636, -7.568350448421515 ], [ 110.83701393305158, -7.567701909155759 ], [ 110.838095934410958, -7.568055121846467 ], [ 110.838099226425257, -7.568056329765753 ] ] ] } },
{ "type": "Feature", "properties": { "Kelurahan": "Sudiroprajan", "Kecamatan": "Jebres" }, "geometry": { "type": "Polygon", "coordinates": [ [ [ 110.836341554866706, -7.570235472288144 ], [ 110.836179134047399, -7.570950039732169 ], [ 110.836117721898106, -7.570824808766797 ], [ 110.83599289612782, -7.570651044554136 ], [ 110.835886953697923, -7.570579251461361 ], [ 110.835735572136699, -7.57057164127152 ], [ 110.835603113293629, -7.57056403816738 ], [ 110.835421446269237, -7.570579075923713 ], [ 110.835315471898198, -7.570594141307787 ], [ 110.833945282293811, -7.571012809989607 ], [ 110.833506231311304, -7.571107053346817 ], [ 110.833294287087412, -7.57112207864141 ], [ 110.83287043496621, -7.571057716257826 ], [ 110.831334028709833, -7.570679478179646 ], [ 110.831125903732101, -7.570603867809829 ], [ 110.831035092211891, -7.570554738892612 ], [ 110.830970772297576, -7.570509395906489 ], [ 110.830928325898412, -7.570447580134073 ], [ 110.830876214359179, -7.570362077159071 ], [ 110.830823279226919, -7.57023365654103 ], [ 110.830820612855121, -7.570227442015633 ], [ 110.830755218845127, -7.570075019219024 ], [ 110.830755676136491, -7.569943804300062 ], [ 110.830774670807315, -7.569463916545693 ], [ 110.831206836945654, -7.569377992573634 ], [ 110.831302101612266, -7.569306754770236 ], [ 110.831659454369372, -7.568760453973765 ], [ 110.833288915786682, -7.566413767831373 ], [ 110.834084031692242, -7.566708672403266 ], [ 110.834817272752474, -7.566927526603048 ], [ 110.836026621717224, -7.567355631302786 ], [ 110.83701393305158, -7.567701909155759 ], [ 110.83685297601636, -7.568350448421515 ], [ 110.836745685200853, -7.568745982232432 ], [ 110.836388003347651, -7.570182033251334 ], [ 110.836341554866706, -7.570235472288144 ] ] ] } },
{ "type": "Feature", "properties": { "Kelurahan": "Sewu", "Kecamatan": "Jebres" }, "geometry": { "type": "Polygon", "coordinates": [ [ [ 110.847742023905681, -7.57259110207759 ], [ 110.847398176560588, -7.572708231307585 ], [ 110.847155899848104, -7.57287934629623 ], [ 110.84697416465815, -7.573085729905097 ], [ 110.84681763042903, -7.573377721793709 ], [ 110.846671150074727, -7.573775457818814 ], [ 110.846554804992849, -7.574576028581626 ], [ 110.846423129579833, -7.575915368614691 ], [ 110.84636750840545, -7.576232572755035 ], [ 110.846175639675877, -7.576549727873557 ], [ 110.846089827590816, -7.576625227362481 ], [ 110.845943442026723, -7.576751057407924 ], [ 110.8456002397878, -7.576917100889876 ], [ 110.844979488150855, -7.577103185633836 ], [ 110.844156916759232, -7.577203597824596 ], [ 110.844093179156644, -7.577216294170163 ], [ 110.844093392203732, -7.577213741549453 ], [ 110.844055651223229, -7.576919163808733 ], [ 110.843957361090006, -7.576609458048351 ], [ 110.843896897545761, -7.57635641362756 ], [ 110.843798588601402, -7.576099578139879 ], [ 110.843685111643936, -7.575925820148753 ], [ 110.843571611618174, -7.575816262180463 ], [ 110.843465666651781, -7.575744470894873 ], [ 110.84329160131557, -7.575665102823066 ], [ 110.843102380573171, -7.575631046380338 ], [ 110.842985056352703, -7.575631004100416 ], [ 110.842466555641792, -7.575638369126952 ], [ 110.842212965028295, -7.575691148551099 ], [ 110.84151658414055, -7.575702224546638 ], [ 110.840971617187932, -7.575637825851497 ], [ 110.840290441322139, -7.575467635930643 ], [ 110.840255430979639, -7.575455621255949 ], [ 110.840328992026841, -7.575222615600552 ], [ 110.840468415877652, -7.574852038089397 ], [ 110.840572121433127, -7.574488575463945 ], [ 110.84065078860344, -7.574228451688608 ], [ 110.840675835972149, -7.574100166572199 ], [ 110.84069015860014, -7.574000386868714 ], [ 110.840697350869789, -7.573864967206654 ], [ 110.840733313949585, -7.573187871594987 ], [ 110.840751339062436, -7.572731719719389 ], [ 110.840794465352829, -7.571997606192709 ], [ 110.840808899013084, -7.571594909458921 ], [ 110.840819723028503, -7.571295559455431 ], [ 110.840812664211214, -7.571067478530111 ], [ 110.840798413634218, -7.570971252375502 ], [ 110.84072706626047, -7.570750274161533 ], [ 110.840548682421584, -7.570240594840953 ], [ 110.840416676167635, -7.569869918749327 ], [ 110.840391711562063, -7.569773688655967 ], [ 110.840373887715515, -7.569684588285578 ], [ 110.840356097051171, -7.569502831884541 ], [ 110.840356123267952, -7.569431557180549 ], [ 110.840474169660212, -7.568914858262924 ], [ 110.841270933871797, -7.569171140718018 ], [ 110.841996750716021, -7.569369192344375 ], [ 110.842500257819793, -7.569540433351681 ], [ 110.84364920232612, -7.569976514346759 ], [ 110.84532576483565, -7.57058651081905 ], [ 110.845987311430235, -7.570752458796473 ], [ 110.84612123242654, -7.570773888339515 ], [ 110.846220346377876, -7.570752541085793 ], [ 110.846456091307786, -7.570664422247413 ], [ 110.846493551664977, -7.570776692645276 ], [ 110.846496208689942, -7.570838168193631 ], [ 110.846554602175061, -7.571089729012489 ], [ 110.84660217384679, -7.571222791799591 ], [ 110.846668788366216, -7.571370116408489 ], [ 110.846821057021373, -7.57168852992811 ], [ 110.846930521797404, -7.571854876392714 ], [ 110.84713998882674, -7.572016506213652 ], [ 110.847397060704623, -7.572220917085306 ], [ 110.84764938829764, -7.572373058256635 ], [ 110.847692230158003, -7.572415837709141 ], [ 110.847742023905681, -7.57259110207759 ] ] ] } },
{ "type": "Feature", "properties": { "Kelurahan": "Jagalan", "Kecamatan": "Jebres" }, "geometry": { "type": "Polygon", "coordinates": [ [ [ 110.848630307291941, -7.564441847380218 ], [ 110.848635960846082, -7.56444282175588 ], [ 110.848625238128207, -7.564467764290098 ], [ 110.848585895617887, -7.564631682393719 ], [ 110.848485792379677, -7.564931001785568 ], [ 110.848353524472401, -7.565294456700334 ], [ 110.848217684346082, -7.565661474330327 ], [ 110.848135461656696, -7.565893089099336 ], [ 110.847903100350422, -7.566523789739358 ], [ 110.847631449908533, -7.567165167617572 ], [ 110.847417005980091, -7.567621250443112 ], [ 110.847224013299751, -7.568013193938461 ], [ 110.846973846931363, -7.568490647136696 ], [ 110.846780847514324, -7.568896844626146 ], [ 110.846652153634025, -7.569246045940124 ], [ 110.846648561805495, -7.569303064283619 ], [ 110.846652098232767, -7.569402850518212 ], [ 110.846659153816191, -7.56964875056199 ], [ 110.846705457486635, -7.570001576507877 ], [ 110.846751729764492, -7.570443496300454 ], [ 110.846776692048451, -7.570550417174109 ], [ 110.84659809705478, -7.570618065072082 ], [ 110.846456091307786, -7.570664422247413 ], [ 110.846220346377876, -7.570752541085793 ], [ 110.84612123242654, -7.570773888339515 ], [ 110.845987311430235, -7.570752458796473 ], [ 110.84532576483565, -7.57058651081905 ], [ 110.84364920232612, -7.569976514346759 ], [ 110.842500257819793, -7.569540433351681 ], [ 110.841996750716021, -7.569369192344375 ], [ 110.841270933871797, -7.569171140718018 ], [ 110.840474169660212, -7.568914858262924 ], [ 110.838553010668832, -7.568222787012388 ], [ 110.838099226425257, -7.568056329765753 ], [ 110.839210659827472, -7.565672501628657 ], [ 110.839453694927627, -7.565180796115876 ], [ 110.840017951659817, -7.565238023062062 ], [ 110.840414352845983, -7.565295187892199 ], [ 110.840657196374778, -7.565323786938283 ], [ 110.840878882547784, -7.56461112057739 ], [ 110.841275729602415, -7.563449487184672 ], [ 110.841307917155532, -7.563324768558333 ], [ 110.841311513524971, -7.563257058233299 ], [ 110.841315102477026, -7.563207167041917 ], [ 110.84129368751978, -7.563171521883019 ], [ 110.841272273867972, -7.563132313619895 ], [ 110.841236575906052, -7.563089535244686 ], [ 110.841429577766746, -7.562683340154204 ], [ 110.841675972455334, -7.562761831493058 ], [ 110.842668681189352, -7.56311500032773 ], [ 110.84296507686912, -7.563189945872536 ], [ 110.843354321046519, -7.5632863068101 ], [ 110.843743564496805, -7.563382667403123 ], [ 110.844275660074288, -7.563486205783352 ], [ 110.8448863111892, -7.563632536850767 ], [ 110.845471972321107, -7.563750347957066 ], [ 110.846439734419448, -7.563971641082247 ], [ 110.847314652501666, -7.56416082621999 ], [ 110.847603911132481, -7.564225075018334 ], [ 110.848428833389548, -7.564407112449536 ], [ 110.848630307291941, -7.564441847380218 ] ] ] } },
{ "type": "Feature", "properties": { "Kelurahan": "Purwodiningratan", "Kecamatan": "Jebres" }, "geometry": { "type": "Polygon", "coordinates": [ [ [ 110.841429577766746, -7.562683340154204 ], [ 110.841236575906052, -7.563089535244686 ], [ 110.841272273867972, -7.563132313619895 ], [ 110.84129368751978, -7.563171521883019 ], [ 110.841315102477026, -7.563207167041917 ], [ 110.841311513524971, -7.563257058233299 ], [ 110.841307917155532, -7.563324768558333 ], [ 110.841275729602415, -7.563449487184672 ], [ 110.840878882547784, -7.56461112057739 ], [ 110.840657196374778, -7.565323786938283 ], [ 110.840414352845983, -7.565295187892199 ], [ 110.840017951659817, -7.565238023062062 ], [ 110.839453694927627, -7.565180796115876 ], [ 110.839210659827472, -7.565672501628657 ], [ 110.838099226425257, -7.568056329765753 ], [ 110.838095934410958, -7.568055121846467 ], [ 110.83701393305158, -7.567701909155759 ], [ 110.836026621717224, -7.567355631302786 ], [ 110.834817272752474, -7.566927526603048 ], [ 110.834084031692242, -7.566708672403266 ], [ 110.833288915786682, -7.566413767831373 ], [ 110.83360938515014, -7.565864558342404 ], [ 110.835092397991346, -7.563520184208612 ], [ 110.835279168149427, -7.563216595030615 ], [ 110.83584641877529, -7.562294543244554 ], [ 110.836396737638566, -7.56141450791402 ], [ 110.836586134061022, -7.561108097738202 ], [ 110.839132184126314, -7.561964339706071 ], [ 110.841429577766746, -7.562683340154204 ] ] ] } },
{ "type": "Feature", "properties": { "Kelurahan": "Kepatihan Kulon", "Kecamatan": "Jebres" }, "geometry": { "type": "Polygon", "coordinates": [ [ [ 110.831712685798877, -7.559004455494066 ], [ 110.831659526425057, -7.559321976279207 ], [ 110.831570010307985, -7.559924212816738 ], [ 110.831527004102412, -7.560312643134432 ], [ 110.831376664545715, -7.561196391847221 ], [ 110.831322949607397, -7.561570562854651 ], [ 110.831265682326816, -7.561894840902283 ], [ 110.831254906565206, -7.562051641270066 ], [ 110.831239236106327, -7.562186335665209 ], [ 110.831204740868998, -7.562482833199375 ], [ 110.831161748363144, -7.56283206297478 ], [ 110.831147371336087, -7.563067263749197 ], [ 110.831086431810931, -7.563651692890162 ], [ 110.831043432142366, -7.564018740850381 ], [ 110.830982544111222, -7.564467747678974 ], [ 110.830921692017739, -7.564824097577348 ], [ 110.830857205228057, -7.565344377665737 ], [ 110.830767778725459, -7.565707843547311 ], [ 110.830728453909686, -7.565811176317703 ], [ 110.830628342330499, -7.566099800218722 ], [ 110.83054616030978, -7.566203116321428 ], [ 110.830413960606379, -7.566352742320544 ], [ 110.830269989987499, -7.566490172805197 ], [ 110.830200323322387, -7.566388972242557 ], [ 110.829992232552385, -7.566234055918697 ], [ 110.82924681191929, -7.565878777041966 ], [ 110.828811669608328, -7.565667124319167 ], [ 110.828501400570502, -7.565500837438318 ], [ 110.8283235694349, -7.565391250282757 ], [ 110.828274226873617, -7.565332497129554 ], [ 110.828332895943817, -7.565186303729715 ], [ 110.828332933420739, -7.56509149757576 ], [ 110.828499337562533, -7.564742812418355 ], [ 110.828356847691865, -7.564681809155045 ], [ 110.829016040963126, -7.562359316685892 ], [ 110.82947473142687, -7.560798579885125 ], [ 110.829732961879571, -7.55990479437228 ], [ 110.830055757892879, -7.558763859955874 ], [ 110.831712685798877, -7.559004455494066 ] ] ] } },
{ "type": "Feature", "properties": { "Kelurahan": "Kepatihan Wetan", "Kecamatan": "Jebres" }, "geometry": { "type": "Polygon", "coordinates": [ [ [ 110.835279168149427, -7.563216595030615 ], [ 110.835092397991346, -7.563520184208612 ], [ 110.83360938515014, -7.565864558342404 ], [ 110.833288915786682, -7.566413767831373 ], [ 110.831659454369372, -7.568760453973765 ], [ 110.831302101612266, -7.569306754770236 ], [ 110.831206836945654, -7.569377992573634 ], [ 110.830774670807315, -7.569463916545693 ], [ 110.830782021651785, -7.56927819491674 ], [ 110.830820106318825, -7.568666421926943 ], [ 110.830816361354437, -7.568564456446182 ], [ 110.830793698757859, -7.568447377304793 ], [ 110.830755896228382, -7.568337844539006 ], [ 110.830706734285371, -7.568239637097375 ], [ 110.830623514809929, -7.56813386416546 ], [ 110.830540292426676, -7.568035643471339 ], [ 110.830445730731554, -7.567899654365881 ], [ 110.830362520238694, -7.567771221911627 ], [ 110.830336090246107, -7.567612599809455 ], [ 110.830309661747364, -7.567450202030541 ], [ 110.830324892607536, -7.567212290679949 ], [ 110.830359063136257, -7.566932845223122 ], [ 110.830355369931311, -7.566698703081858 ], [ 110.830325143504012, -7.56657029122903 ], [ 110.830269989987499, -7.566490172805197 ], [ 110.830413960606379, -7.566352742320544 ], [ 110.83054616030978, -7.566203116321428 ], [ 110.830628342330499, -7.566099800218722 ], [ 110.830728453909686, -7.565811176317703 ], [ 110.830767778725459, -7.565707843547311 ], [ 110.830857205228057, -7.565344377665737 ], [ 110.830921692017739, -7.564824097577348 ], [ 110.830982544111222, -7.564467747678974 ], [ 110.831043432142366, -7.564018740850381 ], [ 110.831086431810931, -7.563651692890162 ], [ 110.831147371336087, -7.563067263749197 ], [ 110.831161748363144, -7.56283206297478 ], [ 110.831204740868998, -7.562482833199375 ], [ 110.831239236106327, -7.562186335665209 ], [ 110.83151532386924, -7.562229550567404 ], [ 110.832048318734948, -7.562304594783144 ], [ 110.832873247582739, -7.562443896975567 ], [ 110.833408918625494, -7.562526958675403 ], [ 110.833607121225782, -7.562545743540492 ], [ 110.833995489189888, -7.56258865685866 ], [ 110.834161543816492, -7.562623466366786 ], [ 110.834343655612415, -7.562695701270623 ], [ 110.834630209051582, -7.562821431285752 ], [ 110.834900684127035, -7.562965865164078 ], [ 110.835074744807088, -7.563078189087448 ], [ 110.835279168149427, -7.563216595030615 ] ] ] } },
{ "type": "Feature", "properties": { "Kelurahan": "Pucangsawit", "Kecamatan": "Jebres" }, "geometry": { "type": "Polygon", "coordinates": [ [ [ 110.861601870794729, -7.566190578555783 ], [ 110.86145120483657, -7.566605113824646 ], [ 110.861116750461264, -7.567199699707706 ], [ 110.860827579409843, -7.567949338740363 ], [ 110.860458934504408, -7.568815291715146 ], [ 110.860413465420592, -7.568981442354446 ], [ 110.860398280504654, -7.569127460601368 ], [ 110.860367940511125, -7.569323827848569 ], [ 110.860347723553801, -7.569424527275046 ], [ 110.860332560376264, -7.569500051391434 ], [ 110.860287111525381, -7.56960577847572 ], [ 110.860231571081172, -7.569706466571156 ], [ 110.860155848563664, -7.569802112436596 ], [ 110.860105370892654, -7.569852449188501 ], [ 110.860044796048044, -7.569917889029378 ], [ 110.859964034976144, -7.569988357218882 ], [ 110.859903468218675, -7.570028620114758 ], [ 110.85978232816278, -7.570129287057802 ], [ 110.85963092418676, -7.570189661861459 ], [ 110.859499706396178, -7.570245007372251 ], [ 110.859116153301883, -7.570385871811723 ], [ 110.858798214234099, -7.570481439972148 ], [ 110.858359171560053, -7.570566897063293 ], [ 110.857733427194276, -7.570632152530699 ], [ 110.857491205229721, -7.570652214571824 ], [ 110.857360005243351, -7.570652171651385 ], [ 110.85722880691452, -7.5706470929455 ], [ 110.857122837243935, -7.570647058218128 ], [ 110.857021915839113, -7.570641990279314 ], [ 110.856910902131361, -7.570636918099214 ], [ 110.85663843315794, -7.570566334440382 ], [ 110.856502204153955, -7.570515936667179 ], [ 110.856411388421094, -7.570470589562296 ], [ 110.856260025573903, -7.5704050803936 ], [ 110.855831201051231, -7.570107856862299 ], [ 110.855614257405591, -7.569986937993371 ], [ 110.855447766027609, -7.569891211770758 ], [ 110.855311532343137, -7.569855919962995 ], [ 110.855129874536146, -7.569845789035198 ], [ 110.855028948303726, -7.569855826066429 ], [ 110.854968389533568, -7.569870911349637 ], [ 110.854857359216723, -7.569916192488129 ], [ 110.854751369513068, -7.569976580706792 ], [ 110.854660510238844, -7.570062149961212 ], [ 110.854504016022346, -7.57025343891083 ], [ 110.854387900099908, -7.570414529530367 ], [ 110.854307102534392, -7.570590738257202 ], [ 110.854226294753502, -7.570797157819578 ], [ 110.85415052504176, -7.571028755969269 ], [ 110.854135321797628, -7.57122009203121 ], [ 110.854190720018863, -7.571547405092111 ], [ 110.854347035678515, -7.571889857313991 ], [ 110.854614324379895, -7.572363264144817 ], [ 110.854911881400426, -7.572861856906388 ], [ 110.855022838430713, -7.573038129555238 ], [ 110.855058130182996, -7.57313381141531 ], [ 110.855083337088772, -7.573204313904582 ], [ 110.855083318585471, -7.573259702575332 ], [ 110.855088336626963, -7.573345303775401 ], [ 110.855068119926301, -7.573440968071848 ], [ 110.855002428176604, -7.573712852038194 ], [ 110.854881183203034, -7.574120669943851 ], [ 110.854765028483556, -7.574397572792968 ], [ 110.854588299742844, -7.574729843155589 ], [ 110.854527720008136, -7.574805351866273 ], [ 110.854457056297136, -7.574855681187736 ], [ 110.854290532099739, -7.574855625515186 ], [ 110.854174472397972, -7.574845516091181 ], [ 110.854043277940846, -7.574825330980156 ], [ 110.853932276778991, -7.57477997659136 ], [ 110.853791003533289, -7.574719505684884 ], [ 110.853700199112538, -7.574638910516397 ], [ 110.853125079089097, -7.574205681827517 ], [ 110.852963629909411, -7.574120026939157 ], [ 110.852691171418797, -7.574014194203161 ], [ 110.852353102762947, -7.57393854991698 ], [ 110.851964552525729, -7.573918276887008 ], [ 110.851757659186632, -7.573918206533231 ], [ 110.850874663780729, -7.573661105722739 ], [ 110.849628413213111, -7.57320750107567 ], [ 110.849027995207052, -7.572985740591341 ], [ 110.848659688716353, -7.572799306564548 ], [ 110.848483115206264, -7.572678398193172 ], [ 110.848296432695278, -7.572602804310415 ], [ 110.848160200551391, -7.57256247452276 ], [ 110.847988635948582, -7.572547308374152 ], [ 110.847917991288696, -7.572542248882757 ], [ 110.847796872534659, -7.572572418341014 ], [ 110.847742023905681, -7.57259110207759 ], [ 110.847692230158003, -7.572415837709141 ], [ 110.84764938829764, -7.572373058256635 ], [ 110.847397060704623, -7.572220917085306 ], [ 110.84713998882674, -7.572016506213652 ], [ 110.846930521797404, -7.571854876392714 ], [ 110.846821057021373, -7.57168852992811 ], [ 110.846668788366216, -7.571370116408489 ], [ 110.84660217384679, -7.571222791799591 ], [ 110.846554602175061, -7.571089729012489 ], [ 110.846496208689942, -7.570838168193631 ], [ 110.846493551664977, -7.570776692645276 ], [ 110.846456091307786, -7.570664422247413 ], [ 110.84659809705478, -7.570618065072082 ], [ 110.846776692048451, -7.570550417174109 ], [ 110.846751729764492, -7.570443496300454 ], [ 110.846705457486635, -7.570001576507877 ], [ 110.846659153816191, -7.56964875056199 ], [ 110.846652098232767, -7.569402850518212 ], [ 110.846648561805495, -7.569303064283619 ], [ 110.846652153634025, -7.569246045940124 ], [ 110.846780847514324, -7.568896844626146 ], [ 110.846973846931363, -7.568490647136696 ], [ 110.847224013299751, -7.568013193938461 ], [ 110.847417005980091, -7.567621250443112 ], [ 110.847631449908533, -7.567165167617572 ], [ 110.847903100350422, -7.566523789739358 ], [ 110.848135461656696, -7.565893089099336 ], [ 110.848217684346082, -7.565661474330327 ], [ 110.848353524472401, -7.565294456700334 ], [ 110.848485792379677, -7.564931001785568 ], [ 110.848585895617887, -7.564631682393719 ], [ 110.848625238128207, -7.564467764290098 ], [ 110.848635960846082, -7.56444282175588 ], [ 110.848630307291941, -7.564441847380218 ], [ 110.848677418156825, -7.564200980120844 ], [ 110.848766481363555, -7.56369416817732 ], [ 110.848846166845618, -7.563340198300256 ], [ 110.848899808392417, -7.563137083721654 ], [ 110.848974878191612, -7.562930413447279 ], [ 110.849167871575261, -7.562527777887075 ], [ 110.849246488029692, -7.562392382643109 ], [ 110.849407261202188, -7.562214251250016 ], [ 110.849546583192804, -7.56210026004996 ], [ 110.849671503282465, -7.562324818536728 ], [ 110.849764301613931, -7.562488782285377 ], [ 110.849889243184748, -7.562649193065532 ], [ 110.850010631350159, -7.562759710975691 ], [ 110.85015701426083, -7.562884492572686 ], [ 110.850296263818208, -7.562980760500426 ], [ 110.850517652181153, -7.563084185461385 ], [ 110.850896168496533, -7.563223300524193 ], [ 110.851331817831976, -7.563390945006438 ], [ 110.851517503983899, -7.563462283018387 ], [ 110.851835295514093, -7.563637013987345 ], [ 110.852020979121448, -7.563719042911955 ], [ 110.852213805476836, -7.563797510168669 ], [ 110.852313798043454, -7.563815363179319 ], [ 110.852481648737907, -7.563826111101094 ], [ 110.852706650799291, -7.563808368894349 ], [ 110.853060229094467, -7.563769286746127 ], [ 110.853285231108813, -7.563751543335285 ], [ 110.853442371408633, -7.563751596159245 ], [ 110.853578076484297, -7.563773024888159 ], [ 110.853913766237525, -7.56382659306874 ], [ 110.854220877309345, -7.563905097704618 ], [ 110.854367286929929, -7.563955039134751 ], [ 110.854652952259428, -7.564086992843774 ], [ 110.855027884919267, -7.564268868571829 ], [ 110.855345684149242, -7.564429341880589 ], [ 110.855749185205127, -7.564621917596829 ], [ 110.855920585779529, -7.564696813039373 ], [ 110.856031288029243, -7.564728922973677 ], [ 110.85625269521141, -7.564782451633134 ], [ 110.856549105143912, -7.564825314634025 ], [ 110.857027640338941, -7.564914564787325 ], [ 110.857395465113058, -7.564996651117668 ], [ 110.857459744416815, -7.565014491278169 ], [ 110.857634712429615, -7.565103641452837 ], [ 110.857988223821138, -7.56527125253621 ], [ 110.858313164985702, -7.565438854055705 ], [ 110.858795219852624, -7.565688472147395 ], [ 110.859138020430493, -7.565848951726193 ], [ 110.8594986867204, -7.565984489625444 ], [ 110.859823653421259, -7.566073688139593 ], [ 110.86018077600275, -7.566123694416107 ], [ 110.860448623603247, -7.566145163373417 ], [ 110.860823613089863, -7.566163101459405 ], [ 110.861195037556357, -7.566163219843527 ], [ 110.861601870794729, -7.566190578555783 ] ] ] } },
{ "type": "Feature", "properties": { "Kelurahan": "Tegalharjo", "Kecamatan": "Jebres" }, "geometry": { "type": "Polygon", "coordinates": [ [ [ 110.831712685798877, -7.559004455494066 ], [ 110.832089303231712, -7.55905404887893 ], [ 110.832253516332557, -7.557817661047259 ], [ 110.832125225722692, -7.5577072134323 ], [ 110.832213901669064, -7.557265657936487 ], [ 110.833067955567216, -7.557332224316545 ], [ 110.833279672783121, -7.557345552654311 ], [ 110.834036376873073, -7.557398003936761 ], [ 110.83431520475763, -7.557306203667575 ], [ 110.834399848063285, -7.557278912323996 ], [ 110.834457103176604, -7.557271482185669 ], [ 110.83452182597604, -7.55726405487036 ], [ 110.834823016154886, -7.557279072632967 ], [ 110.835071935365661, -7.557286618592096 ], [ 110.835300946397908, -7.557279253194283 ], [ 110.83541047061486, -7.557284262400452 ], [ 110.835475198103282, -7.557264415190802 ], [ 110.835552378343067, -7.557224701054938 ], [ 110.835776519694278, -7.556931680117432 ], [ 110.835908520038558, -7.556740466426581 ], [ 110.835945893115976, -7.556648574283406 ], [ 110.836075476155017, -7.556268580251211 ], [ 110.836722624993499, -7.556393019382405 ], [ 110.836882071424156, -7.556030423010262 ], [ 110.837014104526375, -7.555749786728641 ], [ 110.837096289764062, -7.555640524445574 ], [ 110.837290572592693, -7.555307748309581 ], [ 110.837407660593627, -7.555054429786161 ], [ 110.837462427081761, -7.555044514367755 ], [ 110.837830868268682, -7.554942809334563 ], [ 110.838415885856605, -7.554798957901941 ], [ 110.83868225222227, -7.554741925489673 ], [ 110.838908780958548, -7.554712201688087 ], [ 110.839069339210255, -7.554694459832667 ], [ 110.839028667321855, -7.55491621395983 ], [ 110.838907062368222, -7.555404400378938 ], [ 110.83886058939737, -7.55552911450452 ], [ 110.83874620122711, -7.555817735300021 ], [ 110.83861039363029, -7.556081400984216 ], [ 110.838492475928959, -7.556255981156499 ], [ 110.838192305986254, -7.556740538131794 ], [ 110.838152943978784, -7.556950783775338 ], [ 110.838102889748058, -7.557100441823017 ], [ 110.838038516866604, -7.557339188435533 ], [ 110.837988479393331, -7.557446081986934 ], [ 110.837870521612302, -7.557724010059381 ], [ 110.837683038491519, -7.55769543013144 ], [ 110.837635359157105, -7.557861720434805 ], [ 110.837578120643528, -7.558123039559667 ], [ 110.837468454067107, -7.558512633505083 ], [ 110.837168063320291, -7.559581642602972 ], [ 110.837148971475131, -7.559700426402629 ], [ 110.837158471996986, -7.55976220216797 ], [ 110.837210799655807, -7.559900019448445 ], [ 110.83718213428287, -7.560151845725016 ], [ 110.837115424915794, -7.560270611751641 ], [ 110.837005847367024, -7.56042262372126 ], [ 110.836781897158886, -7.560812175633123 ], [ 110.836586134061022, -7.561108097738202 ], [ 110.836396737638566, -7.56141450791402 ], [ 110.83584641877529, -7.562294543244554 ], [ 110.835279168149427, -7.563216595030615 ], [ 110.835074744807088, -7.563078189087448 ], [ 110.834900684127035, -7.562965865164078 ], [ 110.834630209051582, -7.562821431285752 ], [ 110.834343655612415, -7.562695701270623 ], [ 110.834161543816492, -7.562623466366786 ], [ 110.833995489189888, -7.56258865685866 ], [ 110.833607121225782, -7.562545743540492 ], [ 110.833408918625494, -7.562526958675403 ], [ 110.832873247582739, -7.562443896975567 ], [ 110.832048318734948, -7.562304594783144 ], [ 110.83151532386924, -7.562229550567404 ], [ 110.831239236106327, -7.562186335665209 ], [ 110.831254906565206, -7.562051641270066 ], [ 110.831265682326816, -7.561894840902283 ], [ 110.831322949607397, -7.561570562854651 ], [ 110.831376664545715, -7.561196391847221 ], [ 110.831527004102412, -7.560312643134432 ], [ 110.831570010307985, -7.559924212816738 ], [ 110.831659526425057, -7.559321976279207 ], [ 110.831712685798877, -7.559004455494066 ] ] ] } },
{ "type": "Feature", "properties": { "Kelurahan": "Mojosongo", "Kecamatan": "Jebres" }, "geometry": { "type": "Polygon", "coordinates": [ [ [ 110.839017359406142, -7.532711729271143 ], [ 110.839025259484771, -7.53285790645079 ], [ 110.839033218481148, -7.532925504406217 ], [ 110.839050970794105, -7.533044391561386 ], [ 110.839066315517826, -7.533188075760879 ], [ 110.83922589649714, -7.533220395926451 ], [ 110.839356709386848, -7.533256065062131 ], [ 110.83952369238169, -7.533286054040024 ], [ 110.839632253355873, -7.533313467958735 ], [ 110.840093179183825, -7.533369508285344 ], [ 110.840121974702498, -7.533373009541432 ], [ 110.840132035826727, -7.533374095986842 ], [ 110.840548186632446, -7.53341903396175 ], [ 110.840871388299433, -7.533445972076776 ], [ 110.841096775627065, -7.533473027345143 ], [ 110.84119297196284, -7.533487973202147 ], [ 110.841516966523898, -7.533538309690085 ], [ 110.841745154660231, -7.533570905238085 ], [ 110.841749154138796, -7.533687627208285 ], [ 110.841838452555024, -7.53369993993702 ], [ 110.841951711632632, -7.533715557555928 ], [ 110.842776340042064, -7.533829263292122 ], [ 110.842779868655356, -7.533829749409545 ], [ 110.842938108789539, -7.53385156928903 ], [ 110.843048534000843, -7.533858237584053 ], [ 110.843737874333399, -7.533799826241115 ], [ 110.844059336491014, -7.533772587482527 ], [ 110.844237052532179, -7.533758912997665 ], [ 110.844258866717382, -7.533757233729682 ], [ 110.844464674231261, -7.533741397264659 ], [ 110.8448803619861, -7.533709410695119 ], [ 110.845396354737062, -7.53365260603768 ], [ 110.845426714552943, -7.533649264411165 ], [ 110.845440170996, -7.533277614892454 ], [ 110.846158003823405, -7.533122658460419 ], [ 110.846161298088688, -7.533121947719406 ], [ 110.846324517996649, -7.533092780109645 ], [ 110.84643681977181, -7.533072711769374 ], [ 110.846731866498786, -7.533019985402539 ], [ 110.846734726506071, -7.533019474415631 ], [ 110.846749202306739, -7.533073915725093 ], [ 110.846749154370698, -7.533210336938147 ], [ 110.846756320704756, -7.533292909689942 ], [ 110.846777896107525, -7.533318048060655 ], [ 110.846788689130506, -7.53331805183674 ], [ 110.846842651880564, -7.533314480465752 ], [ 110.846900207263147, -7.533325270425917 ], [ 110.846928967944933, -7.533379131464902 ], [ 110.846988956480715, -7.533438305111057 ], [ 110.846986091662089, -7.533447355258344 ], [ 110.847055082969092, -7.533478234312692 ], [ 110.847108143311971, -7.533501984289454 ], [ 110.847149397266008, -7.533520449247354 ], [ 110.847250867417102, -7.53355385703047 ], [ 110.847407713052391, -7.533546144150569 ], [ 110.847651277291803, -7.533468355244199 ], [ 110.847798783623816, -7.533320889818741 ], [ 110.847899028508735, -7.533176872440133 ], [ 110.847992350586907, -7.533142759052866 ], [ 110.848188053675528, -7.533137082903537 ], [ 110.848330028173734, -7.533152450120413 ], [ 110.848448968378563, -7.533198443561485 ], [ 110.848544916619659, -7.533150609509482 ], [ 110.848690769960101, -7.533045352348315 ], [ 110.848773265710832, -7.533062612942312 ], [ 110.848836527669746, -7.533215809606459 ], [ 110.848894074221093, -7.533252208644931 ], [ 110.848966987736958, -7.533238830751134 ], [ 110.849037976343169, -7.533242684281481 ], [ 110.849138946574683, -7.533235778293123 ], [ 110.849226483789536, -7.533240595435251 ], [ 110.849353574436037, -7.5332956860075 ], [ 110.84945668077539, -7.533355555295151 ], [ 110.849540612006422, -7.533381910808356 ], [ 110.849607756733278, -7.533405867947719 ], [ 110.849665305190854, -7.533437001372214 ], [ 110.84969647251188, -7.533468125735562 ], [ 110.849701864451561, -7.533503757780172 ], [ 110.849645144107853, -7.533552558070582 ], [ 110.849623783716368, -7.533652548477294 ], [ 110.849640349957212, -7.533747014115524 ], [ 110.849713560531029, -7.53378190598156 ], [ 110.849827437828921, -7.533824772923201 ], [ 110.84996564787717, -7.533856750792032 ], [ 110.849968971086085, -7.53385622185131 ], [ 110.850052241667726, -7.533842974871525 ], [ 110.85014896234668, -7.533789362326116 ], [ 110.850209013054339, -7.53375607561834 ], [ 110.850357464666232, -7.533596273990075 ], [ 110.850541547844145, -7.533409244182201 ], [ 110.850651646887329, -7.533394417812655 ], [ 110.850732534309941, -7.533555996563804 ], [ 110.85089734479152, -7.533768462551659 ], [ 110.851068162805831, -7.533948022184216 ], [ 110.85113715608837, -7.53391049775517 ], [ 110.851167442413015, -7.533894025839256 ], [ 110.851200094089592, -7.533876266614068 ], [ 110.851323019958613, -7.533838613032918 ], [ 110.851441712890391, -7.533906864394708 ], [ 110.851574764812824, -7.534068460688136 ], [ 110.851704243882423, -7.534154665062946 ], [ 110.851884078088204, -7.534269606604781 ], [ 110.851916402999606, -7.534423989123127 ], [ 110.851981111695778, -7.534556842008304 ], [ 110.85214147801662, -7.5345151519906 ], [ 110.852263549272635, -7.534514775282302 ], [ 110.852319016178257, -7.53452654076869 ], [ 110.852394825002676, -7.534542621583558 ], [ 110.852459554204742, -7.534618034069269 ], [ 110.852545831315638, -7.534801153984172 ], [ 110.852635729239708, -7.534916064925739 ], [ 110.852711541180184, -7.534998294342946 ], [ 110.852749843587063, -7.535039837947284 ], [ 110.852827944302149, -7.53508461430047 ], [ 110.852889717897042, -7.535003715645042 ], [ 110.853002372706044, -7.53484592371337 ], [ 110.853214428531302, -7.534771162304604 ], [ 110.853355748119341, -7.5347766063362 ], [ 110.853609176173151, -7.534965616490655 ], [ 110.853911627123011, -7.535183882255582 ], [ 110.853917536642498, -7.535188140239966 ], [ 110.853968880561695, -7.535250400082655 ], [ 110.854040962860367, -7.535337807611176 ], [ 110.854051787802533, -7.535350932945434 ], [ 110.854155823765964, -7.535423531498326 ], [ 110.854314067634206, -7.535456837165892 ], [ 110.854441884355481, -7.535396361078968 ], [ 110.85447580682812, -7.53533795236268 ], [ 110.854534004317344, -7.535237746900205 ], [ 110.854559161819296, -7.535194429862554 ], [ 110.854572918720663, -7.535170742778744 ], [ 110.854606267457214, -7.535125683538787 ], [ 110.854606775296503, -7.535124998041615 ], [ 110.854650277755297, -7.535108020999151 ], [ 110.854681939744097, -7.535095106979717 ], [ 110.85473518223165, -7.535093689091572 ], [ 110.854799939900374, -7.535085094520809 ], [ 110.854841680971148, -7.535054951729256 ], [ 110.854881977340298, -7.535040605001377 ], [ 110.854920835223979, -7.535023385775935 ], [ 110.854953934726296, -7.535016217151738 ], [ 110.854988470371822, -7.535016228591309 ], [ 110.855034519331696, -7.535011935362263 ], [ 110.855070494415457, -7.535011947271949 ], [ 110.855112224533713, -7.535011961083156 ], [ 110.855138131992817, -7.534994737552467 ], [ 110.855149649121856, -7.534978944816007 ], [ 110.855174118045682, -7.534961720807186 ], [ 110.855210096033844, -7.53495024463747 ], [ 110.855266225006275, -7.534925851501193 ], [ 110.855310839234804, -7.534910069699672 ], [ 110.855339627508329, -7.534884231057028 ], [ 110.855365536856326, -7.534861263478645 ], [ 110.855398640195375, -7.534839734735465 ], [ 110.855421667283323, -7.534829689827046 ], [ 110.855459737105605, -7.534794292910982 ], [ 110.855484207434969, -7.534772760406559 ], [ 110.855510113437703, -7.534759845330851 ], [ 110.855537462206982, -7.534736878216843 ], [ 110.855559054605678, -7.534712472741242 ], [ 110.855604629706335, -7.534682791566907 ], [ 110.855650687974929, -7.53465025752567 ], [ 110.855696749405041, -7.534608149486385 ], [ 110.855740886811432, -7.534581358836879 ], [ 110.855834927944699, -7.534499058344708 ], [ 110.855917455278146, -7.534422498077616 ], [ 110.85597119533216, -7.534368904465179 ], [ 110.855980811015954, -7.534299979210816 ], [ 110.855981751819712, -7.534253584906126 ], [ 110.855982215313361, -7.534230720181839 ], [ 110.855982506485631, -7.534216381900375 ], [ 110.856040067214238, -7.534212092349663 ], [ 110.856096272154716, -7.534209774313688 ], [ 110.856520431107413, -7.534060091883727 ], [ 110.856647193266454, -7.533984791561663 ], [ 110.856704634140442, -7.533950669988927 ], [ 110.856760692300199, -7.533826624408663 ], [ 110.856726289582113, -7.533654044248304 ], [ 110.856713700274653, -7.533584149242625 ], [ 110.856703315049828, -7.533526488395668 ], [ 110.856721656625709, -7.533395050067161 ], [ 110.856787033903643, -7.533375755211342 ], [ 110.856852172457621, -7.533418201861946 ], [ 110.856911972887488, -7.533441572039093 ], [ 110.856966645420869, -7.533468155383905 ], [ 110.857088754002675, -7.533554972696684 ], [ 110.857203817682432, -7.533641981257322 ], [ 110.85723211532023, -7.533663379100034 ], [ 110.857303053825618, -7.533674038184785 ], [ 110.857336197256799, -7.533679017800196 ], [ 110.857379034639649, -7.533685454218372 ], [ 110.857506838965577, -7.533621222329849 ], [ 110.857634630869015, -7.5335532798427 ], [ 110.857754901001002, -7.533496626652795 ], [ 110.857969376978673, -7.533462166019257 ], [ 110.858101180390022, -7.533484287552826 ], [ 110.858255784030064, -7.533577638849561 ], [ 110.858482416608894, -7.533668052709706 ], [ 110.858670666067368, -7.533659958783223 ], [ 110.858821128272069, -7.533621941094906 ], [ 110.859035826822435, -7.533658825456703 ], [ 110.859284531610626, -7.533740619101223 ], [ 110.859476886657902, -7.533852628055516 ], [ 110.859676832692656, -7.534005918623242 ], [ 110.859699738321012, -7.534110944122832 ], [ 110.859677582069253, -7.534246148909913 ], [ 110.859606294556286, -7.534302650988555 ], [ 110.859595143737209, -7.534377786635853 ], [ 110.859595565247403, -7.53451287653817 ], [ 110.859585048633079, -7.534760652768163 ], [ 110.859577840274596, -7.534770000118029 ], [ 110.859495102369877, -7.534877292963504 ], [ 110.859283167213022, -7.53489853572562 ], [ 110.859072292597659, -7.534891680895187 ], [ 110.858842819998287, -7.534933698542295 ], [ 110.85863228444866, -7.535035693529068 ], [ 110.858516579509242, -7.535216079465817 ], [ 110.858489951815116, -7.535257592545404 ], [ 110.858400250576324, -7.535453088688637 ], [ 110.858325123294989, -7.535505847090864 ], [ 110.858077002908232, -7.535611712965914 ], [ 110.857813684355719, -7.535691386390416 ], [ 110.857723240603548, -7.535752752145939 ], [ 110.857564583183205, -7.535860400755391 ], [ 110.857546949740609, -7.535872365224537 ], [ 110.857231142104595, -7.535993461480177 ], [ 110.857203040743002, -7.536014413066116 ], [ 110.857099711956096, -7.53609145524809 ], [ 110.857004126765858, -7.536210465759995 ], [ 110.856896875538439, -7.536392895622074 ], [ 110.856873265481411, -7.536491505285574 ], [ 110.856896606972256, -7.536559359461032 ], [ 110.856930708653806, -7.536658494550056 ], [ 110.856944365726363, -7.536712269507241 ], [ 110.856973131048875, -7.536825530459474 ], [ 110.856969572386959, -7.536913733240682 ], [ 110.856967536249201, -7.536964214043602 ], [ 110.856908057043682, -7.537095734798194 ], [ 110.856809408183651, -7.537152773815205 ], [ 110.856614856796568, -7.537165319866054 ], [ 110.85646827186423, -7.537189661806755 ], [ 110.856448670667021, -7.537275224300299 ], [ 110.856450724865326, -7.537335239727746 ], [ 110.856451639732612, -7.537361984612316 ], [ 110.856469586982868, -7.537484649596506 ], [ 110.8564905466569, -7.537562440640485 ], [ 110.856499489264323, -7.537718011009832 ], [ 110.85650498944085, -7.537845215576455 ], [ 110.856505440145057, -7.537855630969436 ], [ 110.856529389605782, -7.537957356164196 ], [ 110.856534158886646, -7.538041424151798 ], [ 110.856569641976236, -7.538165515055453 ], [ 110.856570091966489, -7.538167087349536 ], [ 110.856598825539535, -7.538310697612458 ], [ 110.85662758066303, -7.53838609770414 ], [ 110.856641952914572, -7.538439952503494 ], [ 110.856631132597329, -7.538522520123763 ], [ 110.85659924702405, -7.53858899483301 ], [ 110.856591533238813, -7.53860507740912 ], [ 110.856497962505955, -7.538712747822013 ], [ 110.856469162455355, -7.538773768961742 ], [ 110.856469150631924, -7.538809668716299 ], [ 110.856469072594408, -7.539046611436791 ], [ 110.856451024574355, -7.539229696362302 ], [ 110.85645100801807, -7.539279957103052 ], [ 110.856472570996544, -7.539348174348652 ], [ 110.856537303976907, -7.539416406653088 ], [ 110.85656246970423, -7.53946667474435 ], [ 110.856580445615478, -7.539502581298406 ], [ 110.856609213805328, -7.539538490483821 ], [ 110.856630786544429, -7.539574398214455 ], [ 110.856648758922674, -7.539621074601322 ], [ 110.856663128852759, -7.539682109891187 ], [ 110.856637653923784, -7.539888304206849 ], [ 110.856703606794213, -7.539891317230969 ], [ 110.856685243664145, -7.54025819665295 ], [ 110.856706829944201, -7.54025581022494 ], [ 110.856692327350075, -7.540598054882135 ], [ 110.856742582762536, -7.540933141153332 ], [ 110.856757138863443, -7.541166974203527 ], [ 110.856893828773579, -7.541257366699629 ], [ 110.857175550610691, -7.54136169261391 ], [ 110.8572784178034, -7.541399785154382 ], [ 110.857389980532915, -7.5412777612816 ], [ 110.857471592609485, -7.54120078436224 ], [ 110.857827604849746, -7.540864990935053 ], [ 110.857858746615477, -7.540850054807259 ], [ 110.858589993651591, -7.540946201755648 ], [ 110.858791356964531, -7.540972677590103 ], [ 110.859085741814255, -7.541011384174087 ], [ 110.859161314714299, -7.541021320811716 ], [ 110.859732692097012, -7.541085460349458 ], [ 110.860137421101086, -7.541130892714058 ], [ 110.860491111816316, -7.541188025358126 ], [ 110.860656212353987, -7.541214695015276 ], [ 110.860903611322229, -7.541255749965444 ], [ 110.86106244474324, -7.541282108113712 ], [ 110.861148166944147, -7.541313329505583 ], [ 110.861225092748398, -7.541407509037182 ], [ 110.861279521636604, -7.541497234544836 ], [ 110.861323162890386, -7.541498243410732 ], [ 110.861488288091053, -7.541502058744752 ], [ 110.862034416716057, -7.541455524631405 ], [ 110.862323718610767, -7.541454623457132 ], [ 110.862921676761303, -7.541523246653944 ], [ 110.862898303268238, -7.541648331737118 ], [ 110.862878662513026, -7.54175344231679 ], [ 110.862804616658408, -7.542149710436446 ], [ 110.862735797988421, -7.542518003561692 ], [ 110.862678030417541, -7.542827154677444 ], [ 110.862668846037963, -7.542876302634598 ], [ 110.862632038359081, -7.543036612043015 ], [ 110.862585977433938, -7.543237226280646 ], [ 110.862591646011168, -7.543557588666144 ], [ 110.862554586171939, -7.543554405590664 ], [ 110.861750371910887, -7.543314096730744 ], [ 110.861524176626759, -7.544000018377399 ], [ 110.861572464959565, -7.544040070031065 ], [ 110.86155443100823, -7.544184861909914 ], [ 110.861549606739743, -7.544273414383308 ], [ 110.861537586787477, -7.544359571984513 ], [ 110.861511144840421, -7.544548638196364 ], [ 110.861501525053384, -7.544632402152772 ], [ 110.861455873780002, -7.544890870096951 ], [ 110.86144385165062, -7.544986599874544 ], [ 110.861392231818044, -7.545157708668087 ], [ 110.861370630983117, -7.545207961658671 ], [ 110.861323835188813, -7.545294108222322 ], [ 110.861273441599806, -7.54538025273428 ], [ 110.861237442530722, -7.545455631972225 ], [ 110.861190655839081, -7.54551305745261 ], [ 110.861151058059946, -7.545588435540044 ], [ 110.861093406757433, -7.545872029536722 ], [ 110.861042968129141, -7.546101774826441 ], [ 110.861003340469267, -7.546270493873773 ], [ 110.860963722856368, -7.546410491850311 ], [ 110.860974491229129, -7.546485885931283 ], [ 110.861021229921761, -7.546579241776676 ], [ 110.861024815101629, -7.546618732915482 ], [ 110.861039191589924, -7.546661817731079 ], [ 110.8610412170069, -7.546700452648664 ], [ 110.861042767604488, -7.546730029934984 ], [ 110.861042745832336, -7.546798240090529 ], [ 110.861042714892292, -7.546895171310992 ], [ 110.861054561409503, -7.547012149814285 ], [ 110.861058380620364, -7.547096596449302 ], [ 110.861064103888836, -7.547171071686679 ], [ 110.86106859631721, -7.547225199088578 ], [ 110.861071380817421, -7.547254182462476 ], [ 110.861143336699826, -7.547239845243309 ], [ 110.861200902318231, -7.547225503443348 ], [ 110.861225368043733, -7.547219767178199 ], [ 110.861241199164255, -7.547212592615073 ], [ 110.861255212746286, -7.547052022855657 ], [ 110.861365784381945, -7.547009053673618 ], [ 110.861445556671015, -7.547049010394457 ], [ 110.861577285473686, -7.547122565794629 ], [ 110.861821867868585, -7.547286348107204 ], [ 110.86187863718861, -7.547373258338435 ], [ 110.861966685486166, -7.547556808448978 ], [ 110.861952558229135, -7.547562090306982 ], [ 110.861904301247151, -7.547581901475302 ], [ 110.861873074177254, -7.547598885804637 ], [ 110.861833328100928, -7.547630028514924 ], [ 110.861776550293527, -7.547666831171021 ], [ 110.861691374561545, -7.547748942991007 ], [ 110.86143865739912, -7.548085913737491 ], [ 110.861310882742515, -7.548244484492587 ], [ 110.861259780256219, -7.548284121094087 ], [ 110.861200163237669, -7.548323755890155 ], [ 110.861112165362343, -7.548354883206251 ], [ 110.860904962322337, -7.548374643725198 ], [ 110.860845358843207, -7.548371792538133 ], [ 110.860777242652901, -7.548360441986642 ], [ 110.860731832767911, -7.548349097755567 ], [ 110.860660878410457, -7.548337745377136 ], [ 110.860618305797487, -7.548332067373297 ], [ 110.860567218663988, -7.548323554434272 ], [ 110.860524645146498, -7.548320707731413 ], [ 110.860490585243909, -7.548320696861404 ], [ 110.860448009910598, -7.54832351638951 ], [ 110.860388396451143, -7.54834898819081 ], [ 110.860331621156647, -7.548377294010241 ], [ 110.860183996987274, -7.548476378855661 ], [ 110.859732592210008, -7.548824613828832 ], [ 110.859425985943076, -7.549036942278645 ], [ 110.85917045744408, -7.549280442233977 ], [ 110.858971705088422, -7.549498469521897 ], [ 110.858787161842969, -7.549657022086145 ], [ 110.858713348915984, -7.549707980803751 ], [ 110.858602640537242, -7.549750430023877 ], [ 110.858497605741178, -7.549801378600723 ], [ 110.858378388297439, -7.549826831720795 ], [ 110.858176856207606, -7.549860753840148 ], [ 110.858017904206932, -7.549877696415945 ], [ 110.857896436555791, -7.549884578717236 ], [ 110.857823420911259, -7.549916967585517 ], [ 110.857709140259175, -7.549916930389105 ], [ 110.857620261728286, -7.549897894576831 ], [ 110.857518690311139, -7.549866183366217 ], [ 110.857404423036627, -7.549828133273194 ], [ 110.857258408837254, -7.549796407498363 ], [ 110.85706794768636, -7.549777339286352 ], [ 110.856788602746335, -7.549758240967663 ], [ 110.856566403945322, -7.549720154368672 ], [ 110.856407684448826, -7.549713767528662 ], [ 110.856198160621048, -7.549745375831431 ], [ 110.855969587748632, -7.549783314280436 ], [ 110.855772776504807, -7.549770578128144 ], [ 110.855563279946281, -7.549719823971559 ], [ 110.855391880569442, -7.549656411987122 ], [ 110.855207786318076, -7.549586660109773 ], [ 110.855004655774749, -7.54948522464241 ], [ 110.854776123117617, -7.549402786598247 ], [ 110.854566635329405, -7.549326690394427 ], [ 110.854401574626095, -7.549294957332624 ], [ 110.854211118994385, -7.54926321664269 ], [ 110.854020674017875, -7.549199797772379 ], [ 110.85387465816936, -7.549174406494278 ], [ 110.853773075659262, -7.549174372517707 ], [ 110.85367148979563, -7.549187009756807 ], [ 110.853569894493432, -7.549224988545055 ], [ 110.853455597883766, -7.549275635195282 ], [ 110.853385743101143, -7.549326295822123 ], [ 110.853207926862638, -7.549465617962839 ], [ 110.853106308838676, -7.54957328845253 ], [ 110.85294114753232, -7.549839325320472 ], [ 110.852845853855698, -7.550016687881083 ], [ 110.852712456415759, -7.550225715674579 ], [ 110.852604471941532, -7.550384067944108 ], [ 110.852540937951872, -7.550517092709211 ], [ 110.852496462856635, -7.550612111085583 ], [ 110.852496428492785, -7.550713479175938 ], [ 110.852483686320667, -7.550846521072677 ], [ 110.85246457061254, -7.551049251724124 ], [ 110.85243911233735, -7.551232974277275 ], [ 110.852356511833378, -7.551423012235382 ], [ 110.852185035697659, -7.551587678542889 ], [ 110.851937313206662, -7.551923377943877 ], [ 110.851740429897021, -7.552119712644179 ], [ 110.851429259574516, -7.552335015253683 ], [ 110.851238749954618, -7.552455325365693 ], [ 110.850972053894651, -7.552575610312309 ], [ 110.850654579535203, -7.552657864025376 ], [ 110.850286302040942, -7.552771777283069 ], [ 110.850006914054291, -7.552873049520896 ], [ 110.849810073203258, -7.552942672781091 ], [ 110.849625927230633, -7.553018635939515 ], [ 110.849333821148221, -7.553176923921762 ], [ 110.848730524726676, -7.553601196364875 ], [ 110.848451078463796, -7.553867191809599 ], [ 110.848019205928765, -7.554278851436852 ], [ 110.847898536167136, -7.554392849632054 ], [ 110.847796939162691, -7.554430827035142 ], [ 110.84766995576777, -7.554443453996969 ], [ 110.847523925249831, -7.554456074272268 ], [ 110.847219178148592, -7.554449632153885 ], [ 110.846952527937447, -7.554430531941529 ], [ 110.846704916840196, -7.554436780716853 ], [ 110.846469987252391, -7.554487382221799 ], [ 110.846209639955518, -7.554601330814716 ], [ 110.845974692274908, -7.55470261607051 ], [ 110.845784214750665, -7.554727891315935 ], [ 110.84561914146623, -7.554727832993708 ], [ 110.845441382263971, -7.554696092038264 ], [ 110.845111243401689, -7.554676969131481 ], [ 110.844844608992489, -7.554613519228693 ], [ 110.844590671385518, -7.554556408394292 ], [ 110.84426054175519, -7.554511942386515 ], [ 110.843847852863234, -7.55453080187382 ], [ 110.843530393155817, -7.554562365425963 ], [ 110.843155783818133, -7.554619250688251 ], [ 110.84282562912172, -7.554644474455261 ], [ 110.842324070492381, -7.554618951198372 ], [ 110.841987585136934, -7.554593488027449 ], [ 110.841670160781902, -7.554530017817447 ], [ 110.841047217183231, -7.554398329332205 ], [ 110.840528209010529, -7.554345871305893 ], [ 110.840061590991638, -7.554264923396428 ], [ 110.839504517887363, -7.554136423746368 ], [ 110.839280729532987, -7.554103080380596 ], [ 110.839130742595145, -7.554121792294485 ], [ 110.838771069470539, -7.554131817095011 ], [ 110.838241747339907, -7.554124849756271 ], [ 110.836465330928959, -7.553978121750653 ], [ 110.836485007474124, -7.553408138250158 ], [ 110.836468603876682, -7.552802534605462 ], [ 110.83644169309558, -7.552575909633956 ], [ 110.836282877057343, -7.552166896376189 ], [ 110.836206294206562, -7.551963572606193 ], [ 110.836142316882899, -7.551750821589942 ], [ 110.836038291552725, -7.55145317512818 ], [ 110.83600474007028, -7.551313440709026 ], [ 110.83600292257789, -7.551181170054203 ], [ 110.836019878157103, -7.550775052128563 ], [ 110.836046013272835, -7.550778787863551 ], [ 110.836045478758649, -7.550746695296457 ], [ 110.836092207181366, -7.550086499077877 ], [ 110.836085633434536, -7.550002187887209 ], [ 110.836091644433822, -7.549903135101228 ], [ 110.836088107567022, -7.549820757212544 ], [ 110.836233106064256, -7.549841993008811 ], [ 110.836249984992406, -7.549602665236825 ], [ 110.836380631628572, -7.549128435849139 ], [ 110.836419669575832, -7.549139018565388 ], [ 110.83644130332425, -7.549100986738458 ], [ 110.836434882825202, -7.549013970033664 ], [ 110.836370212396972, -7.548784184793053 ], [ 110.836259891604868, -7.548769783411526 ], [ 110.836238336335327, -7.54869079452811 ], [ 110.836195175370051, -7.548664451719824 ], [ 110.836171212570065, -7.548607002479964 ], [ 110.836070688980442, -7.548585464040458 ], [ 110.83607074870072, -7.548426904526354 ], [ 110.8361817190236, -7.548307279529329 ], [ 110.836260981216711, -7.548290214646474 ], [ 110.836260606093219, -7.548268111313172 ], [ 110.836257746090226, -7.548099644744253 ], [ 110.836046816602774, -7.548078663753671 ], [ 110.835984163520124, -7.547903922356643 ], [ 110.836206583837054, -7.547750241347639 ], [ 110.836229123133009, -7.547680797733183 ], [ 110.836152400914671, -7.547611362150622 ], [ 110.836096085967952, -7.547592944777182 ], [ 110.835885932567749, -7.547629953339655 ], [ 110.835787423741905, -7.547355207168905 ], [ 110.835849206852885, -7.547076973466468 ], [ 110.835899694030928, -7.546756283085569 ], [ 110.835197024193803, -7.546633426771305 ], [ 110.835230477613962, -7.54612775521854 ], [ 110.835230762063375, -7.546123445949206 ], [ 110.835475527442426, -7.545484265076424 ], [ 110.835488977166335, -7.545163974173261 ], [ 110.835154268138666, -7.544501571807348 ], [ 110.835135671795953, -7.544205155834141 ], [ 110.834672286384404, -7.544064570653759 ], [ 110.834647051479777, -7.54405691477345 ], [ 110.83421232619321, -7.543937520479179 ], [ 110.833847284782308, -7.54385127220297 ], [ 110.833196886063604, -7.543596006134949 ], [ 110.832589543966606, -7.543572590824635 ], [ 110.832101736449928, -7.543403495089359 ], [ 110.832098752378471, -7.542535769691213 ], [ 110.83220168903469, -7.542400020409319 ], [ 110.832297976133773, -7.54229407507358 ], [ 110.832377663132235, -7.542204684241883 ], [ 110.832427517336484, -7.542019235512243 ], [ 110.832467358890611, -7.541979507536649 ], [ 110.832484056996464, -7.541707935450599 ], [ 110.83222520391935, -7.541664781380016 ], [ 110.832112365770698, -7.541658114820048 ], [ 110.83204930786637, -7.541658090615233 ], [ 110.831664590271444, -7.541546577379513 ], [ 110.831282741503372, -7.541435896216406 ], [ 110.831480053329528, -7.54103753855222 ], [ 110.831762268212586, -7.540467768263601 ], [ 110.831895902610384, -7.540197969772111 ], [ 110.832076562332603, -7.539833229209636 ], [ 110.832382183201901, -7.539081539169147 ], [ 110.832507461489016, -7.538721048561315 ], [ 110.832738407326318, -7.538056492296756 ], [ 110.832925301524355, -7.538099239546293 ], [ 110.832925685340186, -7.538098232000388 ], [ 110.832930097566347, -7.538099241377127 ], [ 110.832966247409828, -7.538015156277723 ], [ 110.833205629663595, -7.537375981594696 ], [ 110.83352662743296, -7.53726514093646 ], [ 110.83355830117641, -7.537211544465197 ], [ 110.833744194562996, -7.536837900497325 ], [ 110.833774197087138, -7.536521938775179 ], [ 110.833662778922488, -7.536001874639146 ], [ 110.833749691606343, -7.535636672470219 ], [ 110.833609685423909, -7.535529442041635 ], [ 110.833677956427223, -7.535329620112115 ], [ 110.833727877430235, -7.534965327447058 ], [ 110.83406297990949, -7.534079004370975 ], [ 110.834247768281884, -7.534127607332313 ], [ 110.834248298071572, -7.534126486768753 ], [ 110.834252565186972, -7.534127609148049 ], [ 110.834362172606603, -7.533895815274 ], [ 110.834528208478957, -7.533640859429479 ], [ 110.834604581198732, -7.533534906869547 ], [ 110.834684266441698, -7.533442202995929 ], [ 110.834747347916192, -7.533379300283778 ], [ 110.834813755734984, -7.533293214647342 ], [ 110.835129455392448, -7.532777573123274 ], [ 110.835129523416953, -7.532777463695717 ], [ 110.835129522453755, -7.532777613854239 ], [ 110.835138113652064, -7.532772973922247 ], [ 110.835258598936065, -7.532707896435673 ], [ 110.835442941335316, -7.532575168290829 ], [ 110.835583254400674, -7.532482632652868 ], [ 110.835675986635906, -7.532449871305087 ], [ 110.835811951885347, -7.532401837076289 ], [ 110.835933826634417, -7.532343746830892 ], [ 110.836096928458787, -7.532253348921072 ], [ 110.836227299622067, -7.532196548072239 ], [ 110.836265777984067, -7.532179783558057 ], [ 110.836460337135335, -7.532069139384689 ], [ 110.836507652612951, -7.532013022947415 ], [ 110.836521331441148, -7.531996800036764 ], [ 110.836583825645278, -7.531922681946726 ], [ 110.836645214067048, -7.53185314870867 ], [ 110.836890162708031, -7.531575696581321 ], [ 110.836974095864335, -7.531462850843184 ], [ 110.837030479332427, -7.531387043383805 ], [ 110.837179379219009, -7.531246118533574 ], [ 110.837370443942262, -7.531085400972893 ], [ 110.837918605335148, -7.531449190433412 ], [ 110.837955344236846, -7.531473572285091 ], [ 110.837957622517209, -7.531474940840434 ], [ 110.83847798880042, -7.531787615548089 ], [ 110.838536828150609, -7.531822969815708 ], [ 110.838511630345465, -7.531907787650705 ], [ 110.838493168526668, -7.531969932162028 ], [ 110.83857532274331, -7.532016767704994 ], [ 110.838665002219912, -7.532073483024107 ], [ 110.838717345372856, -7.532132784317934 ], [ 110.838742584790594, -7.532249177626221 ], [ 110.83874523592003, -7.532303689002511 ], [ 110.838785151793971, -7.53236055603305 ], [ 110.83883247160756, -7.532387671704934 ], [ 110.838887215171212, -7.53241972544635 ], [ 110.838929628354677, -7.532466681989644 ], [ 110.838942306476255, -7.532550893239118 ], [ 110.838954893151836, -7.532605373893769 ], [ 110.838981899775789, -7.53263212206065 ], [ 110.838987324659698, -7.532637495402263 ], [ 110.839017359406142, -7.532711729271143 ] ] ] } },
{ "type": "Feature", "properties": { "Kelurahan": "Setabelan", "Kecamatan": "Banjarsari" }, "geometry": { "type": "Polygon", "coordinates": [ [ [ 110.830055757892879, -7.558763859955874 ], [ 110.829732961879571, -7.55990479437228 ], [ 110.82947473142687, -7.560798579885125 ], [ 110.829016040963126, -7.562359316685892 ], [ 110.828356847691865, -7.564681809155045 ], [ 110.828499337562533, -7.564742812418355 ], [ 110.828332933420739, -7.56509149757576 ], [ 110.828332895943817, -7.565186303729715 ], [ 110.828274226873617, -7.565332497129554 ], [ 110.828225216857433, -7.565274141208112 ], [ 110.828160902498794, -7.565217468988171 ], [ 110.828024681732686, -7.565156991831301 ], [ 110.827718168079002, -7.565066235665623 ], [ 110.827551656852847, -7.565043510382311 ], [ 110.827411627543299, -7.565043454992577 ], [ 110.827063442408402, -7.565058423387706 ], [ 110.826764465244452, -7.565050751576865 ], [ 110.826582806339403, -7.565050679383592 ], [ 110.826488192213745, -7.565050641752917 ], [ 110.826420059332378, -7.565077049791965 ], [ 110.826191674910632, -7.565200323170059 ], [ 110.825699092199983, -7.565419787801545 ], [ 110.825382981841202, -7.565529246363351 ], [ 110.825074895864049, -7.565665436138774 ], [ 110.824997210396617, -7.565684114188423 ], [ 110.824940952834623, -7.565705473829849 ], [ 110.824890057224195, -7.565713471503008 ], [ 110.824855236362097, -7.565713457519823 ], [ 110.824804347219299, -7.56570541897252 ], [ 110.824753460063775, -7.56569470741644 ], [ 110.824697218846723, -7.565673302592169 ], [ 110.824587425616954, -7.56560911087909 ], [ 110.824456211002143, -7.565526201300389 ], [ 110.824314295379182, -7.565411214042228 ], [ 110.824180408635755, -7.565312266188566 ], [ 110.823920678034909, -7.565098337395255 ], [ 110.823722528129778, -7.564945907905046 ], [ 110.823580610721379, -7.56483626551574 ], [ 110.82352705691612, -7.564796152414375 ], [ 110.823457429468888, -7.564761377903401 ], [ 110.823390476596586, -7.564734622570799 ], [ 110.823331557749867, -7.564713216489572 ], [ 110.823243175593035, -7.564691798461249 ], [ 110.823302921360806, -7.564509973394337 ], [ 110.823563509415251, -7.563832177103102 ], [ 110.823677913505051, -7.563534453454944 ], [ 110.823957540117888, -7.562875672292191 ], [ 110.824116446718548, -7.562432249297835 ], [ 110.824129168097542, -7.562375234863714 ], [ 110.824135555715273, -7.562280204231095 ], [ 110.824141930506698, -7.562216851630293 ], [ 110.824154723676756, -7.561982442925925 ], [ 110.824142143358671, -7.561691003523653 ], [ 110.824199899875907, -7.560170499899614 ], [ 110.824225637148729, -7.559327886129574 ], [ 110.824270607626673, -7.558022785155027 ], [ 110.824257978617837, -7.557851721347658 ], [ 110.82543881851791, -7.558035925079855 ], [ 110.828149675329314, -7.558461481119918 ], [ 110.829489234371025, -7.558671078863783 ], [ 110.830055757892879, -7.558763859955874 ] ] ] } },
{ "type": "Feature", "properties": { "Kelurahan": "Keprabon", "Kecamatan": "Banjarsari" }, "geometry": { "type": "Polygon", "coordinates": [ [ [ 110.823243175593035, -7.564691798461249 ], [ 110.823331557749867, -7.564713216489572 ], [ 110.823390476596586, -7.564734622570799 ], [ 110.823457429468888, -7.564761377903401 ], [ 110.82352705691612, -7.564796152414375 ], [ 110.823580610721379, -7.56483626551574 ], [ 110.823722528129778, -7.564945907905046 ], [ 110.823920678034909, -7.565098337395255 ], [ 110.824180408635755, -7.565312266188566 ], [ 110.824314295379182, -7.565411214042228 ], [ 110.824456211002143, -7.565526201300389 ], [ 110.824587425616954, -7.56560911087909 ], [ 110.824697218846723, -7.565673302592169 ], [ 110.824753460063775, -7.56569470741644 ], [ 110.824804347219299, -7.56570541897252 ], [ 110.824855236362097, -7.565713457519823 ], [ 110.824890057224195, -7.565713471503008 ], [ 110.824940952834623, -7.565705473829849 ], [ 110.824997210396617, -7.565684114188423 ], [ 110.825074895864049, -7.565665436138774 ], [ 110.825382981841202, -7.565529246363351 ], [ 110.825699092199983, -7.565419787801545 ], [ 110.826191674910632, -7.565200323170059 ], [ 110.826369435952714, -7.565483629273381 ], [ 110.826497996687621, -7.565770692313292 ], [ 110.826528246066005, -7.565838680057662 ], [ 110.826524440263086, -7.565891549746897 ], [ 110.826222343024583, -7.56747211635081 ], [ 110.826286192524151, -7.567510377958884 ], [ 110.8267353094366, -7.567676249429146 ], [ 110.826507690722266, -7.568543251439443 ], [ 110.826268131087872, -7.569297583457289 ], [ 110.825614958132192, -7.571295780168732 ], [ 110.824405904070304, -7.570974531605501 ], [ 110.824405443521769, -7.570974620067753 ], [ 110.824406072306715, -7.570973221856596 ], [ 110.821912111507842, -7.570217561046555 ], [ 110.822017433703053, -7.569817351980535 ], [ 110.822513425079975, -7.567969164982222 ], [ 110.822432343001267, -7.567924288833972 ], [ 110.820900450787349, -7.567351683020958 ], [ 110.821152461845415, -7.566798517358724 ], [ 110.821484902819847, -7.566063633808342 ], [ 110.821535608102892, -7.566000629579345 ], [ 110.821685734447854, -7.565687082130832 ], [ 110.822275493339603, -7.564511290926081 ], [ 110.822525448258986, -7.564611177597325 ], [ 110.822864656538854, -7.564785938151784 ], [ 110.823046763255178, -7.56486797784978 ], [ 110.823157451876625, -7.564925042297067 ], [ 110.823243175593035, -7.564691798461249 ] ] ] } },
{ "type": "Feature", "properties": { "Kelurahan": "Timuran", "Kecamatan": "Banjarsari" }, "geometry": { "type": "Polygon", "coordinates": [ [ [ 110.818456414096588, -7.564846786890901 ], [ 110.818597932037832, -7.564891756745336 ], [ 110.82087965223927, -7.565825506436653 ], [ 110.821484902819847, -7.566063633808342 ], [ 110.821152461845415, -7.566798517358724 ], [ 110.820900450787349, -7.567351683020958 ], [ 110.822432343001267, -7.567924288833972 ], [ 110.822513425079975, -7.567969164982222 ], [ 110.822017433703053, -7.569817351980535 ], [ 110.821912111507842, -7.570217561046555 ], [ 110.819150773453089, -7.569380866080692 ], [ 110.817300261795168, -7.568780830813346 ], [ 110.817298313714744, -7.568778622847834 ], [ 110.816357469766587, -7.568452542785416 ], [ 110.81637658303336, -7.568389699555222 ], [ 110.816626981195654, -7.567536550068382 ], [ 110.81666712793556, -7.567384200391938 ], [ 110.816730267840029, -7.567020450763611 ], [ 110.816762801551008, -7.566816673105748 ], [ 110.816323901020951, -7.566591747291325 ], [ 110.816255200453199, -7.566563149334358 ], [ 110.816184586044116, -7.566547883007308 ], [ 110.816060525040868, -7.56654021240985 ], [ 110.815564276323357, -7.56652286211294 ], [ 110.81504129111012, -7.566543590419841 ], [ 110.814844699361402, -7.566537793728883 ], [ 110.814838991705514, -7.56649588984797 ], [ 110.814823773604985, -7.566375894986527 ], [ 110.814819983905309, -7.566311137072465 ], [ 110.814808548107436, -7.566271135781197 ], [ 110.814802840457531, -7.566229232804023 ], [ 110.814785681580375, -7.566183514917418 ], [ 110.814774242632808, -7.566153036929145 ], [ 110.814745625315723, -7.566122551643186 ], [ 110.814722727114244, -7.566109209468487 ], [ 110.814673110962005, -7.566088237656333 ], [ 110.814612038711502, -7.566074880155477 ], [ 110.814297128355506, -7.566027131449762 ], [ 110.814425414167246, -7.565078701750202 ], [ 110.814598726935657, -7.564199203001306 ], [ 110.814738373486861, -7.563346639671085 ], [ 110.814829327809548, -7.563367501475804 ], [ 110.815633935609199, -7.563690953564523 ], [ 110.817599437211072, -7.564485304400868 ], [ 110.818456414096588, -7.564846786890901 ] ] ] } },
{ "type": "Feature", "properties": { "Kelurahan": "Ketelan", "Kecamatan": "Banjarsari" }, "geometry": { "type": "Polygon", "coordinates": [ [ [ 110.823243175593035, -7.564691798461249 ], [ 110.823157451876625, -7.564925042297067 ], [ 110.823046763255178, -7.56486797784978 ], [ 110.822864656538854, -7.564785938151784 ], [ 110.822525448258986, -7.564611177597325 ], [ 110.822275493339603, -7.564511290926081 ], [ 110.821685734447854, -7.565687082130832 ], [ 110.821535608102892, -7.566000629579345 ], [ 110.821484902819847, -7.566063633808342 ], [ 110.82087965223927, -7.565825506436653 ], [ 110.818597932037832, -7.564891756745336 ], [ 110.818456414096588, -7.564846786890901 ], [ 110.818742517592426, -7.563902912489263 ], [ 110.819200331641596, -7.562268537952058 ], [ 110.819295702287036, -7.56194546517971 ], [ 110.819861572146479, -7.560007028934135 ], [ 110.820198555399202, -7.558835095981179 ], [ 110.820236735526152, -7.558626039382757 ], [ 110.820791238557149, -7.558318357229399 ], [ 110.820823614240439, -7.558458535433247 ], [ 110.820820029429768, -7.558490607296198 ], [ 110.820820001517035, -7.558558317958808 ], [ 110.820827107970032, -7.558647414677115 ], [ 110.820844909759202, -7.558779280230367 ], [ 110.820855603063407, -7.558829177075177 ], [ 110.82087344249247, -7.558871948841801 ], [ 110.820909143949123, -7.558900473724847 ], [ 110.820941266476908, -7.558946815354227 ], [ 110.820998386884753, -7.558996730334442 ], [ 110.821062643156836, -7.559064468259348 ], [ 110.821162598571405, -7.55916429323312 ], [ 110.821269695757181, -7.559267686019041 ], [ 110.821330376120486, -7.559346112648014 ], [ 110.821391040394872, -7.559463740606772 ], [ 110.821437419214774, -7.559581362712869 ], [ 110.821480230294029, -7.559691856248676 ], [ 110.821512317812093, -7.559823727617204 ], [ 110.821540839044559, -7.559944905509008 ], [ 110.821608623810235, -7.560115992809417 ], [ 110.821758416156655, -7.560611412746913 ], [ 110.821901079663746, -7.561074756387619 ], [ 110.821986685390769, -7.561334943792291 ], [ 110.822168672351836, -7.561705646487608 ], [ 110.822279292998758, -7.561926642686769 ], [ 110.822325699999695, -7.561976554039567 ], [ 110.822361398890621, -7.562012205912322 ], [ 110.8224078161075, -7.562037171034451 ], [ 110.822461379480487, -7.562055011049498 ], [ 110.822514944863144, -7.562065723953285 ], [ 110.822561373189998, -7.562065742837379 ], [ 110.822632798675215, -7.562069335884197 ], [ 110.822714930841414, -7.562090751486373 ], [ 110.822764921708242, -7.562108590917493 ], [ 110.822818482198599, -7.56213355889827 ], [ 110.82287918648133, -7.562154965767605 ], [ 110.822914889790923, -7.562179926487092 ], [ 110.822936303173108, -7.562215572515511 ], [ 110.8229505756766, -7.562247651640053 ], [ 110.82295056115305, -7.562283288971776 ], [ 110.822936259598876, -7.562322484510581 ], [ 110.822904087220536, -7.562397309227923 ], [ 110.822864774491848, -7.562465004842378 ], [ 110.822804019290913, -7.562568328176741 ], [ 110.822753975117806, -7.562678783863291 ], [ 110.822689637504482, -7.562810615954793 ], [ 110.822625291669297, -7.562960266247448 ], [ 110.822578788464256, -7.563145561121009 ], [ 110.822521566867678, -7.563341543641244 ], [ 110.822521530465508, -7.563430636511614 ], [ 110.822517922431643, -7.56351972883307 ], [ 110.822521460571622, -7.563601696051946 ], [ 110.822539279060592, -7.563694360190172 ], [ 110.822574960638775, -7.563772776478787 ], [ 110.822657042194237, -7.563918923199867 ], [ 110.822714139622079, -7.564029422417713 ], [ 110.822774803993383, -7.564147050182489 ], [ 110.822860452961663, -7.564303889425171 ], [ 110.822946116519375, -7.564425090418609 ], [ 110.823031781576404, -7.56454272829605 ], [ 110.823099611157716, -7.564606903374876 ], [ 110.823163871476311, -7.564667512991528 ], [ 110.823243175593035, -7.564691798461249 ] ] ] } },
{ "type": "Feature", "properties": { "Kelurahan": "Punggawan", "Kecamatan": "Banjarsari" }, "geometry": { "type": "Polygon", "coordinates": [ [ [ 110.815440889926649, -7.559224143016448 ], [ 110.815822818343733, -7.558490795168754 ], [ 110.815950229950388, -7.55812005314346 ], [ 110.81601995406912, -7.558115212331955 ], [ 110.816023429359589, -7.557882246400459 ], [ 110.816184406858724, -7.557878704980144 ], [ 110.816318336907983, -7.557865397241088 ], [ 110.816497802137249, -7.557849435600443 ], [ 110.816771022043568, -7.55781480403153 ], [ 110.817038878911589, -7.557793534156061 ], [ 110.817277280784779, -7.557753541667285 ], [ 110.818284486105313, -7.55752410185108 ], [ 110.818296543871242, -7.557564096996241 ], [ 110.818304054831401, -7.557616720756793 ], [ 110.818322110324345, -7.557675363390104 ], [ 110.818350711334006, -7.557735512901176 ], [ 110.818383834638794, -7.557789650711825 ], [ 110.818429014732416, -7.557836276559925 ], [ 110.818490765463807, -7.557887419478684 ], [ 110.818587163367297, -7.557953611643274 ], [ 110.818656456783572, -7.557983709238925 ], [ 110.818701649467926, -7.558000266259977 ], [ 110.818749859102255, -7.558007803254414 ], [ 110.818795056806962, -7.558012332203291 ], [ 110.818828203373172, -7.558010842566085 ], [ 110.818858341139872, -7.557998827912699 ], [ 110.818905056085455, -7.557977798859682 ], [ 110.818956297064815, -7.55794173772829 ], [ 110.819060289345686, -7.557860593893214 ], [ 110.819185379780109, -7.557767431610825 ], [ 110.819247165258119, -7.557737388391406 ], [ 110.819327028574847, -7.557710359435279 ], [ 110.819394836028295, -7.55769084245232 ], [ 110.819468665470168, -7.557681852619258 ], [ 110.819540983949238, -7.557683385914777 ], [ 110.819629871190742, -7.557693947319542 ], [ 110.819694652974619, -7.557704497846341 ], [ 110.819756418178613, -7.557721061603149 ], [ 110.81983324647085, -7.557746651938928 ], [ 110.819895008855696, -7.55777223604595 ], [ 110.820023049404526, -7.557830923071616 ], [ 110.820123981000535, -7.55786404026915 ], [ 110.820310775831373, -7.557936282878105 ], [ 110.820420745787004, -7.557972411423131 ], [ 110.820490039340115, -7.558002508730781 ], [ 110.820563848336377, -7.558043132554356 ], [ 110.820604517938037, -7.558065700197046 ], [ 110.820741558215815, -7.558223619317503 ], [ 110.82078993785349, -7.55831587726933 ], [ 110.820791238557149, -7.558318357229399 ], [ 110.820236735526152, -7.558626039382757 ], [ 110.820198555399202, -7.558835095981179 ], [ 110.819861572146479, -7.560007028934135 ], [ 110.819295702287036, -7.56194546517971 ], [ 110.819200331641596, -7.562268537952058 ], [ 110.818742517592426, -7.563902912489263 ], [ 110.818456414096588, -7.564846786890901 ], [ 110.817599437211072, -7.564485304400868 ], [ 110.815633935609199, -7.563690953564523 ], [ 110.814829327809548, -7.563367501475804 ], [ 110.814738373486861, -7.563346639671085 ], [ 110.81549451888678, -7.559570663784501 ], [ 110.815591951821432, -7.559376417888051 ], [ 110.815438380452662, -7.559239774727008 ], [ 110.815440889926649, -7.559224143016448 ] ] ] } },
{ "type": "Feature", "properties": { "Kelurahan": "Sumber", "Kecamatan": "Banjarsari" }, "geometry": { "type": "Polygon", "coordinates": [ [ [ 110.807393721953702, -7.544188042645615 ], [ 110.807599792786377, -7.544225552696061 ], [ 110.807703361963519, -7.544214906234701 ], [ 110.807814048910956, -7.544261283340362 ], [ 110.808031851407378, -7.54435403680591 ], [ 110.808256808588808, -7.54441828216522 ], [ 110.8084996245192, -7.544475408125403 ], [ 110.808767438350344, -7.544536108889892 ], [ 110.809020967931573, -7.544593240153175 ], [ 110.809328247402732, -7.544677185357179 ], [ 110.810466207403522, -7.545015819160772 ], [ 110.810851799523206, -7.545023267913282 ], [ 110.810849735921749, -7.545091158613459 ], [ 110.81087452238701, -7.545579400103658 ], [ 110.810881577759318, -7.545778972990179 ], [ 110.810906522155534, -7.545903714020403 ], [ 110.81093146966019, -7.546021327943843 ], [ 110.810967146201705, -7.546103309163832 ], [ 110.811034961866071, -7.546188868278513 ], [ 110.81119560514577, -7.546331487045058 ], [ 110.811334832860624, -7.54644558627843 ], [ 110.81144907438339, -7.546531165363064 ], [ 110.811527612392808, -7.546598909905093 ], [ 110.811616849205492, -7.546698733283924 ], [ 110.811731074804314, -7.546823512732032 ], [ 110.811870304357683, -7.546934048699417 ], [ 110.811991687562312, -7.54702319472487 ], [ 110.812180908390033, -7.5471480063057 ], [ 110.812309444558636, -7.54721220908867 ], [ 110.812555806499788, -7.547333481035269 ], [ 110.812702182489403, -7.547436892701927 ], [ 110.813066315453952, -7.54774352953476 ], [ 110.813387606758624, -7.548021637548037 ], [ 110.813605368115205, -7.548217736300646 ], [ 110.813851697465907, -7.548417410216647 ], [ 110.814080181979065, -7.548592130176464 ], [ 110.814269733155811, -7.54873179405435 ], [ 110.814504783517322, -7.54881100033056 ], [ 110.814611968403312, -7.548847818387814 ], [ 110.814615425191221, -7.548849005745327 ], [ 110.814512100256948, -7.549062726262928 ], [ 110.814469233602168, -7.549091218303553 ], [ 110.814390654551246, -7.549119695174215 ], [ 110.814308507634721, -7.549137478497714 ], [ 110.814222784928347, -7.54916951540338 ], [ 110.814040614899696, -7.549254967728669 ], [ 110.813765563746685, -7.549408091081839 ], [ 110.813372643151652, -7.549603929286173 ], [ 110.812904719052071, -7.549817553238634 ], [ 110.812486803509131, -7.550002687906971 ], [ 110.812118899111042, -7.550155770339537 ], [ 110.811725995631875, -7.550308841684542 ], [ 110.811400962342177, -7.550422741532733 ], [ 110.81113307270688, -7.550529537827967 ], [ 110.810761581938294, -7.550714690869711 ], [ 110.810490104928164, -7.550857122539528 ], [ 110.810036473310277, -7.551045803318111 ], [ 110.809818577606492, -7.551159747624387 ], [ 110.80948998260736, -7.551248698247491 ], [ 110.809350675805817, -7.551312784132596 ], [ 110.809207802123638, -7.551366178210941 ], [ 110.809104217195866, -7.551408897396944 ], [ 110.80900420287044, -7.55145161902331 ], [ 110.808929190548838, -7.551487223552732 ], [ 110.808804187598255, -7.551508551083018 ], [ 110.808679187770466, -7.551522751474934 ], [ 110.808432776640373, -7.551508388389367 ], [ 110.808282785762202, -7.551504758593502 ], [ 110.808089942400187, -7.551493982821899 ], [ 110.807736400808608, -7.551465317163078 ], [ 110.807543560636432, -7.551447414049242 ], [ 110.807272154779682, -7.551425912197053 ], [ 110.806786500483994, -7.55134373194164 ], [ 110.806350840963603, -7.551268700414892 ], [ 110.80616157565342, -7.551243670271641 ], [ 110.805929457947968, -7.551211493912197 ], [ 110.805729474245723, -7.55119714992803 ], [ 110.80560090927267, -7.551197092744399 ], [ 110.805429477549723, -7.551221962650809 ], [ 110.805343760196592, -7.551239742678566 ], [ 110.805233049437902, -7.551243257343914 ], [ 110.805147339147041, -7.551243219127949 ], [ 110.805029500613969, -7.551214656341236 ], [ 110.804897384889841, -7.55116826894017 ], [ 110.8047224257122, -7.551096916139093 ], [ 110.804579604393766, -7.551032705650994 ], [ 110.80444749358098, -7.550975627012864 ], [ 110.804372513036071, -7.550939956128794 ], [ 110.804297538218918, -7.550893594129297 ], [ 110.804254695483394, -7.550865064720765 ], [ 110.804233287398276, -7.550822290708128 ], [ 110.804201164052898, -7.550783074991728 ], [ 110.804190471240844, -7.550736741775225 ], [ 110.804169067980297, -7.550683275751709 ], [ 110.804151227319082, -7.55064763043604 ], [ 110.804129819254413, -7.55060485641846 ], [ 110.804104830046654, -7.550583463005185 ], [ 110.804051268884322, -7.550565619877367 ], [ 110.803976279717105, -7.550551331134063 ], [ 110.803901292860672, -7.550529915277024 ], [ 110.803833442625631, -7.550522757719791 ], [ 110.803740593564868, -7.550515588020003 ], [ 110.80366559707916, -7.550515554328952 ], [ 110.803608452462456, -7.550526220658639 ], [ 110.803551301408035, -7.550551140277044 ], [ 110.803494139783339, -7.55059744390222 ], [ 110.803458404758331, -7.55064731935181 ], [ 110.803433386602862, -7.550690073422224 ], [ 110.803404805878159, -7.550715006776879 ], [ 110.803376224243721, -7.550739940129143 ], [ 110.803326211360229, -7.550775554033751 ], [ 110.803283341311285, -7.550807608954248 ], [ 110.803229755277954, -7.550846785241713 ], [ 110.803190458350187, -7.550875277758655 ], [ 110.803144017665147, -7.550907330151909 ], [ 110.803094003836861, -7.550942944932839 ], [ 110.80304399161335, -7.550974996610035 ], [ 110.803004695568958, -7.551003488205319 ], [ 110.802976110665085, -7.551035549534586 ], [ 110.802940378772504, -7.551078297838379 ], [ 110.802901055974587, -7.551163809841229 ], [ 110.802840275133605, -7.551317022785962 ], [ 110.802811673336265, -7.551388284509501 ], [ 110.802783075469137, -7.551448855128311 ], [ 110.80276162226599, -7.551505864967492 ], [ 110.802740177135959, -7.551545056603678 ], [ 110.802686593288783, -7.55157710571949 ], [ 110.802633011957155, -7.551605590826754 ], [ 110.8026008563631, -7.551637650515818 ], [ 110.802543702582668, -7.55166613399758 ], [ 110.802500838148902, -7.551687496830406 ], [ 110.802475829546381, -7.551708868636694 ], [ 110.802429385483421, -7.551748048048658 ], [ 110.802393651859092, -7.551794360305483 ], [ 110.802336492474168, -7.551837099767565 ], [ 110.80230434008044, -7.551862031429432 ], [ 110.802268624250885, -7.551869142366915 ], [ 110.802243622106573, -7.551876259055763 ], [ 110.802204337984264, -7.551876241271848 ], [ 110.802129349375676, -7.55185838820576 ], [ 110.802043651237327, -7.551833403173637 ], [ 110.801957958691972, -7.551794163021323 ], [ 110.801829661821699, -7.551744503697339 ], [ 110.801773373270862, -7.551710194988796 ], [ 110.801731395513116, -7.551685416976968 ], [ 110.801676056291456, -7.551662536109695 ], [ 110.80161880195017, -7.551652987715897 ], [ 110.801553902854607, -7.551668194805702 ], [ 110.801500456142065, -7.551679597948361 ], [ 110.801445102156492, -7.551689096099484 ], [ 110.801203759875207, -7.552209297245391 ], [ 110.800992699526432, -7.552213030191583 ], [ 110.800887169774725, -7.552212982106025 ], [ 110.800812338018531, -7.552214862965678 ], [ 110.800740736726823, -7.552207356763016 ], [ 110.80073927358454, -7.552549897425324 ], [ 110.800608772900702, -7.552609192990435 ], [ 110.8005195149983, -7.552346907706964 ], [ 110.80051732955107, -7.55234871313353 ], [ 110.800388782605495, -7.552454899674766 ], [ 110.800290865617043, -7.552345842586793 ], [ 110.800148183319095, -7.552468984168422 ], [ 110.800063014467739, -7.552509306164271 ], [ 110.799967220257841, -7.552509262310325 ], [ 110.799801180246476, -7.552504938392239 ], [ 110.799620232726298, -7.552513352046754 ], [ 110.799541472494795, -7.552504819295456 ], [ 110.79944569885572, -7.552460165609525 ], [ 110.79934568309973, -7.552383646509969 ], [ 110.79928186276284, -7.552292273809457 ], [ 110.799190397927205, -7.55213716059986 ], [ 110.799158486771432, -7.552094661036073 ], [ 110.79913508038203, -7.552073407375357 ], [ 110.799113797505598, -7.552062776139623 ], [ 110.799071222850912, -7.552062756560445 ], [ 110.799043544992188, -7.552071241351344 ], [ 110.799000957577874, -7.552098836443036 ], [ 110.798966883745408, -7.552128561185408 ], [ 110.798926419827268, -7.552166778696229 ], [ 110.79889234107462, -7.552207123975137 ], [ 110.798807162340552, -7.552268688619288 ], [ 110.798753931978993, -7.552294154856014 ], [ 110.79868580390719, -7.552311117604348 ], [ 110.798596405663119, -7.552291958332309 ], [ 110.798532570742438, -7.552232449867546 ], [ 110.798494279472436, -7.552175077104634 ], [ 110.798470896730166, -7.552102841006175 ], [ 110.798475191861684, -7.5520221210581 ], [ 110.798496505221593, -7.551966900618834 ], [ 110.798551901350919, -7.551860712576156 ], [ 110.798628612671564, -7.551697180150833 ], [ 110.798677645195909, -7.55154213157292 ], [ 110.798686192191013, -7.55147203502851 ], [ 110.798681966820695, -7.551404056526727 ], [ 110.79865433126993, -7.551321197930969 ], [ 110.798626677048446, -7.551278700291383 ], [ 110.79856284030177, -7.551223439687441 ], [ 110.798509645471782, -7.551172432743048 ], [ 110.798439414743683, -7.551134164216202 ], [ 110.798352147132164, -7.551110757121809 ], [ 110.798169091557099, -7.551074559490703 ], [ 110.798054158979681, -7.551032021490754 ], [ 110.797939229305044, -7.550985234701688 ], [ 110.797820031152114, -7.550959688806742 ], [ 110.797658267364753, -7.550915004199117 ], [ 110.797634885812499, -7.550840644129639 ], [ 110.797551937311681, -7.550685534534021 ], [ 110.797409405239662, -7.550483663648148 ], [ 110.797328565503108, -7.550371040786885 ], [ 110.797239206327092, -7.550269034502984 ], [ 110.797183886417827, -7.550209529799188 ], [ 110.79708812434535, -7.550143633622394 ], [ 110.797024282017617, -7.550101118175052 ], [ 110.796962562160516, -7.550071349986755 ], [ 110.796892325801295, -7.550045826592225 ], [ 110.796845507517006, -7.550016065313623 ], [ 110.796807210709289, -7.549971437782695 ], [ 110.79675190371016, -7.549886441372757 ], [ 110.796683809693064, -7.549831179426796 ], [ 110.796575280596642, -7.549752530918719 ], [ 110.796502924849662, -7.54970788750618 ], [ 110.796424179113018, -7.549669614698445 ], [ 110.796328411311521, -7.549616463734152 ], [ 110.796298628027927, -7.549576088888413 ], [ 110.796266724391344, -7.54951659408191 ], [ 110.796226320172536, -7.549427356699214 ], [ 110.796210405089553, -7.54936757535862 ], [ 110.79620086407833, -7.549285123063286 ], [ 110.796205667877018, -7.549255252816652 ], [ 110.796234425409338, -7.549213444382401 ], [ 110.796258414384454, -7.549126227976927 ], [ 110.796270413516581, -7.549073658210402 ], [ 110.796272829116177, -7.5490294485258 ], [ 110.796268054971335, -7.54899598900607 ], [ 110.796253693382724, -7.548979254116198 ], [ 110.796223770866661, -7.548951757549697 ], [ 110.796186670148032, -7.548912308277083 ], [ 110.796108867286875, -7.548848942206313 ], [ 110.796108082857302, -7.548845776753383 ], [ 110.796240073468795, -7.548377402712966 ], [ 110.796447635984435, -7.547700396010512 ], [ 110.796760843325572, -7.546640727763405 ], [ 110.797682686052241, -7.54360890894773 ], [ 110.798199689829886, -7.541900733752593 ], [ 110.798475683807737, -7.541973619123253 ], [ 110.798738135732634, -7.542037887495036 ], [ 110.79905414756189, -7.542118216525767 ], [ 110.799378197739927, -7.542193203916702 ], [ 110.799755804221036, -7.542292269902188 ], [ 110.80011734606272, -7.542380638022752 ], [ 110.800476208561875, -7.542469004625747 ], [ 110.800885954388065, -7.542573430312092 ], [ 110.801132338865372, -7.542632343943625 ], [ 110.801282313559327, -7.542664485427107 ], [ 110.801745623442585, -7.542776953658032 ], [ 110.801949156737791, -7.542830501403601 ], [ 110.802527623802689, -7.542975094267272 ], [ 110.804188042353658, -7.543382106531647 ], [ 110.804637959348995, -7.543499910839348 ], [ 110.805152158706633, -7.543615070330056 ], [ 110.805492274681441, -7.543706096610779 ], [ 110.805623506496687, -7.543727537175601 ], [ 110.806110917186231, -7.543856048662053 ], [ 110.806512620495724, -7.543981847792259 ], [ 110.807184824174243, -7.544147858248733 ], [ 110.807393721953702, -7.544188042645615 ] ] ] } },
{ "type": "Feature", "properties": { "Kelurahan": "Banyuanyar", "Kecamatan": "Banjarsari" }, "geometry": { "type": "Polygon", "coordinates": [ [ [ 110.808357836848941, -7.534200929950105 ], [ 110.808467831607118, -7.534205901652248 ], [ 110.808653523000743, -7.534220237053933 ], [ 110.808915414931278, -7.534196593783608 ], [ 110.809120160852146, -7.534191931375623 ], [ 110.809282047511985, -7.534201505330331 ], [ 110.809434398625342, -7.534239584418448 ], [ 110.809586743541971, -7.534291918575237 ], [ 110.809758119277575, -7.534377522904169 ], [ 110.809881876334103, -7.534472609910261 ], [ 110.809929462849439, -7.534539153576398 ], [ 110.809972280707797, -7.53461995029186 ], [ 110.809996051202887, -7.534705490446105 ], [ 110.810024563723331, -7.534833797123292 ], [ 110.810019734754562, -7.53499059957992 ], [ 110.809991086728445, -7.53517114933358 ], [ 110.80995293833773, -7.535299427078262 ], [ 110.809852808543894, -7.535617744403589 ], [ 110.809676354542546, -7.53625438750221 ], [ 110.80958573915747, -7.536591715708576 ], [ 110.809495074958463, -7.537038330420978 ], [ 110.809442594634106, -7.537275890227091 ], [ 110.809390073863142, -7.53760373063238 ], [ 110.809347102032689, -7.537874555603802 ], [ 110.809356564936209, -7.538012357421844 ], [ 110.809385055505984, -7.538192932889883 ], [ 110.809446940749254, -7.538226220883502 ], [ 110.809532622674524, -7.538283278665413 ], [ 110.809656402426583, -7.538330848683589 ], [ 110.809761141147078, -7.538364155269547 ], [ 110.809880166738679, -7.538392717234934 ], [ 110.809961104642383, -7.538411759216737 ], [ 110.810108708110107, -7.538421326700401 ], [ 110.810318201067886, -7.538454678594363 ], [ 110.810489610469432, -7.53846900797465 ], [ 110.810713400652162, -7.538473856532161 ], [ 110.810937167262082, -7.538530972841747 ], [ 110.811218066916226, -7.538602368809705 ], [ 110.811351382488994, -7.538621433127706 ], [ 110.81148945465479, -7.538650001964719 ], [ 110.811603712689077, -7.538692816534503 ], [ 110.811689404117089, -7.538730866171511 ], [ 110.811765566206063, -7.538783166815885 ], [ 110.811841722158832, -7.538849722567329 ], [ 110.811898829682903, -7.538921021826202 ], [ 110.811936888770589, -7.538997064599725 ], [ 110.812013016090603, -7.539130143310855 ], [ 110.812079614100981, -7.539277473039444 ], [ 110.812136684846635, -7.539434302082884 ], [ 110.812203291134495, -7.539562624966369 ], [ 110.812255617635017, -7.539681439202901 ], [ 110.812298424130987, -7.53979074503006 ], [ 110.812360254584206, -7.539952327793418 ], [ 110.812398279966857, -7.540109148634573 ], [ 110.812422033942951, -7.540232701402136 ], [ 110.812445762248416, -7.540418025448249 ], [ 110.812440961768132, -7.540508304925529 ], [ 110.812436167422035, -7.54058432928299 ], [ 110.812431377165197, -7.540650850227236 ], [ 110.812402777666733, -7.540722112670169 ], [ 110.812364629454024, -7.540850390598168 ], [ 110.812302680151248, -7.540964403189318 ], [ 110.81225978754911, -7.541054666317228 ], [ 110.812212113964662, -7.541187691847613 ], [ 110.812154903661693, -7.541353975226134 ], [ 110.812112015087592, -7.541434734923893 ], [ 110.81205483546168, -7.541529742693748 ], [ 110.81197382510129, -7.541677008989704 ], [ 110.811926167768689, -7.541772021737549 ], [ 110.811897568110254, -7.541843284139958 ], [ 110.811873729168795, -7.541914548587445 ], [ 110.811840363753262, -7.541995312349344 ], [ 110.811849859434517, -7.542057087718262 ], [ 110.811864123816605, -7.542104610017323 ], [ 110.811864101242605, -7.542156877878264 ], [ 110.811883121109361, -7.542218657342379 ], [ 110.81189261565531, -7.54228518441633 ], [ 110.811873519855268, -7.542399216262553 ], [ 110.811849676772283, -7.542479984117829 ], [ 110.811811559930888, -7.54253698729679 ], [ 110.811768681439005, -7.542593988422943 ], [ 110.811754371875551, -7.542651001840659 ], [ 110.811740054093264, -7.54272702208084 ], [ 110.811735236999468, -7.542855314278193 ], [ 110.811696476802453, -7.543022793216079 ], [ 110.811710721682417, -7.543115456270341 ], [ 110.811714256803839, -7.543197423599906 ], [ 110.811724934217096, -7.543282958009846 ], [ 110.811703460126978, -7.543389860805451 ], [ 110.811667725096555, -7.543443301891111 ], [ 110.811653428725108, -7.543471805069061 ], [ 110.811624848035535, -7.543496738992805 ], [ 110.811581983297614, -7.543521666761041 ], [ 110.811514114581627, -7.54355727486302 ], [ 110.811385530214181, -7.543607111892894 ], [ 110.811164073333686, -7.543706800353244 ], [ 110.81108768006014, -7.543753113910775 ], [ 110.810899735167027, -7.543867054639557 ], [ 110.810731808363769, -7.544052295822742 ], [ 110.810674621369472, -7.544162747105155 ], [ 110.810638866004695, -7.54426251564249 ], [ 110.810640847870744, -7.54434096442657 ], [ 110.810640992234141, -7.544346676848418 ], [ 110.81064237704058, -7.544401503433655 ], [ 110.810656635678669, -7.544462093180883 ], [ 110.810674461787997, -7.544529811578819 ], [ 110.810703002322029, -7.544597534614204 ], [ 110.81077080686596, -7.544708039994244 ], [ 110.810813633060079, -7.544772205198607 ], [ 110.810842151957473, -7.544889821580727 ], [ 110.810852822133967, -7.544989610212355 ], [ 110.810851799523206, -7.545023267913282 ], [ 110.810466207403522, -7.545015819160772 ], [ 110.809328247402732, -7.544677185357179 ], [ 110.809020967931573, -7.544593240153175 ], [ 110.808767438350344, -7.544536108889892 ], [ 110.8084996245192, -7.544475408125403 ], [ 110.808256808588808, -7.54441828216522 ], [ 110.808031851407378, -7.54435403680591 ], [ 110.807814048910956, -7.544261283340362 ], [ 110.807703361963519, -7.544214906234701 ], [ 110.807599792786377, -7.544225552696061 ], [ 110.807393721953702, -7.544188042645615 ], [ 110.807184824174243, -7.544147858248733 ], [ 110.806512620495724, -7.543981847792259 ], [ 110.806110917186231, -7.543856048662053 ], [ 110.805623506496687, -7.543727537175601 ], [ 110.805492274681441, -7.543706096610779 ], [ 110.805152158706633, -7.543615070330056 ], [ 110.804637959348995, -7.543499910839348 ], [ 110.804188042353658, -7.543382106531647 ], [ 110.802527623802689, -7.542975094267272 ], [ 110.801949156737791, -7.542830501403601 ], [ 110.801745623442585, -7.542776953658032 ], [ 110.801282313559327, -7.542664485427107 ], [ 110.801132338865372, -7.542632343943625 ], [ 110.800885954388065, -7.542573430312092 ], [ 110.800476208561875, -7.542469004625747 ], [ 110.80011734606272, -7.542380638022752 ], [ 110.799755804221036, -7.542292269902188 ], [ 110.799378197739927, -7.542193203916702 ], [ 110.79905414756189, -7.542118216525767 ], [ 110.798738135732634, -7.542037887495036 ], [ 110.798475683807737, -7.541973619123253 ], [ 110.798199689829886, -7.541900733752593 ], [ 110.799874992846526, -7.536199041305663 ], [ 110.800571242393033, -7.533951586248892 ], [ 110.800632828585961, -7.533698335630964 ], [ 110.800621728125037, -7.533514314829568 ], [ 110.80076933220991, -7.533476617117672 ], [ 110.800812453137212, -7.533465412829829 ], [ 110.80094343047115, -7.53343137914471 ], [ 110.801178091761244, -7.533352179386677 ], [ 110.801488448403788, -7.533250356150866 ], [ 110.801609586546832, -7.533159775848783 ], [ 110.801711796727062, -7.53308429235584 ], [ 110.801791310830069, -7.532986140897884 ], [ 110.801851902144179, -7.532891756538254 ], [ 110.80191250543767, -7.532770937021207 ], [ 110.802117096804835, -7.53224232371426 ], [ 110.802200434430205, -7.532057314371129 ], [ 110.802245889711202, -7.531959147436576 ], [ 110.802295106295503, -7.531913851599626 ], [ 110.802336756625252, -7.531861000087082 ], [ 110.802385971478174, -7.53181948081839 ], [ 110.802446531711922, -7.53179307298091 ], [ 110.802503310978949, -7.531759110270072 ], [ 110.802575229461596, -7.53172137869989 ], [ 110.802650926279298, -7.531694976750886 ], [ 110.802741757185913, -7.531676135668924 ], [ 110.802798527879204, -7.531661055815273 ], [ 110.802878001425569, -7.53165353842721 ], [ 110.802942338256031, -7.531642237635123 ], [ 110.803040731076578, -7.531638505308426 ], [ 110.803101279315584, -7.531638532529784 ], [ 110.803176961659929, -7.531646119703734 ], [ 110.803248850205961, -7.531672587157017 ], [ 110.803309384828111, -7.53170282608067 ], [ 110.803362353309367, -7.531729285019392 ], [ 110.803415317486866, -7.531763297110317 ], [ 110.803729315854369, -7.531974920083864 ], [ 110.803876856348936, -7.532076951125206 ], [ 110.804081139703243, -7.532228101237795 ], [ 110.804349746555516, -7.532398161992968 ], [ 110.804463240624173, -7.532473742474165 ], [ 110.804531344216755, -7.532503984611903 ], [ 110.80459566343265, -7.532534225050854 ], [ 110.804686465693592, -7.53257958270822 ], [ 110.804731876522069, -7.532579602956718 ], [ 110.804788642201331, -7.532575851681294 ], [ 110.804852988480633, -7.532545668618049 ], [ 110.804951410209028, -7.532477735821869 ], [ 110.805049821779363, -7.532432462480808 ], [ 110.805186087176281, -7.532360769892419 ], [ 110.805409410089666, -7.532247575369786 ], [ 110.80554945302103, -7.532190990665478 ], [ 110.805674355925944, -7.532141952359757 ], [ 110.805738693673391, -7.532130651157586 ], [ 110.805833297170096, -7.532138246267214 ], [ 110.805890057744591, -7.532145823682513 ], [ 110.805954382047389, -7.532164735088198 ], [ 110.806026272537807, -7.53218742551156 ], [ 110.806086807432905, -7.532217664057428 ], [ 110.806151128399165, -7.53224412769004 ], [ 110.806234364585009, -7.532285706004767 ], [ 110.806306245049086, -7.532331054958414 ], [ 110.806635382821668, -7.53254268258383 ], [ 110.806813186697198, -7.532671161176615 ], [ 110.806903977524954, -7.532742954441053 ], [ 110.806968285249567, -7.532799629692306 ], [ 110.807002332148471, -7.532826079858295 ], [ 110.807040156757949, -7.532867638009401 ], [ 110.807070415935783, -7.532901638758471 ], [ 110.807093102996376, -7.532943190236451 ], [ 110.807108225526477, -7.532977185220012 ], [ 110.807130914264533, -7.533014960116006 ], [ 110.807153601336978, -7.533056510686364 ], [ 110.807183857196947, -7.533098065492578 ], [ 110.807210320323833, -7.533158500626586 ], [ 110.807274576415821, -7.533332246197915 ], [ 110.80730482062593, -7.533400236151782 ], [ 110.807323713328529, -7.533464444528541 ], [ 110.80733503982006, -7.53352487299496 ], [ 110.807335011457837, -7.533589073046247 ], [ 110.807327412633867, -7.53365704544273 ], [ 110.807312239244126, -7.533740121733414 ], [ 110.807297076623342, -7.533796761962891 ], [ 110.807281904891624, -7.533876060767193 ], [ 110.807270521653692, -7.533944032400505 ], [ 110.807270496618514, -7.534000679290463 ], [ 110.807270468244965, -7.534064879340099 ], [ 110.807270446547577, -7.534113973069909 ], [ 110.807281779721933, -7.534159296121097 ], [ 110.807304465196893, -7.53420462326326 ], [ 110.807334719479798, -7.534249954639151 ], [ 110.807372545909985, -7.534287736182891 ], [ 110.807440653331284, -7.534310424718216 ], [ 110.807527686867374, -7.534321791820676 ], [ 110.807599587796304, -7.53432182341952 ], [ 110.807679058437131, -7.534321858331349 ], [ 110.807769881379656, -7.534321898212634 ], [ 110.807875842690166, -7.534318169041347 ], [ 110.808004520392032, -7.534291789416211 ], [ 110.80805372245915, -7.534276705568445 ], [ 110.808091570561402, -7.534265392415348 ], [ 110.808121851518962, -7.534250300266834 ], [ 110.808197562662727, -7.534193686533507 ], [ 110.808357836848941, -7.534200929950105 ] ] ] } },
{ "type": "Feature", "properties": { "Kelurahan": "Kestalan", "Kecamatan": "Banjarsari" }, "geometry": { "type": "Polygon", "coordinates": [ [ [ 110.824129168097542, -7.562375234863714 ], [ 110.824116446718548, -7.562432249297835 ], [ 110.823957540117888, -7.562875672292191 ], [ 110.823677913505051, -7.563534453454944 ], [ 110.823563509415251, -7.563832177103102 ], [ 110.823302921360806, -7.564509973394337 ], [ 110.823243175593035, -7.564691798461249 ], [ 110.823163871476311, -7.564667512991528 ], [ 110.823099611157716, -7.564606903374876 ], [ 110.823031781576404, -7.56454272829605 ], [ 110.822946116519375, -7.564425090418609 ], [ 110.822860452961663, -7.564303889425171 ], [ 110.822774803993383, -7.564147050182489 ], [ 110.822714139622079, -7.564029422417713 ], [ 110.822657042194237, -7.563918923199867 ], [ 110.822574960638775, -7.563772776478787 ], [ 110.822539279060592, -7.563694360190172 ], [ 110.822521460571622, -7.563601696051946 ], [ 110.822517922431643, -7.56351972883307 ], [ 110.822521530465508, -7.563430636511614 ], [ 110.822521566867678, -7.563341543641244 ], [ 110.822578788464256, -7.563145561121009 ], [ 110.822625291669297, -7.562960266247448 ], [ 110.822689637504482, -7.562810615954793 ], [ 110.822753975117806, -7.562678783863291 ], [ 110.822804019290913, -7.562568328176741 ], [ 110.822864774491848, -7.562465004842378 ], [ 110.822904087220536, -7.562397309227923 ], [ 110.822936259598876, -7.562322484510581 ], [ 110.82295056115305, -7.562283288971776 ], [ 110.8229505756766, -7.562247651640053 ], [ 110.822936303173108, -7.562215572515511 ], [ 110.822914889790923, -7.562179926487092 ], [ 110.82287918648133, -7.562154965767605 ], [ 110.822818482198599, -7.56213355889827 ], [ 110.822764921708242, -7.562108590917493 ], [ 110.822714930841414, -7.562090751486373 ], [ 110.822632798675215, -7.562069335884197 ], [ 110.822561373189998, -7.562065742837379 ], [ 110.822514944863144, -7.562065723953285 ], [ 110.822461379480487, -7.562055011049498 ], [ 110.8224078161075, -7.562037171034451 ], [ 110.822361398890621, -7.562012205912322 ], [ 110.822325699999695, -7.561976554039567 ], [ 110.822279292998758, -7.561926642686769 ], [ 110.822168672351836, -7.561705646487608 ], [ 110.821986685390769, -7.561334943792291 ], [ 110.821901079663746, -7.561074756387619 ], [ 110.821758416156655, -7.560611412746913 ], [ 110.821608623810235, -7.560115992809417 ], [ 110.821540839044559, -7.559944905509008 ], [ 110.821512317812093, -7.559823727617204 ], [ 110.821480230294029, -7.559691856248676 ], [ 110.821437419214774, -7.559581362712869 ], [ 110.821391040394872, -7.559463740606772 ], [ 110.821330376120486, -7.559346112648014 ], [ 110.821269695757181, -7.559267686019041 ], [ 110.821162598571405, -7.55916429323312 ], [ 110.821062643156836, -7.559064468259348 ], [ 110.820998386884753, -7.558996730334442 ], [ 110.820941266476908, -7.558946815354227 ], [ 110.820909143949123, -7.558900473724847 ], [ 110.82087344249247, -7.558871948841801 ], [ 110.820855603063407, -7.558829177075177 ], [ 110.820844909759202, -7.558779280230367 ], [ 110.820827107970032, -7.558647414677115 ], [ 110.820820001517035, -7.558558317958808 ], [ 110.820820029429768, -7.558490607296198 ], [ 110.820823614240439, -7.558458535433247 ], [ 110.820791238557149, -7.558318357229399 ], [ 110.82078993785349, -7.55831587726933 ], [ 110.820741558215815, -7.558223619317503 ], [ 110.820604517938037, -7.558065700197046 ], [ 110.820563848336377, -7.558043132554356 ], [ 110.820490039340115, -7.558002508730781 ], [ 110.820420745787004, -7.557972411423131 ], [ 110.820310775831373, -7.557936282878105 ], [ 110.820123981000535, -7.55786404026915 ], [ 110.820023049404526, -7.557830923071616 ], [ 110.819895008855696, -7.55777223604595 ], [ 110.81983324647085, -7.557746651938928 ], [ 110.819756418178613, -7.557721061603149 ], [ 110.819694652974619, -7.557704497846341 ], [ 110.819629871190742, -7.557693947319542 ], [ 110.819540983949238, -7.557683385914777 ], [ 110.819468665470168, -7.557681852619258 ], [ 110.819394836028295, -7.55769084245232 ], [ 110.819327028574847, -7.557710359435279 ], [ 110.819247165258119, -7.557737388391406 ], [ 110.819185379780109, -7.557767431610825 ], [ 110.819060289345686, -7.557860593893214 ], [ 110.818956297064815, -7.55794173772829 ], [ 110.818905056085455, -7.557977798859682 ], [ 110.818858341139872, -7.557998827912699 ], [ 110.818828203373172, -7.558010842566085 ], [ 110.818795056806962, -7.558012332203291 ], [ 110.818749859102255, -7.558007803254414 ], [ 110.818701649467926, -7.558000266259977 ], [ 110.818656456783572, -7.557983709238925 ], [ 110.818587163367297, -7.557953611643274 ], [ 110.818490765463807, -7.557887419478684 ], [ 110.818429014732416, -7.557836276559925 ], [ 110.818383834638794, -7.557789650711825 ], [ 110.818350711334006, -7.557735512901176 ], [ 110.818322110324345, -7.557675363390104 ], [ 110.818304054831401, -7.557616720756793 ], [ 110.818296543871242, -7.557564096996241 ], [ 110.818284486105313, -7.55752410185108 ], [ 110.818291692537443, -7.55752237621775 ], [ 110.820082431610757, -7.557093693236648 ], [ 110.820882459002476, -7.556921595785067 ], [ 110.823114519331511, -7.556441439156461 ], [ 110.824084116120233, -7.556211200779128 ], [ 110.824086281933788, -7.556210686046724 ], [ 110.824091468699535, -7.556231275248044 ], [ 110.824228536439989, -7.556784959930733 ], [ 110.824242255075816, -7.556875161948898 ], [ 110.824273909873, -7.557096917389531 ], [ 110.824273720360409, -7.557565746948814 ], [ 110.824257978617837, -7.557851721347658 ], [ 110.824270607626673, -7.558022785155027 ], [ 110.824225637148729, -7.559327886129574 ], [ 110.824199899875907, -7.560170499899614 ], [ 110.824142143358671, -7.561691003523653 ], [ 110.824154723676756, -7.561982442925925 ], [ 110.824141930506698, -7.562216851630293 ], [ 110.824135555715273, -7.562280204231095 ], [ 110.824129168097542, -7.562375234863714 ] ] ] } },
{ "type": "Feature", "properties": { "Kelurahan": "Gilingan", "Kecamatan": "Banjarsari" }, "geometry": { "type": "Polygon", "coordinates": [ [ [ 110.824257978617837, -7.557851721347658 ], [ 110.824273720360409, -7.557565746948814 ], [ 110.824273909873, -7.557096917389531 ], [ 110.824242255075816, -7.556875161948898 ], [ 110.824228536439989, -7.556784959930733 ], [ 110.824091468699535, -7.556231275248044 ], [ 110.824086281933788, -7.556210686046724 ], [ 110.824084116120233, -7.556211200779128 ], [ 110.823114519331511, -7.556441439156461 ], [ 110.820882459002476, -7.556921595785067 ], [ 110.820082431610757, -7.557093693236648 ], [ 110.818291692537443, -7.55752237621775 ], [ 110.818284486105313, -7.55752410185108 ], [ 110.818281826202906, -7.557481335397323 ], [ 110.818263124359419, -7.557366397495746 ], [ 110.818228346646748, -7.557264817014385 ], [ 110.818196253222382, -7.557149872628974 ], [ 110.818148077444675, -7.557061650676045 ], [ 110.818094556623876, -7.556944025258185 ], [ 110.818095585240783, -7.556918627175405 ], [ 110.818099969903102, -7.556810387272916 ], [ 110.818105396808605, -7.556642002956083 ], [ 110.818097408642046, -7.556529742511954 ], [ 110.818070745567496, -7.556238395690231 ], [ 110.818060114527711, -7.556040604349449 ], [ 110.818041424887682, -7.555898938208576 ], [ 110.818030742412262, -7.555824095074265 ], [ 110.818014689166787, -7.555781323939359 ], [ 110.817969193365045, -7.555690429173971 ], [ 110.817829996045475, -7.555492584211698 ], [ 110.817570310297342, -7.555193121974733 ], [ 110.817414950184627, -7.555013645563724 ], [ 110.817347176813939, -7.554954983004146 ], [ 110.817300484864504, -7.554921887875797 ], [ 110.817261317616712, -7.554908340027683 ], [ 110.817190512517968, -7.554891772143294 ], [ 110.817122718964825, -7.554881219993621 ], [ 110.817080532872069, -7.554881202325747 ], [ 110.817032320453762, -7.55488118212901 ], [ 110.816970547263651, -7.554882659638809 ], [ 110.816898224838383, -7.554891649692387 ], [ 110.816818368869406, -7.554902140873606 ], [ 110.816691800086573, -7.55492914978067 ], [ 110.816551660637899, -7.554983214965618 ], [ 110.816477819551764, -7.55502076972126 ], [ 110.816378359304053, -7.555073349451989 ], [ 110.816256289229216, -7.555149973966897 ], [ 110.816138740766462, -7.555222090165172 ], [ 110.81602571201347, -7.555294208234777 ], [ 110.815957904431983, -7.555316730587196 ], [ 110.815893114194793, -7.555327227945844 ], [ 110.815781620252764, -7.5553346979006 ], [ 110.815692728237124, -7.55533466039198 ], [ 110.815615887878906, -7.555339138138898 ], [ 110.815555621475411, -7.555342119478024 ], [ 110.815478784674241, -7.555336073437722 ], [ 110.815386636111725, -7.55531999827818 ], [ 110.815344459344374, -7.555297929748752 ], [ 110.815312327372098, -7.55527586546364 ], [ 110.815270154019132, -7.55524577882238 ], [ 110.815225979561717, -7.5551976496868 ], [ 110.815201890375576, -7.555157547153146 ], [ 110.81517378619759, -7.555111429339242 ], [ 110.815165770690584, -7.555065320026566 ], [ 110.815151727951701, -7.555019208162534 ], [ 110.815139694045115, -7.554975102579503 ], [ 110.815117617063052, -7.554926982786752 ], [ 110.815095545200066, -7.554866834931022 ], [ 110.81507547700285, -7.554818715986642 ], [ 110.81504927458802, -7.55476213128889 ], [ 110.814995733048363, -7.55469796104645 ], [ 110.814949326758367, -7.554648048935873 ], [ 110.814877920788831, -7.554601690229076 ], [ 110.814802944185445, -7.55455532999674 ], [ 110.814720835115693, -7.55448402050138 ], [ 110.814667292751849, -7.554419851124033 ], [ 110.814624468104142, -7.554348558279949 ], [ 110.814599497905249, -7.554280836111704 ], [ 110.814581675990269, -7.554198862766562 ], [ 110.814567434137331, -7.554099072725386 ], [ 110.81457104124901, -7.554013544472038 ], [ 110.814578217777324, -7.553935144838847 ], [ 110.814588974061095, -7.553835365409129 ], [ 110.814628310031509, -7.55371421498396 ], [ 110.814656929817218, -7.553596624011883 ], [ 110.814689124170073, -7.55347190744807 ], [ 110.814717756973138, -7.553325806244514 ], [ 110.814753524349172, -7.553197527184049 ], [ 110.814786465571075, -7.553062197608543 ], [ 110.814841109221859, -7.552926066734365 ], [ 110.814898303960788, -7.552797796739951 ], [ 110.814998355543224, -7.552664793183223 ], [ 110.815117450932007, -7.552541300167807 ], [ 110.815227009738649, -7.552446314221577 ], [ 110.815469922742395, -7.552289612423817 ], [ 110.815641385221426, -7.552189899902602 ], [ 110.815836671336939, -7.55205693631982 ], [ 110.816017659139561, -7.551952476859714 ], [ 110.816227207277748, -7.551871786961555 ], [ 110.8164700895409, -7.551786359259263 ], [ 110.816693909824806, -7.551734185364139 ], [ 110.816846289749336, -7.551719994153551 ], [ 110.817089137851966, -7.551715344187035 ], [ 110.817270081315527, -7.5517154199043 ], [ 110.817451025687433, -7.551715495547002 ], [ 110.817551014472897, -7.551729792433303 ], [ 110.817789082929991, -7.551767904533723 ], [ 110.817960485043002, -7.551810741343076 ], [ 110.818136645868819, -7.551863082574991 ], [ 110.818355657561455, -7.551924944968072 ], [ 110.818488968727948, -7.551963014027001 ], [ 110.818655615190281, -7.551991592566798 ], [ 110.81929430847282, -7.550480834358424 ], [ 110.819826866495731, -7.550779993002929 ], [ 110.820393922267684, -7.551050541879579 ], [ 110.821020232773549, -7.551329562091757 ], [ 110.821570380484388, -7.551549419472848 ], [ 110.822188219964673, -7.551845329236546 ], [ 110.822941479994483, -7.552200424804668 ], [ 110.823288502247436, -7.552327275706094 ], [ 110.823770975416537, -7.552437286339901 ], [ 110.824160344990972, -7.552513469660786 ], [ 110.824507399447398, -7.552564293198558 ], [ 110.825040701729279, -7.552581401776333 ], [ 110.825641740026256, -7.552564747423887 ], [ 110.826090390500866, -7.552581820925595 ], [ 110.826539034284295, -7.552615788625962 ], [ 110.827021528831267, -7.552675111717394 ], [ 110.827504030221348, -7.552717539619289 ], [ 110.827783356153788, -7.552785228478667 ], [ 110.828494392717559, -7.552895324885401 ], [ 110.829137693903618, -7.553039182074452 ], [ 110.830034956703486, -7.553174690336941 ], [ 110.831313140205737, -7.553352580250393 ], [ 110.833090761515919, -7.553564447816616 ], [ 110.836429883887519, -7.5539751939499 ], [ 110.836465330928959, -7.553978121750653 ], [ 110.838241747339907, -7.554124849756271 ], [ 110.838771069470539, -7.554131817095011 ], [ 110.839130742595145, -7.554121792294485 ], [ 110.839076255162638, -7.554656749916795 ], [ 110.839069339210255, -7.554694459832667 ], [ 110.838908780958548, -7.554712201688087 ], [ 110.83868225222227, -7.554741925489673 ], [ 110.838415885856605, -7.554798957901941 ], [ 110.837830868268682, -7.554942809334563 ], [ 110.837462427081761, -7.555044514367755 ], [ 110.837407660593627, -7.555054429786161 ], [ 110.837290572592693, -7.555307748309581 ], [ 110.837096289764062, -7.555640524445574 ], [ 110.837014104526375, -7.555749786728641 ], [ 110.836882071424156, -7.556030423010262 ], [ 110.836722624993499, -7.556393019382405 ], [ 110.836075476155017, -7.556268580251211 ], [ 110.835945893115976, -7.556648574283406 ], [ 110.835908520038558, -7.556740466426581 ], [ 110.835776519694278, -7.556931680117432 ], [ 110.835552378343067, -7.557224701054938 ], [ 110.835475198103282, -7.557264415190802 ], [ 110.83541047061486, -7.557284262400452 ], [ 110.835300946397908, -7.557279253194283 ], [ 110.835071935365661, -7.557286618592096 ], [ 110.834823016154886, -7.557279072632967 ], [ 110.83452182597604, -7.55726405487036 ], [ 110.834457103176604, -7.557271482185669 ], [ 110.834399848063285, -7.557278912323996 ], [ 110.83431520475763, -7.557306203667575 ], [ 110.834036376873073, -7.557398003936761 ], [ 110.833279672783121, -7.557345552654311 ], [ 110.833067955567216, -7.557332224316545 ], [ 110.832213901669064, -7.557265657936487 ], [ 110.832125225722692, -7.5577072134323 ], [ 110.832253516332557, -7.557817661047259 ], [ 110.832089303231712, -7.55905404887893 ], [ 110.831712685798877, -7.559004455494066 ], [ 110.830055757892879, -7.558763859955874 ], [ 110.829489234371025, -7.558671078863783 ], [ 110.828149675329314, -7.558461481119918 ], [ 110.82543881851791, -7.558035925079855 ], [ 110.824257978617837, -7.557851721347658 ] ] ] } },
{ "type": "Feature", "properties": { "Kelurahan": "Manahan", "Kecamatan": "Banjarsari" }, "geometry": { "type": "Polygon", "coordinates": [ [ [ 110.81929430847282, -7.550480834358424 ], [ 110.818655615190281, -7.551991592566798 ], [ 110.818488968727948, -7.551963014027001 ], [ 110.818355657561455, -7.551924944968072 ], [ 110.818136645868819, -7.551863082574991 ], [ 110.817960485043002, -7.551810741343076 ], [ 110.817789082929991, -7.551767904533723 ], [ 110.817551014472897, -7.551729792433303 ], [ 110.817451025687433, -7.551715495547002 ], [ 110.817270081315527, -7.5517154199043 ], [ 110.817089137851966, -7.551715344187035 ], [ 110.816846289749336, -7.551719994153551 ], [ 110.816693909824806, -7.551734185364139 ], [ 110.8164700895409, -7.551786359259263 ], [ 110.816227207277748, -7.551871786961555 ], [ 110.816017659139561, -7.551952476859714 ], [ 110.815836671336939, -7.55205693631982 ], [ 110.815641385221426, -7.552189899902602 ], [ 110.815469922742395, -7.552289612423817 ], [ 110.815227009738649, -7.552446314221577 ], [ 110.815117450932007, -7.552541300167807 ], [ 110.814998355543224, -7.552664793183223 ], [ 110.814898303960788, -7.552797796739951 ], [ 110.814841109221859, -7.552926066734365 ], [ 110.814786465571075, -7.553062197608543 ], [ 110.814329381399773, -7.552972909768575 ], [ 110.813665190893744, -7.552819386498354 ], [ 110.813015280005189, -7.552680123455498 ], [ 110.812907194468963, -7.552663734315388 ], [ 110.812897435916426, -7.552662254782544 ], [ 110.812507838363899, -7.553424725932162 ], [ 110.812128960234929, -7.554172947077616 ], [ 110.811792967603395, -7.554849911665344 ], [ 110.811517740648583, -7.555398607985837 ], [ 110.811256846301333, -7.55583683431761 ], [ 110.811056758030858, -7.556057698837372 ], [ 110.810920980256611, -7.55621444447118 ], [ 110.810879639360309, -7.556248791161987 ], [ 110.810871754582564, -7.556255342257271 ], [ 110.810868986678102, -7.556502137463673 ], [ 110.81088150195373, -7.556659893468959 ], [ 110.810756333157727, -7.557058976888182 ], [ 110.810423827484101, -7.55791769234516 ], [ 110.810280802413956, -7.558313203827531 ], [ 110.810156240707173, -7.558681402572075 ], [ 110.807686077991633, -7.559177278003414 ], [ 110.805993597237318, -7.559514276102616 ], [ 110.805185068917567, -7.559689841067806 ], [ 110.803064176825927, -7.560150365902044 ], [ 110.801198619852656, -7.560530436707447 ], [ 110.801040832888106, -7.560540523105733 ], [ 110.800765989310975, -7.560537857683859 ], [ 110.800620930345104, -7.560540331462517 ], [ 110.800480752402422, -7.560563569086934 ], [ 110.800232599601614, -7.560626306806292 ], [ 110.800032173473667, -7.560664306399801 ], [ 110.799723467774697, -7.560735989395914 ], [ 110.799606499720468, -7.560763149647666 ], [ 110.799329722907899, -7.560812541263113 ], [ 110.79913487201344, -7.560845708084075 ], [ 110.799039585154731, -7.560861927453037 ], [ 110.798862076551814, -7.560871368969042 ], [ 110.798661667857104, -7.560871276548531 ], [ 110.798371545931701, -7.560888283263969 ], [ 110.798066146939078, -7.5609205201751 ], [ 110.797829464028482, -7.560943265414624 ], [ 110.797686303676585, -7.560967958916524 ], [ 110.797216731891467, -7.56106106529568 ], [ 110.797218739639632, -7.560849657697644 ], [ 110.797201559717209, -7.560853458852172 ], [ 110.797209329353151, -7.560563965237304 ], [ 110.797191375590927, -7.560541878183655 ], [ 110.797092670963551, -7.560397559942568 ], [ 110.796992545480165, -7.5602289569705 ], [ 110.796993319552072, -7.56022524045822 ], [ 110.797048498427912, -7.559960436477355 ], [ 110.797088578077464, -7.5599647409599 ], [ 110.797095026607749, -7.559949824907944 ], [ 110.797502561338263, -7.559183100989642 ], [ 110.797826004214841, -7.558655046132508 ], [ 110.798396543391576, -7.557593820291167 ], [ 110.799150436591901, -7.556253339860753 ], [ 110.799453522270994, -7.555712576820866 ], [ 110.799853406121272, -7.554963622519987 ], [ 110.800217601505722, -7.554344164041376 ], [ 110.800749936062246, -7.553328627733086 ], [ 110.800979154596078, -7.552924960627849 ], [ 110.801134523419847, -7.552630454834342 ], [ 110.801266935770727, -7.552450214563049 ], [ 110.801829661821699, -7.551744503697339 ], [ 110.801957958691972, -7.551794163021323 ], [ 110.802043651237327, -7.551833403173637 ], [ 110.802129349375676, -7.55185838820576 ], [ 110.802204337984264, -7.551876241271848 ], [ 110.802243622106573, -7.551876259055763 ], [ 110.802268624250885, -7.551869142366915 ], [ 110.80230434008044, -7.551862031429432 ], [ 110.802336492474168, -7.551837099767565 ], [ 110.802393651859092, -7.551794360305483 ], [ 110.802429385483421, -7.551748048048658 ], [ 110.802475829546381, -7.551708868636694 ], [ 110.802500838148902, -7.551687496830406 ], [ 110.802543702582668, -7.55166613399758 ], [ 110.8026008563631, -7.551637650515818 ], [ 110.802633011957155, -7.551605590826754 ], [ 110.802686593288783, -7.55157710571949 ], [ 110.802740177135959, -7.551545056603678 ], [ 110.80276162226599, -7.551505864967492 ], [ 110.802783075469137, -7.551448855128311 ], [ 110.802811673336265, -7.551388284509501 ], [ 110.802840275133605, -7.551317022785962 ], [ 110.802901055974587, -7.551163809841229 ], [ 110.802940378772504, -7.551078297838379 ], [ 110.802976110665085, -7.551035549534586 ], [ 110.803004695568958, -7.551003488205319 ], [ 110.80304399161335, -7.550974996610035 ], [ 110.803094003836861, -7.550942944932839 ], [ 110.803144017665147, -7.550907330151909 ], [ 110.803190458350187, -7.550875277758655 ], [ 110.803229755277954, -7.550846785241713 ], [ 110.803283341311285, -7.550807608954248 ], [ 110.803326211360229, -7.550775554033751 ], [ 110.803376224243721, -7.550739940129143 ], [ 110.803404805878159, -7.550715006776879 ], [ 110.803433386602862, -7.550690073422224 ], [ 110.803458404758331, -7.55064731935181 ], [ 110.803494139783339, -7.55059744390222 ], [ 110.803551301408035, -7.550551140277044 ], [ 110.803608452462456, -7.550526220658639 ], [ 110.80366559707916, -7.550515554328952 ], [ 110.803740593564868, -7.550515588020003 ], [ 110.803833442625631, -7.550522757719791 ], [ 110.803901292860672, -7.550529915277024 ], [ 110.803976279717105, -7.550551331134063 ], [ 110.804051268884322, -7.550565619877367 ], [ 110.804104830046654, -7.550583463005185 ], [ 110.804129819254413, -7.55060485641846 ], [ 110.804151227319082, -7.55064763043604 ], [ 110.804169067980297, -7.550683275751709 ], [ 110.804190471240844, -7.550736741775225 ], [ 110.804201164052898, -7.550783074991728 ], [ 110.804233287398276, -7.550822290708128 ], [ 110.804254695483394, -7.550865064720765 ], [ 110.804297538218918, -7.550893594129297 ], [ 110.804372513036071, -7.550939956128794 ], [ 110.80444749358098, -7.550975627012864 ], [ 110.804579604393766, -7.551032705650994 ], [ 110.8047224257122, -7.551096916139093 ], [ 110.804897384889841, -7.55116826894017 ], [ 110.805029500613969, -7.551214656341236 ], [ 110.805147339147041, -7.551243219127949 ], [ 110.805233049437902, -7.551243257343914 ], [ 110.805343760196592, -7.551239742678566 ], [ 110.805429477549723, -7.551221962650809 ], [ 110.80560090927267, -7.551197092744399 ], [ 110.805729474245723, -7.55119714992803 ], [ 110.805929457947968, -7.551211493912197 ], [ 110.80616157565342, -7.551243670271641 ], [ 110.806350840963603, -7.551268700414892 ], [ 110.806786500483994, -7.55134373194164 ], [ 110.807272154779682, -7.551425912197053 ], [ 110.807543560636432, -7.551447414049242 ], [ 110.807736400808608, -7.551465317163078 ], [ 110.808089942400187, -7.551493982821899 ], [ 110.808282785762202, -7.551504758593502 ], [ 110.808432776640373, -7.551508388389367 ], [ 110.808679187770466, -7.551522751474934 ], [ 110.808804187598255, -7.551508551083018 ], [ 110.808929190548838, -7.551487223552732 ], [ 110.80900420287044, -7.55145161902331 ], [ 110.809104217195866, -7.551408897396944 ], [ 110.809207802123638, -7.551366178210941 ], [ 110.809350675805817, -7.551312784132596 ], [ 110.80948998260736, -7.551248698247491 ], [ 110.809818577606492, -7.551159747624387 ], [ 110.810036473310277, -7.551045803318111 ], [ 110.810490104928164, -7.550857122539528 ], [ 110.810761581938294, -7.550714690869711 ], [ 110.81113307270688, -7.550529537827967 ], [ 110.811400962342177, -7.550422741532733 ], [ 110.811725995631875, -7.550308841684542 ], [ 110.812118899111042, -7.550155770339537 ], [ 110.812486803509131, -7.550002687906971 ], [ 110.812904719052071, -7.549817553238634 ], [ 110.813372643151652, -7.549603929286173 ], [ 110.813765563746685, -7.549408091081839 ], [ 110.814040614899696, -7.549254967728669 ], [ 110.814222784928347, -7.54916951540338 ], [ 110.814308507634721, -7.549137478497714 ], [ 110.814390654551246, -7.549119695174215 ], [ 110.814469233602168, -7.549091218303553 ], [ 110.814512100256948, -7.549062726262928 ], [ 110.814615425191221, -7.548849005745327 ], [ 110.814657133232686, -7.548863332827186 ], [ 110.814966584179359, -7.548996509912056 ], [ 110.815271287725082, -7.549096423735921 ], [ 110.815618843919097, -7.549201106233293 ], [ 110.815847376415036, -7.549262973867775 ], [ 110.816133047553578, -7.549329617133805 ], [ 110.816404437644948, -7.54938675080275 ], [ 110.816637734984312, -7.549443869228155 ], [ 110.816928168091906, -7.549510513977558 ], [ 110.817118618097325, -7.549548606466554 ], [ 110.817266211583686, -7.549591432661761 ], [ 110.817380481949883, -7.549615238961704 ], [ 110.817537600010525, -7.549653318244236 ], [ 110.817642342988464, -7.549686623007155 ], [ 110.817799450069771, -7.549753211527816 ], [ 110.817975595227864, -7.549838814750422 ], [ 110.818194588016894, -7.549943441654269 ], [ 110.818465949056062, -7.550071849647276 ], [ 110.818937262444535, -7.550290620993801 ], [ 110.819099119825808, -7.550385720360444 ], [ 110.81929430847282, -7.550480834358424 ] ] ] } },
{ "type": "Feature", "properties": { "Kelurahan": "Mangkubumen", "Kecamatan": "Banjarsari" }, "geometry": { "type": "Polygon", "coordinates": [ [ [ 110.812907194468963, -7.552663734315388 ], [ 110.813015280005189, -7.552680123455498 ], [ 110.813665190893744, -7.552819386498354 ], [ 110.814329381399773, -7.552972909768575 ], [ 110.814786465571075, -7.553062197608543 ], [ 110.814753524349172, -7.553197527184049 ], [ 110.814717756973138, -7.553325806244514 ], [ 110.814689124170073, -7.55347190744807 ], [ 110.814656929817218, -7.553596624011883 ], [ 110.814628310031509, -7.55371421498396 ], [ 110.814588974061095, -7.553835365409129 ], [ 110.814578217777324, -7.553935144838847 ], [ 110.81457104124901, -7.554013544472038 ], [ 110.814567434137331, -7.554099072725386 ], [ 110.814581675990269, -7.554198862766562 ], [ 110.814599497905249, -7.554280836111704 ], [ 110.814624468104142, -7.554348558279949 ], [ 110.814667292751849, -7.554419851124033 ], [ 110.814720835115693, -7.55448402050138 ], [ 110.814802944185445, -7.55455532999674 ], [ 110.814877920788831, -7.554601690229076 ], [ 110.814949326758367, -7.554648048935873 ], [ 110.814995733048363, -7.55469796104645 ], [ 110.81504927458802, -7.55476213128889 ], [ 110.81507547700285, -7.554818715986642 ], [ 110.815095545200066, -7.554866834931022 ], [ 110.815117617063052, -7.554926982786752 ], [ 110.815139694045115, -7.554975102579503 ], [ 110.815151727951701, -7.555019208162534 ], [ 110.815165770690584, -7.555065320026566 ], [ 110.81517378619759, -7.555111429339242 ], [ 110.815201890375576, -7.555157547153146 ], [ 110.815225979561717, -7.5551976496868 ], [ 110.815270154019132, -7.55524577882238 ], [ 110.815312327372098, -7.55527586546364 ], [ 110.815344459344374, -7.555297929748752 ], [ 110.815386636111725, -7.55531999827818 ], [ 110.815478784674241, -7.555336073437722 ], [ 110.815555621475411, -7.555342119478024 ], [ 110.815615887878906, -7.555339138138898 ], [ 110.815692728237124, -7.55533466039198 ], [ 110.815781620252764, -7.5553346979006 ], [ 110.815893114194793, -7.555327227945844 ], [ 110.815957904431983, -7.555316730587196 ], [ 110.81602571201347, -7.555294208234777 ], [ 110.816138740766462, -7.555222090165172 ], [ 110.816256289229216, -7.555149973966897 ], [ 110.816378359304053, -7.555073349451989 ], [ 110.816477819551764, -7.55502076972126 ], [ 110.816551660637899, -7.554983214965618 ], [ 110.816691800086573, -7.55492914978067 ], [ 110.816818368869406, -7.554902140873606 ], [ 110.816898224838383, -7.554891649692387 ], [ 110.816970547263651, -7.554882659638809 ], [ 110.817032320453762, -7.55488118212901 ], [ 110.817080532872069, -7.554881202325747 ], [ 110.817122718964825, -7.554881219993621 ], [ 110.817190512517968, -7.554891772143294 ], [ 110.817261317616712, -7.554908340027683 ], [ 110.817300484864504, -7.554921887875797 ], [ 110.817347176813939, -7.554954983004146 ], [ 110.817414950184627, -7.555013645563724 ], [ 110.817570310297342, -7.555193121974733 ], [ 110.817829996045475, -7.555492584211698 ], [ 110.817969193365045, -7.555690429173971 ], [ 110.818014689166787, -7.555781323939359 ], [ 110.818030742412262, -7.555824095074265 ], [ 110.818041424887682, -7.555898938208576 ], [ 110.818060114527711, -7.556040604349449 ], [ 110.818070745567496, -7.556238395690231 ], [ 110.818097408642046, -7.556529742511954 ], [ 110.818105396808605, -7.556642002956083 ], [ 110.818099969903102, -7.556810387272916 ], [ 110.818095585240783, -7.556918627175405 ], [ 110.818094556623876, -7.556944025258185 ], [ 110.818148077444675, -7.557061650676045 ], [ 110.818196253222382, -7.557149872628974 ], [ 110.818228346646748, -7.557264817014385 ], [ 110.818263124359419, -7.557366397495746 ], [ 110.818281826202906, -7.557481335397323 ], [ 110.818284486105313, -7.55752410185108 ], [ 110.817277280784779, -7.557753541667285 ], [ 110.817038878911589, -7.557793534156061 ], [ 110.816771022043568, -7.55781480403153 ], [ 110.816497802137249, -7.557849435600443 ], [ 110.816318336907983, -7.557865397241088 ], [ 110.816184406858724, -7.557878704980144 ], [ 110.816023429359589, -7.557882246400459 ], [ 110.81601995406912, -7.558115212331955 ], [ 110.815950229950388, -7.55812005314346 ], [ 110.815822818343733, -7.558490795168754 ], [ 110.815440889926649, -7.559224143016448 ], [ 110.815438380452662, -7.559239774727008 ], [ 110.815591951821432, -7.559376417888051 ], [ 110.81549451888678, -7.559570663784501 ], [ 110.814738373486861, -7.563346639671085 ], [ 110.814598726935657, -7.564199203001306 ], [ 110.814425414167246, -7.565078701750202 ], [ 110.813297491528672, -7.564843955925383 ], [ 110.813215432156397, -7.564813447661638 ], [ 110.812335624140403, -7.564609279593744 ], [ 110.811955833309341, -7.564531027273777 ], [ 110.811484429830386, -7.564445117663292 ], [ 110.810858437939785, -7.564330571532489 ], [ 110.810864230615579, -7.564176302488522 ], [ 110.810898718965248, -7.56387158346699 ], [ 110.810921763753882, -7.563549718795756 ], [ 110.810937903950546, -7.56337714122601 ], [ 110.810958525892318, -7.563156648756202 ], [ 110.810153169996028, -7.563014496949751 ], [ 110.810046843495172, -7.562995729702591 ], [ 110.809474059064669, -7.562894627703092 ], [ 110.809049601792594, -7.56281970662433 ], [ 110.80855739472922, -7.562737968429365 ], [ 110.807549733886631, -7.562488659142943 ], [ 110.806811792894365, -7.562323269056436 ], [ 110.806819436488041, -7.562302956725102 ], [ 110.807201462003022, -7.561036131988955 ], [ 110.807290945449907, -7.560739396863565 ], [ 110.807347001452015, -7.56055351004526 ], [ 110.807686077991633, -7.559177278003414 ], [ 110.810156240707173, -7.558681402572075 ], [ 110.810280802413956, -7.558313203827531 ], [ 110.810423827484101, -7.55791769234516 ], [ 110.810756333157727, -7.557058976888182 ], [ 110.81088150195373, -7.556659893468959 ], [ 110.810868986678102, -7.556502137463673 ], [ 110.810871754582564, -7.556255342257271 ], [ 110.810879639360309, -7.556248791161987 ], [ 110.810920980256611, -7.55621444447118 ], [ 110.811056758030858, -7.556057698837372 ], [ 110.811256846301333, -7.55583683431761 ], [ 110.811517740648583, -7.555398607985837 ], [ 110.811792967603395, -7.554849911665344 ], [ 110.812128960234929, -7.554172947077616 ], [ 110.812507838363899, -7.553424725932162 ], [ 110.812897435916426, -7.552662254782544 ], [ 110.812907194468963, -7.552663734315388 ] ] ] } },
{ "type": "Feature", "properties": { "Kelurahan": "Nusukan", "Kecamatan": "Banjarsari" }, "geometry": { "type": "Polygon", "coordinates": [ [ [ 110.820560221494176, -7.540538897043197 ], [ 110.820662960804597, -7.540890003021342 ], [ 110.820810830401811, -7.54089006360964 ], [ 110.820815627377897, -7.540890065574319 ], [ 110.821050991344308, -7.541555858936668 ], [ 110.821296338390567, -7.542158728890335 ], [ 110.821697595064336, -7.542947130916207 ], [ 110.822055791646676, -7.543533487368218 ], [ 110.822453783216744, -7.544199345210552 ], [ 110.822785448040307, -7.544742635460886 ], [ 110.822997717066656, -7.545083849460972 ], [ 110.823243182080915, -7.545405206079972 ], [ 110.823863527399581, -7.546107584078968 ], [ 110.824726107632898, -7.546919352239289 ], [ 110.825021377907788, -7.547194359565811 ], [ 110.825326589296338, -7.547509114786715 ], [ 110.825392937393104, -7.547582003547413 ], [ 110.82594386911444, -7.547592159070313 ], [ 110.827321095337581, -7.547612784046127 ], [ 110.828400146833971, -7.547616934904533 ], [ 110.828810857330993, -7.54762268438084 ], [ 110.829512790578619, -7.547650903617691 ], [ 110.829635997383534, -7.547669581288364 ], [ 110.830175458126575, -7.547837457015902 ], [ 110.830248256771611, -7.547863566782199 ], [ 110.830298654122188, -7.547884078497321 ], [ 110.830363980720222, -7.547919500613365 ], [ 110.830388242647501, -7.547940002174665 ], [ 110.830395707995862, -7.547945594414202 ], [ 110.830679553532832, -7.54773891595965 ], [ 110.831644974856943, -7.547100294584913 ], [ 110.832517034552964, -7.546500757029798 ], [ 110.832734812336767, -7.546351929032816 ], [ 110.833666178264806, -7.546509662533392 ], [ 110.833752922374657, -7.545950961023825 ], [ 110.834898123784029, -7.546119015608397 ], [ 110.835230477613962, -7.54612775521854 ], [ 110.835197024193803, -7.546633426771305 ], [ 110.835899694030928, -7.546756283085569 ], [ 110.835849206852885, -7.547076973466468 ], [ 110.835787423741905, -7.547355207168905 ], [ 110.835885932567749, -7.547629953339655 ], [ 110.836096085967952, -7.547592944777182 ], [ 110.836152400914671, -7.547611362150622 ], [ 110.836229123133009, -7.547680797733183 ], [ 110.836206583837054, -7.547750241347639 ], [ 110.835984163520124, -7.547903922356643 ], [ 110.836046816602774, -7.548078663753671 ], [ 110.836257746090226, -7.548099644744253 ], [ 110.836260606093219, -7.548268111313172 ], [ 110.836260981216711, -7.548290214646474 ], [ 110.8361817190236, -7.548307279529329 ], [ 110.83607074870072, -7.548426904526354 ], [ 110.836070688980442, -7.548585464040458 ], [ 110.836171212570065, -7.548607002479964 ], [ 110.836195175370051, -7.548664451719824 ], [ 110.836238336335327, -7.54869079452811 ], [ 110.836259891604868, -7.548769783411526 ], [ 110.836370212396972, -7.548784184793053 ], [ 110.836434882825202, -7.549013970033664 ], [ 110.83644130332425, -7.549100986738458 ], [ 110.836419669575832, -7.549139018565388 ], [ 110.836380631628572, -7.549128435849139 ], [ 110.836249984992406, -7.549602665236825 ], [ 110.836233106064256, -7.549841993008811 ], [ 110.836088107567022, -7.549820757212544 ], [ 110.836091644433822, -7.549903135101228 ], [ 110.836085633434536, -7.550002187887209 ], [ 110.836092207181366, -7.550086499077877 ], [ 110.836045478758649, -7.550746695296457 ], [ 110.836046013272835, -7.550778787863551 ], [ 110.836019878157103, -7.550775052128563 ], [ 110.83600292257789, -7.551181170054203 ], [ 110.83600474007028, -7.551313440709026 ], [ 110.836038291552725, -7.55145317512818 ], [ 110.836142316882899, -7.551750821589942 ], [ 110.836206294206562, -7.551963572606193 ], [ 110.836282877057343, -7.552166896376189 ], [ 110.83644169309558, -7.552575909633956 ], [ 110.836468603876682, -7.552802534605462 ], [ 110.836485007474124, -7.553408138250158 ], [ 110.836465330928959, -7.553978121750653 ], [ 110.836429883887519, -7.5539751939499 ], [ 110.833090761515919, -7.553564447816616 ], [ 110.831313140205737, -7.553352580250393 ], [ 110.830034956703486, -7.553174690336941 ], [ 110.829137693903618, -7.553039182074452 ], [ 110.828494392717559, -7.552895324885401 ], [ 110.827783356153788, -7.552785228478667 ], [ 110.827504030221348, -7.552717539619289 ], [ 110.827021528831267, -7.552675111717394 ], [ 110.826539034284295, -7.552615788625962 ], [ 110.826090390500866, -7.552581820925595 ], [ 110.825641740026256, -7.552564747423887 ], [ 110.825040701729279, -7.552581401776333 ], [ 110.824507399447398, -7.552564293198558 ], [ 110.824160344990972, -7.552513469660786 ], [ 110.823770975416537, -7.552437286339901 ], [ 110.823288502247436, -7.552327275706094 ], [ 110.822941479994483, -7.552200424804668 ], [ 110.822188219964673, -7.551845329236546 ], [ 110.821570380484388, -7.551549419472848 ], [ 110.821020232773549, -7.551329562091757 ], [ 110.820393922267684, -7.551050541879579 ], [ 110.819826866495731, -7.550779993002929 ], [ 110.81929430847282, -7.550480834358424 ], [ 110.819099119825808, -7.550385720360444 ], [ 110.818937262444535, -7.550290620993801 ], [ 110.818465949056062, -7.550071849647276 ], [ 110.818194588016894, -7.549943441654269 ], [ 110.817975595227864, -7.549838814750422 ], [ 110.817799450069771, -7.549753211527816 ], [ 110.817642342988464, -7.549686623007155 ], [ 110.817537600010525, -7.549653318244236 ], [ 110.817380481949883, -7.549615238961704 ], [ 110.817266211583686, -7.549591432661761 ], [ 110.817118618097325, -7.549548606466554 ], [ 110.816928168091906, -7.549510513977558 ], [ 110.816637734984312, -7.549443869228155 ], [ 110.816404437644948, -7.54938675080275 ], [ 110.816133047553578, -7.549329617133805 ], [ 110.815847376415036, -7.549262973867775 ], [ 110.815618843919097, -7.549201106233293 ], [ 110.815271287725082, -7.549096423735921 ], [ 110.814966584179359, -7.548996509912056 ], [ 110.814657133232686, -7.548863332827186 ], [ 110.814615425191221, -7.548849005745327 ], [ 110.814611968403312, -7.548847818387814 ], [ 110.814504783517322, -7.54881100033056 ], [ 110.814269733155811, -7.54873179405435 ], [ 110.814080181979065, -7.548592130176464 ], [ 110.813851697465907, -7.548417410216647 ], [ 110.813605368115205, -7.548217736300646 ], [ 110.813387606758624, -7.548021637548037 ], [ 110.813066315453952, -7.54774352953476 ], [ 110.812702182489403, -7.547436892701927 ], [ 110.812555806499788, -7.547333481035269 ], [ 110.812309444558636, -7.54721220908867 ], [ 110.812180908390033, -7.5471480063057 ], [ 110.811991687562312, -7.54702319472487 ], [ 110.811870304357683, -7.546934048699417 ], [ 110.811731074804314, -7.546823512732032 ], [ 110.811616849205492, -7.546698733283924 ], [ 110.811527612392808, -7.546598909905093 ], [ 110.81144907438339, -7.546531165363064 ], [ 110.811334832860624, -7.54644558627843 ], [ 110.81119560514577, -7.546331487045058 ], [ 110.811034961866071, -7.546188868278513 ], [ 110.810967146201705, -7.546103309163832 ], [ 110.81093146966019, -7.546021327943843 ], [ 110.810906522155534, -7.545903714020403 ], [ 110.810881577759318, -7.545778972990179 ], [ 110.81087452238701, -7.545579400103658 ], [ 110.810849735921749, -7.545091158613459 ], [ 110.810851799523206, -7.545023267913282 ], [ 110.810852822133967, -7.544989610212355 ], [ 110.810842151957473, -7.544889821580727 ], [ 110.810813633060079, -7.544772205198607 ], [ 110.81077080686596, -7.544708039994244 ], [ 110.810703002322029, -7.544597534614204 ], [ 110.810674461787997, -7.544529811578819 ], [ 110.810656635678669, -7.544462093180883 ], [ 110.81064237704058, -7.544401503433655 ], [ 110.810640992234141, -7.544346676848418 ], [ 110.810640847870744, -7.54434096442657 ], [ 110.810638866004695, -7.54426251564249 ], [ 110.810674621369472, -7.544162747105155 ], [ 110.810731808363769, -7.544052295822742 ], [ 110.810899735167027, -7.543867054639557 ], [ 110.81108768006014, -7.543753113910775 ], [ 110.811158627865694, -7.543897824193148 ], [ 110.811242735035009, -7.544058861300923 ], [ 110.811355604919882, -7.543992671959222 ], [ 110.812025973925628, -7.544085694421891 ], [ 110.812673107190264, -7.544188641708667 ], [ 110.813608947518745, -7.544371197578455 ], [ 110.814116673496486, -7.544510513962504 ], [ 110.814611118983862, -7.544663072468359 ], [ 110.814714119289007, -7.544391537927696 ], [ 110.81466106558473, -7.544278910028212 ], [ 110.814614629302625, -7.544212652290099 ], [ 110.814551633142884, -7.544066901134964 ], [ 110.814554973769802, -7.544017223557524 ], [ 110.814554986462383, -7.543987416166436 ], [ 110.814319457610466, -7.543728986365791 ], [ 110.814283100899516, -7.543374595609396 ], [ 110.814170525514967, -7.542751905893245 ], [ 110.814416176854152, -7.542619533166834 ], [ 110.814787960875321, -7.542447470525594 ], [ 110.815156417623612, -7.542295278658418 ], [ 110.815604532713493, -7.542126559187031 ], [ 110.816069251818107, -7.541934663900204 ], [ 110.816444347107407, -7.541779160273598 ], [ 110.816600350631376, -7.541736170869124 ], [ 110.816875849450724, -7.541653488241927 ], [ 110.816882556153246, -7.541487894965969 ], [ 110.816952315993788, -7.541335575509058 ], [ 110.816998806598065, -7.541272668518503 ], [ 110.817022067438543, -7.541203127638156 ], [ 110.81706857379946, -7.541100477439881 ], [ 110.817111734695445, -7.541064064815707 ], [ 110.817161528984926, -7.54103427822401 ], [ 110.817277706939194, -7.540991271922874 ], [ 110.817364010195121, -7.540958188921702 ], [ 110.817456937553672, -7.54095822770478 ], [ 110.817656072895147, -7.540945062408219 ], [ 110.817699218484123, -7.540945080388576 ], [ 110.817719179144873, -7.540829171619163 ], [ 110.817749081991394, -7.540749697660685 ], [ 110.817822101785595, -7.540736480637391 ], [ 110.817871923201238, -7.540643767528394 ], [ 110.817908457072136, -7.540580856289505 ], [ 110.817954936864808, -7.540541132422569 ], [ 110.818014700919903, -7.540481542471544 ], [ 110.818057877365845, -7.540405386546821 ], [ 110.818114328379835, -7.54033254776835 ], [ 110.818154179344688, -7.540272949518161 ], [ 110.818174095148635, -7.540266333625108 ], [ 110.818230549363406, -7.540183559029091 ], [ 110.818283658777091, -7.540163709484091 ], [ 110.818373377874451, -7.539898793505502 ], [ 110.819329083549562, -7.540180702383653 ], [ 110.820560221494176, -7.540538897043197 ] ] ] } },
{ "type": "Feature", "properties": { "Kelurahan": "Joglo", "Kecamatan": "Banjarsari" }, "geometry": { "type": "Polygon", "coordinates": [ [ [ 110.829979729004521, -7.542098044285303 ], [ 110.830110082636281, -7.542116679342259 ], [ 110.830114879628255, -7.542116681205282 ], [ 110.830209406295268, -7.542116717906173 ], [ 110.830214202380816, -7.542116719767756 ], [ 110.830344568999251, -7.54210438134442 ], [ 110.8304811406461, -7.542098238884465 ], [ 110.830754307998404, -7.542024007917187 ], [ 110.830945625866633, -7.541951084822833 ], [ 110.83120752386678, -7.541881704045894 ], [ 110.831604865881914, -7.541751767198487 ], [ 110.831853197392235, -7.541689915884167 ], [ 110.831945686617502, -7.541674906598239 ], [ 110.83204930786637, -7.541658090615233 ], [ 110.832112365770698, -7.541658114820048 ], [ 110.83222520391935, -7.541664781380016 ], [ 110.832484056996464, -7.541707935450599 ], [ 110.832467358890611, -7.541979507536649 ], [ 110.832427517336484, -7.542019235512243 ], [ 110.832377663132235, -7.542204684241883 ], [ 110.832297976133773, -7.54229407507358 ], [ 110.83220168903469, -7.542400020409319 ], [ 110.832098752378471, -7.542535769691213 ], [ 110.832101736449928, -7.543403495089359 ], [ 110.832589543966606, -7.543572590824635 ], [ 110.833196886063604, -7.543596006134949 ], [ 110.833847284782308, -7.54385127220297 ], [ 110.83421232619321, -7.543937520479179 ], [ 110.834647051479777, -7.54405691477345 ], [ 110.834672286384404, -7.544064570653759 ], [ 110.835135671795953, -7.544205155834141 ], [ 110.835154268138666, -7.544501571807348 ], [ 110.835488977166335, -7.545163974173261 ], [ 110.835475527442426, -7.545484265076424 ], [ 110.835230762063375, -7.546123445949206 ], [ 110.835230477613962, -7.54612775521854 ], [ 110.834898123784029, -7.546119015608397 ], [ 110.833752922374657, -7.545950961023825 ], [ 110.833666178264806, -7.546509662533392 ], [ 110.832734812336767, -7.546351929032816 ], [ 110.832517034552964, -7.546500757029798 ], [ 110.831644974856943, -7.547100294584913 ], [ 110.830679553532832, -7.54773891595965 ], [ 110.830395707995862, -7.547945594414202 ], [ 110.830388242647501, -7.547940002174665 ], [ 110.830363980720222, -7.547919500613365 ], [ 110.830298654122188, -7.547884078497321 ], [ 110.830248256771611, -7.547863566782199 ], [ 110.830175458126575, -7.547837457015902 ], [ 110.829635997383534, -7.547669581288364 ], [ 110.829512790578619, -7.547650903617691 ], [ 110.828810857330993, -7.54762268438084 ], [ 110.828400146833971, -7.547616934904533 ], [ 110.827321095337581, -7.547612784046127 ], [ 110.82594386911444, -7.547592159070313 ], [ 110.825392937393104, -7.547582003547413 ], [ 110.825326589296338, -7.547509114786715 ], [ 110.825021377907788, -7.547194359565811 ], [ 110.824726107632898, -7.546919352239289 ], [ 110.823863527399581, -7.546107584078968 ], [ 110.823243182080915, -7.545405206079972 ], [ 110.822997717066656, -7.545083849460972 ], [ 110.822785448040307, -7.544742635460886 ], [ 110.822453783216744, -7.544199345210552 ], [ 110.822055791646676, -7.543533487368218 ], [ 110.821697595064336, -7.542947130916207 ], [ 110.821296338390567, -7.542158728890335 ], [ 110.821050991344308, -7.541555858936668 ], [ 110.820815627377897, -7.540890065574319 ], [ 110.820878354354235, -7.540867853296374 ], [ 110.820903198597549, -7.540836890064846 ], [ 110.820928044477228, -7.540799731428252 ], [ 110.820841264285207, -7.540489959160048 ], [ 110.820796152267846, -7.540358580747539 ], [ 110.820816489748424, -7.540353664594329 ], [ 110.820828945340111, -7.540254554081401 ], [ 110.820866209475298, -7.540211206032014 ], [ 110.820915880793976, -7.540186447461464 ], [ 110.821208870377106, -7.540179589424465 ], [ 110.822652170569967, -7.540155579725297 ], [ 110.822904750031654, -7.540151584323729 ], [ 110.823180304693665, -7.540147224473807 ], [ 110.823943913930094, -7.540138118527184 ], [ 110.82405838671572, -7.540138164572842 ], [ 110.824269439497343, -7.540156833795638 ], [ 110.824641359023417, -7.540232732676334 ], [ 110.824877740005107, -7.540280972227761 ], [ 110.825109527041235, -7.54034746586494 ], [ 110.825597931550362, -7.540488185899395 ], [ 110.826249845186396, -7.540683193051368 ], [ 110.826766355467498, -7.540846057806783 ], [ 110.826928753437912, -7.540897264708889 ], [ 110.827279224112957, -7.54101091329185 ], [ 110.82729383163101, -7.541015650869016 ], [ 110.827590959700998, -7.541112001744747 ], [ 110.827819813848194, -7.541186572434395 ], [ 110.828428080316883, -7.541403627112035 ], [ 110.828887373190952, -7.54159584470197 ], [ 110.829203173602863, -7.541746909347749 ], [ 110.829675591167359, -7.541998810317377 ], [ 110.82991877363078, -7.542078156210294 ], [ 110.829979729004521, -7.542098044285303 ] ] ] } },
{ "type": "Feature", "properties": { "Kelurahan": "Banjarsari", "Kecamatan": "Banjarsari" }, "geometry": { "type": "Polygon", "coordinates": [ [ [ 110.819556515827557, -7.528425004692691 ], [ 110.81967633137063, -7.528478373050242 ], [ 110.819811087425137, -7.528510381550622 ], [ 110.819831675925357, -7.528515271986167 ], [ 110.8198500266639, -7.528519630517553 ], [ 110.820014757687673, -7.52852935721898 ], [ 110.820456638233438, -7.528555448121376 ], [ 110.821292471231544, -7.528604798546933 ], [ 110.821525975695934, -7.52863990061641 ], [ 110.8218013921161, -7.528698753746447 ], [ 110.821851969346739, -7.528707423820981 ], [ 110.821855968249054, -7.528708109302516 ], [ 110.822040910244809, -7.528739811876425 ], [ 110.822492043986784, -7.528828431165877 ], [ 110.823066756871555, -7.528898309254246 ], [ 110.823426072979757, -7.52898675934222 ], [ 110.823755567822019, -7.529063359020859 ], [ 110.823984612130261, -7.529116607313053 ], [ 110.82416772453702, -7.529159176684842 ], [ 110.824402836959578, -7.529213834708377 ], [ 110.824403516263033, -7.529212879753364 ], [ 110.824485736428059, -7.529097334720107 ], [ 110.824565005526523, -7.528956179170819 ], [ 110.824722288206303, -7.528669233402014 ], [ 110.824726679576301, -7.528669975097863 ], [ 110.824727310411049, -7.52867008118502 ], [ 110.824843074001976, -7.528689627317213 ], [ 110.824909860928955, -7.528739246225729 ], [ 110.82500217535538, -7.528837319636194 ], [ 110.825026766388319, -7.528863444429975 ], [ 110.825243699706334, -7.529012250665616 ], [ 110.825398006192188, -7.529098990916998 ], [ 110.825633482899789, -7.529281277109486 ], [ 110.825681018837003, -7.529318075893646 ], [ 110.826179292419397, -7.529656503921886 ], [ 110.826627408131756, -7.529963286831685 ], [ 110.826835096512426, -7.530103942973058 ], [ 110.827122675927669, -7.530298704920869 ], [ 110.827123037878593, -7.530295703695983 ], [ 110.827124179205242, -7.530286242330082 ], [ 110.827129860367904, -7.530239161633245 ], [ 110.827163114599585, -7.529953635950558 ], [ 110.827186536785391, -7.529752527315209 ], [ 110.827186284192805, -7.529669370873947 ], [ 110.827185733161983, -7.529488357782896 ], [ 110.827192082704698, -7.529316779377832 ], [ 110.827194676572788, -7.529246700541545 ], [ 110.827218205070821, -7.528912005738504 ], [ 110.827218483098179, -7.528908052871079 ], [ 110.82722234358873, -7.528853133340299 ], [ 110.827227016463269, -7.528854892765042 ], [ 110.827374092405378, -7.528910254418269 ], [ 110.827499224170381, -7.528957356788585 ], [ 110.827570440233643, -7.528984164655694 ], [ 110.827980999913351, -7.529125555858048 ], [ 110.828105693826885, -7.529168498666187 ], [ 110.828200246567192, -7.529201061424485 ], [ 110.828843146658841, -7.529414192160945 ], [ 110.829606368376133, -7.529669456677595 ], [ 110.829689208468324, -7.529697162441999 ], [ 110.830248933394074, -7.529880780626652 ], [ 110.830249478092227, -7.529880959942868 ], [ 110.830705058179134, -7.530030412229298 ], [ 110.830850079483696, -7.530077986290191 ], [ 110.831236242900758, -7.530209649058531 ], [ 110.832023976955554, -7.530478226914346 ], [ 110.83203976229855, -7.530483608835342 ], [ 110.833108785278696, -7.530810518884279 ], [ 110.834158342782288, -7.53113147323593 ], [ 110.83406752799381, -7.531459330679483 ], [ 110.834064882468823, -7.531546524953105 ], [ 110.834111002802359, -7.531587598213564 ], [ 110.83415646623294, -7.531594615908596 ], [ 110.834351323896072, -7.531624696994954 ], [ 110.834920438227442, -7.531711222454019 ], [ 110.83515648130215, -7.531735716691857 ], [ 110.835308563468814, -7.531789360724217 ], [ 110.835316970486332, -7.531792326357271 ], [ 110.835333627728772, -7.531798201480497 ], [ 110.835242121204914, -7.532061113383594 ], [ 110.835220874746554, -7.532122156740018 ], [ 110.83514164117733, -7.532399774330504 ], [ 110.835112525051528, -7.532513336859573 ], [ 110.835125582504773, -7.532651984561659 ], [ 110.835124726526516, -7.532777461889911 ], [ 110.83512465940845, -7.532777571317808 ], [ 110.835129455392448, -7.532777573123274 ], [ 110.834813755734984, -7.533293214647342 ], [ 110.834747347916192, -7.533379300283778 ], [ 110.834684266441698, -7.533442202995929 ], [ 110.834604581198732, -7.533534906869547 ], [ 110.834528208478957, -7.533640859429479 ], [ 110.834362172606603, -7.533895815274 ], [ 110.834252565186972, -7.534127609148049 ], [ 110.834248298071572, -7.534126486768753 ], [ 110.834247768281884, -7.534127607332313 ], [ 110.83406297990949, -7.534079004370975 ], [ 110.833727877430235, -7.534965327447058 ], [ 110.833677956427223, -7.535329620112115 ], [ 110.833609685423909, -7.535529442041635 ], [ 110.833749691606343, -7.535636672470219 ], [ 110.833662778922488, -7.536001874639146 ], [ 110.833774197087138, -7.536521938775179 ], [ 110.833744194562996, -7.536837900497325 ], [ 110.83355830117641, -7.537211544465197 ], [ 110.83352662743296, -7.53726514093646 ], [ 110.833205629663595, -7.537375981594696 ], [ 110.832966247409828, -7.538015156277723 ], [ 110.832930097566347, -7.538099241377127 ], [ 110.832925685340186, -7.538098232000388 ], [ 110.832925301524355, -7.538099239546293 ], [ 110.832738407326318, -7.538056492296756 ], [ 110.832507461489016, -7.538721048561315 ], [ 110.832382183201901, -7.539081539169147 ], [ 110.832076562332603, -7.539833229209636 ], [ 110.831895902610384, -7.540197969772111 ], [ 110.831762268212586, -7.540467768263601 ], [ 110.831480053329528, -7.54103753855222 ], [ 110.831282741503372, -7.541435896216406 ], [ 110.831664590271444, -7.541546577379513 ], [ 110.83204930786637, -7.541658090615233 ], [ 110.831945686617502, -7.541674906598239 ], [ 110.831853197392235, -7.541689915884167 ], [ 110.831604865881914, -7.541751767198487 ], [ 110.83120752386678, -7.541881704045894 ], [ 110.830945625866633, -7.541951084822833 ], [ 110.830754307998404, -7.542024007917187 ], [ 110.8304811406461, -7.542098238884465 ], [ 110.830344568999251, -7.54210438134442 ], [ 110.830214202380816, -7.542116719767756 ], [ 110.830209406295268, -7.542116717906173 ], [ 110.830114879628255, -7.542116681205282 ], [ 110.830110082636281, -7.542116679342259 ], [ 110.829979729004521, -7.542098044285303 ], [ 110.82991877363078, -7.542078156210294 ], [ 110.829675591167359, -7.541998810317377 ], [ 110.829203173602863, -7.541746909347749 ], [ 110.828887373190952, -7.54159584470197 ], [ 110.828428080316883, -7.541403627112035 ], [ 110.827819813848194, -7.541186572434395 ], [ 110.827590959700998, -7.541112001744747 ], [ 110.82729383163101, -7.541015650869016 ], [ 110.827279224112957, -7.54101091329185 ], [ 110.826928753437912, -7.540897264708889 ], [ 110.826766355467498, -7.540846057806783 ], [ 110.826249845186396, -7.540683193051368 ], [ 110.825597931550362, -7.540488185899395 ], [ 110.825109527041235, -7.54034746586494 ], [ 110.824877740005107, -7.540280972227761 ], [ 110.824641359023417, -7.540232732676334 ], [ 110.824269439497343, -7.540156833795638 ], [ 110.82405838671572, -7.540138164572842 ], [ 110.823943913930094, -7.540138118527184 ], [ 110.823180304693665, -7.540147224473807 ], [ 110.822904750031654, -7.540151584323729 ], [ 110.822652170569967, -7.540155579725297 ], [ 110.821208870377106, -7.540179589424465 ], [ 110.820915880793976, -7.540186447461464 ], [ 110.820866209475298, -7.540211206032014 ], [ 110.820828945340111, -7.540254554081401 ], [ 110.820816489748424, -7.540353664594329 ], [ 110.820796152267846, -7.540358580747539 ], [ 110.820841264285207, -7.540489959160048 ], [ 110.820928044477228, -7.540799731428252 ], [ 110.820903198597549, -7.540836890064846 ], [ 110.820878354354235, -7.540867853296374 ], [ 110.820815627377897, -7.540890065574319 ], [ 110.820815185661402, -7.540888521291373 ], [ 110.820792628277246, -7.540809602739401 ], [ 110.820764570272743, -7.540711440811205 ], [ 110.820694085881456, -7.54046484949878 ], [ 110.820664265585251, -7.540360522192623 ], [ 110.820505404964948, -7.539804744938805 ], [ 110.820371964047851, -7.539337895544149 ], [ 110.820098135956627, -7.538351556799651 ], [ 110.820064415874754, -7.538226490563228 ], [ 110.820063369616292, -7.538222613143132 ], [ 110.819777120292613, -7.537160937329376 ], [ 110.819559223769787, -7.536395322927577 ], [ 110.81942654072364, -7.53594180690517 ], [ 110.819347795818999, -7.535672651956013 ], [ 110.819190675596076, -7.535135606754671 ], [ 110.818970907770492, -7.534384423691312 ], [ 110.818416905594461, -7.532519811462874 ], [ 110.817429833298831, -7.529333854434712 ], [ 110.81739711257849, -7.529228348833895 ], [ 110.817369843965409, -7.529140423125272 ], [ 110.817347636402161, -7.529068815270426 ], [ 110.817317863993992, -7.528972815219128 ], [ 110.817283635244465, -7.528862446911899 ], [ 110.817264262828232, -7.528799980924091 ], [ 110.817244450483614, -7.52873610000298 ], [ 110.817224246190079, -7.52867095161353 ], [ 110.817212714719489, -7.528633767128717 ], [ 110.817212459459427, -7.528632922152983 ], [ 110.817261504897161, -7.528623822724497 ], [ 110.817414357763283, -7.528584255378228 ], [ 110.817489160736287, -7.528559124089748 ], [ 110.817508393402136, -7.528552662608196 ], [ 110.817580500191241, -7.528552445683574 ], [ 110.817657466370704, -7.528552214486904 ], [ 110.817810355073163, -7.528524372969393 ], [ 110.817835321998956, -7.528519664202254 ], [ 110.817849348859141, -7.528517925115671 ], [ 110.817916133716906, -7.528509647100585 ], [ 110.817986831571105, -7.528788410068034 ], [ 110.818260436072009, -7.528724233961947 ], [ 110.818206982301732, -7.528473077553772 ], [ 110.818206894550016, -7.528472664128418 ], [ 110.818257967521731, -7.528468203164087 ], [ 110.818262126208921, -7.52846826097223 ], [ 110.818294966060336, -7.528468716925888 ], [ 110.818311160285432, -7.528468942546781 ], [ 110.818492745720917, -7.528471466471455 ], [ 110.818493173581331, -7.528471407851558 ], [ 110.818696638456473, -7.528443451282948 ], [ 110.818802915801399, -7.528384561533889 ], [ 110.81881019249974, -7.528380529251318 ], [ 110.818888352231369, -7.528282474401197 ], [ 110.819009707306662, -7.528207782547612 ], [ 110.819119529424924, -7.528199634286874 ], [ 110.819120852707471, -7.52819989444496 ], [ 110.819335412140219, -7.528242021084015 ], [ 110.819437567532972, -7.528304293153901 ], [ 110.819516953067406, -7.528384856200243 ], [ 110.819556515827557, -7.528425004692691 ] ] ] } },
{ "type": "Feature", "properties": { "Kelurahan": "Kadipiro", "Kecamatan": "Banjarsari" }, "geometry": { "type": "Polygon", "coordinates": [ [ [ 110.813800451401264, -7.523148768397805 ], [ 110.813799550512087, -7.523152801497356 ], [ 110.813777828366128, -7.523250035464219 ], [ 110.813892163603128, -7.52324325358906 ], [ 110.814022069779881, -7.523303551323576 ], [ 110.814191105714954, -7.523396963856045 ], [ 110.814554031716028, -7.523232012474615 ], [ 110.814625094885017, -7.523251830917742 ], [ 110.814744323801534, -7.52332430126215 ], [ 110.814806415452693, -7.52329444498559 ], [ 110.814852295530159, -7.523256556501032 ], [ 110.814914427675248, -7.523240189189289 ], [ 110.815055734539399, -7.523235147028957 ], [ 110.815193543710606, -7.52320609693746 ], [ 110.815291180022399, -7.523190513418785 ], [ 110.815381157152459, -7.523176876908876 ], [ 110.815444446762569, -7.523203420146758 ], [ 110.81549804593773, -7.523197527711592 ], [ 110.815592066300638, -7.523199646869455 ], [ 110.815604344565486, -7.523199923404063 ], [ 110.815707195564642, -7.523536453516125 ], [ 110.815818792430179, -7.523918963005591 ], [ 110.815980761000489, -7.524474130994893 ], [ 110.816211748654894, -7.525223427094521 ], [ 110.816231821623248, -7.525294071652032 ], [ 110.816352560049353, -7.52571900559137 ], [ 110.816446784148923, -7.526050620988832 ], [ 110.816779924685918, -7.527215697653788 ], [ 110.817049188223947, -7.528094695815648 ], [ 110.817058893701073, -7.528126378846773 ], [ 110.817093064739794, -7.528237928518119 ], [ 110.81716276700098, -7.528468524599306 ], [ 110.817212459459427, -7.528632922152983 ], [ 110.817212714719489, -7.528633767128717 ], [ 110.817224246190079, -7.52867095161353 ], [ 110.817244450483614, -7.52873610000298 ], [ 110.817264262828232, -7.528799980924091 ], [ 110.817283635244465, -7.528862446911899 ], [ 110.817317863993992, -7.528972815219128 ], [ 110.817347636402161, -7.529068815270426 ], [ 110.817369843965409, -7.529140423125272 ], [ 110.81739711257849, -7.529228348833895 ], [ 110.817429833298831, -7.529333854434712 ], [ 110.818416905594461, -7.532519811462874 ], [ 110.818970907770492, -7.534384423691312 ], [ 110.819190675596076, -7.535135606754671 ], [ 110.819347795818999, -7.535672651956013 ], [ 110.81942654072364, -7.53594180690517 ], [ 110.819559223769787, -7.536395322927577 ], [ 110.819777120292613, -7.537160937329376 ], [ 110.820063369616292, -7.538222613143132 ], [ 110.820064415874754, -7.538226490563228 ], [ 110.820098135956627, -7.538351556799651 ], [ 110.820371964047851, -7.539337895544149 ], [ 110.820505404964948, -7.539804744938805 ], [ 110.820664265585251, -7.540360522192623 ], [ 110.820694085881456, -7.54046484949878 ], [ 110.820764570272743, -7.540711440811205 ], [ 110.820792628277246, -7.540809602739401 ], [ 110.820815185661402, -7.540888521291373 ], [ 110.820815627377897, -7.540890065574319 ], [ 110.820810830401811, -7.54089006360964 ], [ 110.820662960804597, -7.540890003021342 ], [ 110.820560221494176, -7.540538897043197 ], [ 110.819329083549562, -7.540180702383653 ], [ 110.818373377874451, -7.539898793505502 ], [ 110.818283658777091, -7.540163709484091 ], [ 110.818230549363406, -7.540183559029091 ], [ 110.818174095148635, -7.540266333625108 ], [ 110.818154179344688, -7.540272949518161 ], [ 110.818114328379835, -7.54033254776835 ], [ 110.818057877365845, -7.540405386546821 ], [ 110.818014700919903, -7.540481542471544 ], [ 110.817954936864808, -7.540541132422569 ], [ 110.817908457072136, -7.540580856289505 ], [ 110.817871923201238, -7.540643767528394 ], [ 110.817822101785595, -7.540736480637391 ], [ 110.817749081991394, -7.540749697660685 ], [ 110.817719179144873, -7.540829171619163 ], [ 110.817699218484123, -7.540945080388576 ], [ 110.817656072895147, -7.540945062408219 ], [ 110.817456937553672, -7.54095822770478 ], [ 110.817364010195121, -7.540958188921702 ], [ 110.817277706939194, -7.540991271922874 ], [ 110.817161528984926, -7.54103427822401 ], [ 110.817111734695445, -7.541064064815707 ], [ 110.81706857379946, -7.541100477439881 ], [ 110.817022067438543, -7.541203127638156 ], [ 110.816998806598065, -7.541272668518503 ], [ 110.816952315993788, -7.541335575509058 ], [ 110.816882556153246, -7.541487894965969 ], [ 110.816875849450724, -7.541653488241927 ], [ 110.816600350631376, -7.541736170869124 ], [ 110.816444347107407, -7.541779160273598 ], [ 110.816069251818107, -7.541934663900204 ], [ 110.815604532713493, -7.542126559187031 ], [ 110.815156417623612, -7.542295278658418 ], [ 110.814787960875321, -7.542447470525594 ], [ 110.814416176854152, -7.542619533166834 ], [ 110.814170525514967, -7.542751905893245 ], [ 110.814283100899516, -7.543374595609396 ], [ 110.814319457610466, -7.543728986365791 ], [ 110.814554986462383, -7.543987416166436 ], [ 110.814554973769802, -7.544017223557524 ], [ 110.814551633142884, -7.544066901134964 ], [ 110.814614629302625, -7.544212652290099 ], [ 110.81466106558473, -7.544278910028212 ], [ 110.814714119289007, -7.544391537927696 ], [ 110.814611118983862, -7.544663072468359 ], [ 110.814116673496486, -7.544510513962504 ], [ 110.813608947518745, -7.544371197578455 ], [ 110.812673107190264, -7.544188641708667 ], [ 110.812025973925628, -7.544085694421891 ], [ 110.811355604919882, -7.543992671959222 ], [ 110.811242735035009, -7.544058861300923 ], [ 110.811158627865694, -7.543897824193148 ], [ 110.81108768006014, -7.543753113910775 ], [ 110.811164073333686, -7.543706800353244 ], [ 110.811385530214181, -7.543607111892894 ], [ 110.811514114581627, -7.54355727486302 ], [ 110.811581983297614, -7.543521666761041 ], [ 110.811624848035535, -7.543496738992805 ], [ 110.811653428725108, -7.543471805069061 ], [ 110.811667725096555, -7.543443301891111 ], [ 110.811703460126978, -7.543389860805451 ], [ 110.811724934217096, -7.543282958009846 ], [ 110.811714256803839, -7.543197423599906 ], [ 110.811710721682417, -7.543115456270341 ], [ 110.811696476802453, -7.543022793216079 ], [ 110.811735236999468, -7.542855314278193 ], [ 110.811740054093264, -7.54272702208084 ], [ 110.811754371875551, -7.542651001840659 ], [ 110.811768681439005, -7.542593988422943 ], [ 110.811811559930888, -7.54253698729679 ], [ 110.811849676772283, -7.542479984117829 ], [ 110.811873519855268, -7.542399216262553 ], [ 110.81189261565531, -7.54228518441633 ], [ 110.811883121109361, -7.542218657342379 ], [ 110.811864101242605, -7.542156877878264 ], [ 110.811864123816605, -7.542104610017323 ], [ 110.811849859434517, -7.542057087718262 ], [ 110.811840363753262, -7.541995312349344 ], [ 110.811873729168795, -7.541914548587445 ], [ 110.811897568110254, -7.541843284139958 ], [ 110.811926167768689, -7.541772021737549 ], [ 110.81197382510129, -7.541677008989704 ], [ 110.81205483546168, -7.541529742693748 ], [ 110.812112015087592, -7.541434734923893 ], [ 110.812154903661693, -7.541353975226134 ], [ 110.812212113964662, -7.541187691847613 ], [ 110.81225978754911, -7.541054666317228 ], [ 110.812302680151248, -7.540964403189318 ], [ 110.812364629454024, -7.540850390598168 ], [ 110.812402777666733, -7.540722112670169 ], [ 110.812431377165197, -7.540650850227236 ], [ 110.812436167422035, -7.54058432928299 ], [ 110.812440961768132, -7.540508304925529 ], [ 110.812445762248416, -7.540418025448249 ], [ 110.812422033942951, -7.540232701402136 ], [ 110.812398279966857, -7.540109148634573 ], [ 110.812360254584206, -7.539952327793418 ], [ 110.812298424130987, -7.53979074503006 ], [ 110.812255617635017, -7.539681439202901 ], [ 110.812203291134495, -7.539562624966369 ], [ 110.812136684846635, -7.539434302082884 ], [ 110.812079614100981, -7.539277473039444 ], [ 110.812013016090603, -7.539130143310855 ], [ 110.811936888770589, -7.538997064599725 ], [ 110.811898829682903, -7.538921021826202 ], [ 110.811841722158832, -7.538849722567329 ], [ 110.811765566206063, -7.538783166815885 ], [ 110.811689404117089, -7.538730866171511 ], [ 110.811603712689077, -7.538692816534503 ], [ 110.81148945465479, -7.538650001964719 ], [ 110.811351382488994, -7.538621433127706 ], [ 110.811218066916226, -7.538602368809705 ], [ 110.810937167262082, -7.538530972841747 ], [ 110.810713400652162, -7.538473856532161 ], [ 110.810489610469432, -7.53846900797465 ], [ 110.810318201067886, -7.538454678594363 ], [ 110.810108708110107, -7.538421326700401 ], [ 110.809961104642383, -7.538411759216737 ], [ 110.809880166738679, -7.538392717234934 ], [ 110.809761141147078, -7.538364155269547 ], [ 110.809656402426583, -7.538330848683589 ], [ 110.809532622674524, -7.538283278665413 ], [ 110.809446940749254, -7.538226220883502 ], [ 110.809385055505984, -7.538192932889883 ], [ 110.809356564936209, -7.538012357421844 ], [ 110.809347102032689, -7.537874555603802 ], [ 110.809390073863142, -7.53760373063238 ], [ 110.809442594634106, -7.537275890227091 ], [ 110.809495074958463, -7.537038330420978 ], [ 110.80958573915747, -7.536591715708576 ], [ 110.809676354542546, -7.53625438750221 ], [ 110.809852808543894, -7.535617744403589 ], [ 110.80995293833773, -7.535299427078262 ], [ 110.809991086728445, -7.53517114933358 ], [ 110.810019734754562, -7.53499059957992 ], [ 110.810024563723331, -7.534833797123292 ], [ 110.809996051202887, -7.534705490446105 ], [ 110.809972280707797, -7.53461995029186 ], [ 110.809929462849439, -7.534539153576398 ], [ 110.809881876334103, -7.534472609910261 ], [ 110.809758119277575, -7.534377522904169 ], [ 110.809586743541971, -7.534291918575237 ], [ 110.809434398625342, -7.534239584418448 ], [ 110.809282047511985, -7.534201505330331 ], [ 110.809120160852146, -7.534191931375623 ], [ 110.808915414931278, -7.534196593783608 ], [ 110.808653523000743, -7.534220237053933 ], [ 110.808467831607118, -7.534205901652248 ], [ 110.808357836848941, -7.534200929950105 ], [ 110.808260621590733, -7.533850642306679 ], [ 110.808189628453476, -7.533555066395885 ], [ 110.80815668003271, -7.533236005498726 ], [ 110.808150815971047, -7.533080057723832 ], [ 110.808263137693984, -7.532762426341764 ], [ 110.808418945636234, -7.532579101031378 ], [ 110.808580159649139, -7.532385005495194 ], [ 110.808639182430724, -7.532288021543336 ], [ 110.808849148952376, -7.532185220157763 ], [ 110.808989101197952, -7.532098749105877 ], [ 110.809227109533964, -7.532106989446545 ], [ 110.809345590688963, -7.532058231320887 ], [ 110.809388361125485, -7.531939768398883 ], [ 110.809404161480998, -7.531810651465777 ], [ 110.809365872520232, -7.531638680489079 ], [ 110.809206726535081, -7.531331663316534 ], [ 110.809106140040015, -7.531008516886274 ], [ 110.809235724135092, -7.530832662425238 ], [ 110.809566778581541, -7.530624585193788 ], [ 110.809642360622306, -7.530542047944152 ], [ 110.809797119789707, -7.530380564299288 ], [ 110.8100196212268, -7.530242145769387 ], [ 110.810224422408567, -7.530177021328306 ], [ 110.810338066084569, -7.530143103012223 ], [ 110.810494350283363, -7.53010498600443 ], [ 110.810576957574753, -7.530064814471851 ], [ 110.810661254802795, -7.530023821398945 ], [ 110.810714978277645, -7.529959115352689 ], [ 110.810741586879075, -7.529835354457133 ], [ 110.810649380951475, -7.529663524002534 ], [ 110.810577155101697, -7.529609817374374 ], [ 110.810519714781663, -7.529567104947692 ], [ 110.810292921425045, -7.529470976694816 ], [ 110.810179546539729, -7.529422912082276 ], [ 110.810157768504368, -7.529358452899205 ], [ 110.81028143501274, -7.52923974810713 ], [ 110.810502121022594, -7.529099264290831 ], [ 110.810577389596745, -7.529069628729791 ], [ 110.810749874299717, -7.529001716639132 ], [ 110.811013084715754, -7.528914985129997 ], [ 110.81107786518551, -7.528853264360251 ], [ 110.81107071841646, -7.528741252820813 ], [ 110.810996964279028, -7.528683681277403 ], [ 110.810695190552167, -7.528618297097033 ], [ 110.810577617285531, -7.528545080999464 ], [ 110.810506104630974, -7.528500547920481 ], [ 110.810403252832558, -7.528377153470075 ], [ 110.810300055644845, -7.528124690188637 ], [ 110.810207322061871, -7.527762549512614 ], [ 110.810179884371337, -7.527595913005633 ], [ 110.810082616293542, -7.527393789786458 ], [ 110.810017946509717, -7.527203490751981 ], [ 110.809884920117057, -7.527023931880374 ], [ 110.809712331530591, -7.52682640549573 ], [ 110.809611665756947, -7.526686351432334 ], [ 110.809665674846499, -7.526575083753195 ], [ 110.809924742193246, -7.526449545881457 ], [ 110.810244965788456, -7.526320443185696 ], [ 110.810518360022371, -7.526338511755061 ], [ 110.810770214658618, -7.526252460194171 ], [ 110.810971716278999, -7.526141256895063 ], [ 110.81116679916839, -7.52597189045435 ], [ 110.811290125290341, -7.525740257663904 ], [ 110.81134443096613, -7.525555980171126 ], [ 110.811349600225327, -7.525480666023638 ], [ 110.81136522314678, -7.525292392669851 ], [ 110.811305183626359, -7.525050554254085 ], [ 110.811207560967119, -7.524857232583518 ], [ 110.811123583346173, -7.524658442307749 ], [ 110.811166359992924, -7.524577213993551 ], [ 110.811260314522769, -7.524398801624288 ], [ 110.811318997816727, -7.524303175754333 ], [ 110.811355852641441, -7.52428299526007 ], [ 110.81137588475093, -7.524251159367044 ], [ 110.811414346834923, -7.52422427035721 ], [ 110.811471625988077, -7.524149717647588 ], [ 110.811523897184131, -7.524108652703452 ], [ 110.811639528426667, -7.524092349562006 ], [ 110.811758247374797, -7.524079237232335 ], [ 110.811905556313334, -7.524083868534188 ], [ 110.811973527205083, -7.523858497622396 ], [ 110.812015184875833, -7.523826192452983 ], [ 110.812064482156245, -7.52379953417165 ], [ 110.812113735922495, -7.523772875865948 ], [ 110.812168657989901, -7.523736743698064 ], [ 110.812216058829563, -7.523706303480365 ], [ 110.812274814513529, -7.523677734248597 ], [ 110.812350635047835, -7.523641538638114 ], [ 110.812426730880517, -7.523597464319298 ], [ 110.812479796111035, -7.52357079493758 ], [ 110.812506350926967, -7.523557470204012 ], [ 110.812546124077514, -7.52352516960367 ], [ 110.812580229833003, -7.523502344671327 ], [ 110.812635179495828, -7.523475669743639 ], [ 110.812671663201456, -7.523460330239853 ], [ 110.812719078516636, -7.523448826259924 ], [ 110.812760135169441, -7.523439699485762 ], [ 110.812794949685141, -7.523429663662732 ], [ 110.812848048980783, -7.523414355660763 ], [ 110.81288218328271, -7.523401007906161 ], [ 110.812904903528178, -7.523380120202982 ], [ 110.812939003724736, -7.523355391117638 ], [ 110.812974993890791, -7.523332580526043 ], [ 110.812991751801491, -7.523294496190407 ], [ 110.813043093056905, -7.523278160726365 ], [ 110.813089054198983, -7.523267228679028 ], [ 110.813137702794563, -7.523267082971591 ], [ 110.813189165415011, -7.523291211714784 ], [ 110.813227087250027, -7.523312667105015 ], [ 110.813270398336186, -7.523317944726157 ], [ 110.81331897483382, -7.523293515760427 ], [ 110.813345885763823, -7.523242176531391 ], [ 110.813356547419588, -7.523198986900976 ], [ 110.813345642072562, -7.523161268886118 ], [ 110.813345471402471, -7.523104622769821 ], [ 110.813388554280408, -7.52304784761707 ], [ 110.813439821568579, -7.523007229770315 ], [ 110.813510131143076, -7.523004325248388 ], [ 110.813599353695238, -7.522995976905515 ], [ 110.813666997415694, -7.523003855520613 ], [ 110.81371848468865, -7.523036064745161 ], [ 110.813753765314914, -7.52307642359748 ], [ 110.813800451401264, -7.523148768397805 ] ] ] } }
]
}
